월,캠페인유형,캠페인,광고그룹,"총비용(VAT포함,원)",노출수,클릭수,전환수,전환매출액(원),ROAS,CTR,CVR
2025-01,브랜드검색/신제품검색,01.신규 자사명@naver_brandsearch,신규_MO_자사명@cpd_hejhome_h,0,58509,19770,11633,186082550,inf,0.3378967338,0.5884167931
2025-01,브랜드검색/신제품검색,01.신규 자사명@naver_brandsearch,신규_PC_자사명@cpd_hejhome_h,0,10163,4983,3380,62698580,inf,0.4903079799,0.6783062412
2025-01,쇼핑검색,00.브랜드형@naver_shoppingbrand,00-0.자상호@cpc_mc05_h,3322,915,10,5,59900,18.03130644,0.01092896175,0.5
2025-01,쇼핑검색,00.자상호_MO@naver_shoppingsearch,01-1.홈카메라_MO@cpc_mc05_h,5443471,60941,5270,2746,52758300,9.692032896,0.08647708439,0.5210626186
2025-01,쇼핑검색,00.자상호_MO@naver_shoppingsearch,01-4.펫캠_MO@cpc_mc059_h,50600,24455,32,12,360000,7.114624506,0.001308525864,0.375
2025-01,쇼핑검색,00.자상호_MO@naver_shoppingsearch,01-5.베이비캠_MO@cpc_mc05_h,118998,1674,101,45,507900,4.26813896,0.06033452808,0.4455445545
2025-01,쇼핑검색,00.자상호_MO@naver_shoppingsearch,02-1.전동커튼_MO@cpc_curtainset_h,32615,24926,55,0,0,0,0.002206531333,0
2025-01,쇼핑검색,00.자상호_MO@naver_shoppingsearch,03-2.전구_MO@cpc_lb03r_h,31196,3987,130,24,183800,5.891780998,0.0326059694,0.1846153846
2025-01,쇼핑검색,00.자상호_MO@naver_shoppingsearch,04-1.온습도계_MO@cpc_th14_h,44594,916,93,51,661010,14.82284612,0.1015283843,0.5483870968
2025-01,쇼핑검색,00.자상호_MO@naver_shoppingsearch,04-1.온습도센서_MO@cpc_th02_h,45804,1576,47,21,66690,1.455986377,0.02982233503,0.4468085106
2025-01,쇼핑검색,00.자상호_MO@naver_shoppingsearch,07-1.펫급식기_MO@cpc_pf32_h,142791,53777,150,13,997600,6.986434719,0.002789296539,0.08666666667
2025-01,쇼핑검색,00.자상호_PC@naver_shoppingsearch,01-1.홈카메라_PC@cpc_mc05_h,955933,11350,873,440,10186320,10.65589325,0.07691629956,0.5040091638
2025-01,쇼핑검색,00.자상호_PC@naver_shoppingsearch,01-4.펫캠_PC@cpc_mc059_h,2409,486,2,0,0,0,0.004115226337,0
2025-01,쇼핑검색,00.자상호_PC@naver_shoppingsearch,01-5.베이비캠_PC@cpc_mc05_h,1144,17,1,0,0,0,0.05882352941,0
2025-01,쇼핑검색,00.자상호_PC@naver_shoppingsearch,02-1.전동커튼_PC@cpc_curtainset_h,2475,2197,7,0,0,0,0.003186162949,0
2025-01,쇼핑검색,00.자상호_PC@naver_shoppingsearch,03-2.전구_PC@cpc_lb03r_h,3905,377,11,0,0,0,0.02917771883,0
2025-01,쇼핑검색,00.자상호_PC@naver_shoppingsearch,04-1.온습도센서_PC@cpc_th02_h,1397,142,3,0,0,0,0.02112676056,0
2025-01,쇼핑검색,01.브랜드형_쇼검@naver_shoppingbrand, 01-1.홈카메라@cpc_mc05_h,218922,61499,237,111,1722170,7.866591754,0.003853721199,0.4683544304
2025-01,쇼핑검색,01.브랜드형_쇼검@naver_shoppingbrand,01-1.커튼@cpc_curtainset_h,350416,280559,385,0,0,0,0.00137226038,0
2025-01,쇼핑검색,01.펫_MO@naver_shoppingbrand,00-0.브랜드형_급식기_MO@cpc_pf32_h,72754,105808,134,31,347900,4.781867664,0.001266444881,0.2313432836
2025-01,쇼핑검색,01.펫_MO@naver_shoppingbrand,00-0.브랜드형_장난감_MO@cpc_pt40_h,30932,27226,49,3,32900,1.063623432,0.001799750239,0.0612244898
2025-01,쇼핑검색,01.펫_MO@naver_shoppingbrand,00-0.브랜드형_정수기_MO@cpc_pw30_h,26972,10864,68,2,214300,7.945276583,0.006259204713,0.02941176471
2025-01,쇼핑검색,01.펫_PC@naver_shoppingbrand,00-0.브랜드형_급식기_PC@cpc_pf32_h,0,44687,0,0,0,0,0,0
2025-01,쇼핑검색,01.펫_PC@naver_shoppingbrand,00-0.브랜드형_정수기_PC@cpc_pw30_h,330,4773,1,0,0,0,0.0002095118374,0
2025-01,쇼핑검색,01.홈캠_MO@naver_shoppingsearch,1.A01_홈카메라_MO@cpc_mc05_h,580547,94368,477,96,2438670,4.200641809,0.005054679552,0.2012578616
2025-01,쇼핑검색,01.홈캠_MO@naver_shoppingsearch,1.A02_홈캠_MO@cpc_mc05_h,7153729,108735,3838,706,17068920,2.386017139,0.03529682255,0.1839499739
2025-01,쇼핑검색,01.홈캠_MO@naver_shoppingsearch,1.A03_홈CCTV_MO@cpc_mc05_h,1087878,45417,580,50,1404600,1.291137425,0.01277054847,0.08620689655
2025-01,쇼핑검색,01.홈캠_MO@naver_shoppingsearch,1.B01_홈카메라_MO@cpc_mc05_h,8217,3240,7,0,0,0,0.002160493827,0
2025-01,쇼핑검색,01.홈캠_MO@naver_shoppingsearch,1.B02_홈캠_MO@cpc_mc05_h,981046,15420,559,155,2404700,2.451159273,0.03625162127,0.2772808587
2025-01,쇼핑검색,01.홈캠_MO@naver_shoppingsearch,1.B03_홈CCTV_MO@cpc_mc05_h,73425,16451,115,0,0,0,0.006990456507,0
2025-01,쇼핑검색,01.홈캠_MO@naver_shoppingsearch,1.B04_강아지캠_MO@cpc_mc05_h,236599,29335,176,50,906400,3.830954484,0.00599965911,0.2840909091
2025-01,쇼핑검색,01.홈캠_MO@naver_shoppingsearch,1.B05_고양이캠_MO@cpc_mc05_h,3828,240,8,1,0,0,0.03333333333,0.125
2025-01,쇼핑검색,01.홈캠_MO@naver_shoppingsearch,1.B06_육아캠_MO@cpc_mc05_h,520707,20099,526,63,1993400,3.828256582,0.02617045624,0.1197718631
2025-01,쇼핑검색,01.홈캠_MO@naver_shoppingsearch,1.B07_맞벌이부부캠_MO@cpc_mc05_h,555368,178873,472,32,696300,1.25376327,0.00263874369,0.06779661017
2025-01,쇼핑검색,01.홈캠_MO@naver_shoppingsearch,1.B08_보안캠_MO@cpc_mc05_h,20042,846,26,0,0,0,0.03073286052,0
2025-01,쇼핑검색,01.홈캠_MO@naver_shoppingsearch,1.B09_부모님캠_MO@cpc_mc05_h,10967,436,54,20,104300,9.51034923,0.123853211,0.3703703704
2025-01,쇼핑검색,01.홈캠_MO@naver_shoppingsearch,1.B10_스마트캠_MO@cpc_mc05_h,16423,3407,21,0,0,0,0.006163780452,0
2025-01,쇼핑검색,01.홈캠_PC@naver_shoppingsearch,1.A01_홈카메라_PC@cpc_mc05,183469,14874,102,2,180210,0.9822367811,0.006857603873,0.01960784314
2025-01,쇼핑검색,01.홈캠_PC@naver_shoppingsearch,1.A02_홈캠_PC@cpc_mc05_h,550660,6903,305,86,1929700,3.504340246,0.04418368825,0.2819672131
2025-01,쇼핑검색,01.홈캠_PC@naver_shoppingsearch,1.A03_홈CCTV_PC@cpc_mc05,60445,1517,39,8,173600,2.872032426,0.02570863546,0.2051282051
2025-01,쇼핑검색,01.홈캠_PC@naver_shoppingsearch,1.B01_홈카메라_PC@cpc_mc05,65824,1080,29,3,96100,1.459953816,0.02685185185,0.1034482759
2025-01,쇼핑검색,01.홈캠_PC@naver_shoppingsearch,1.B02_홈캠_PC@cpc_mc05,49951,744,28,1,124600,2.494444556,0.0376344086,0.03571428571
2025-01,쇼핑검색,01.홈캠_PC@naver_shoppingsearch,1.B03_홈CCTV_PC@cpc_mc05,124971,2332,75,0,0,0,0.03216123499,0
2025-01,쇼핑검색,01.홈캠_PC@naver_shoppingsearch,1.B04_강아지캠_PC@cpc_mc05,0,20,0,0,0,0,0,0
2025-01,쇼핑검색,01.홈캠_PC@naver_shoppingsearch,1.B05_고양이캠_PC@cpc_mc05,154,97,1,0,0,0,0.01030927835,0
2025-01,쇼핑검색,01.홈캠_PC@naver_shoppingsearch,1.B06_육아캠_PC@cpc_mc05,130251,2073,114,29,926100,7.110118156,0.05499276411,0.2543859649
2025-01,쇼핑검색,01.홈캠_PC@naver_shoppingsearch,1.B07_맞벌이부부캠_PC@cpc_mc05,0,370,0,0,0,0,0,0
2025-01,쇼핑검색,01.홈캠_PC@naver_shoppingsearch,1.B08_보안캠_PC@cpc_mc05,1232,255,6,0,0,0,0.02352941176,0
2025-01,쇼핑검색,01.홈캠_PC@naver_shoppingsearch,1.B09_부모님캠_PC@cpc_mc05,7612,2825,13,0,0,0,0.004601769912,0
2025-01,쇼핑검색,01.홈캠_PC@naver_shoppingsearch,1.B10_스마트캠_PC@cpc_mc05,24200,1310,21,5,94200,3.892561983,0.01603053435,0.2380952381
2025-01,쇼핑검색,02.커튼_MO@naver_shoppingsearch,1.A01_전동커튼_MO@cpc_curtainset,0,4,0,0,0,0,0,0
2025-01,쇼핑검색,02.커튼_MO@naver_shoppingsearch,1.A02_전동레일_MO@cpc_curtainset,0,6,0,0,0,0,0,0
2025-01,쇼핑검색,02.커튼_MO@naver_shoppingsearch,1.B01_전동커튼_MO@cpc_curtainset,0,5,0,0,0,0,0,0
2025-01,쇼핑검색,02.커튼_MO@naver_shoppingsearch,1.B07_자동커튼_MO@cpc_curtainset,0,29,0,0,0,0,0,0
2025-01,쇼핑검색,02.커튼_MO@naver_shoppingsearch,2.B01_우드블라인드_MO@cpc_bw15,18700,16355,52,39,564900,30.20855615,0.003179455824,0.75
2025-01,쇼핑검색,02.커튼_MO@naver_shoppingsearch,2.B02_블라인드_MO@cpc_bm23,35112,1308,50,0,0,0,0.03822629969,0
2025-01,쇼핑검색,02.커튼_PC@naver_shoppingsearch,1.A01_전동커튼_PC@cpc_curtainset,0,6,0,0,0,0,0,0
2025-01,쇼핑검색,02.커튼_PC@naver_shoppingsearch,1.A02_전동레일_PC@cpc_curtainset,66,1,1,0,0,0,1,0
2025-01,쇼핑검색,02.커튼_PC@naver_shoppingsearch,2.B01_우드블라인드PC@cpc_bw15,23892,690,25,0,0,0,0.03623188406,0
2025-01,쇼핑검색,02.커튼_PC@naver_shoppingsearch,2.B02_블라인드PC@cpc_bm23,29722,561,22,0,0,0,0.03921568627,0
2025-01,쇼핑검색,03.조명_MO@naver_shoppingsearch,03-2.전구_MO@cpc_lb03r_h,803,192,2,1,19900,24.78206725,0.01041666667,0.5
2025-01,쇼핑검색,03.조명_PC@naver_shoppingsearch,03-2.전구_PC@cpc_lb03_h,31592,1836,36,13,97200,3.076728286,0.01960784314,0.3611111111
2025-01,쇼핑검색,05.전원_MO@naver_shoppingsearch,05-3.플러그_MO@cpc_ep2_h,3190,8279,51,2,16900,5.297805643,0.006160164271,0.03921568627
2025-01,쇼핑검색,05.전원_MO@naver_shoppingsearch,05-4.멀티탭_MO@cpc_ps03_h,88,2658,1,0,0,0,0.0003762227239,0
2025-01,쇼핑검색,07.반려_MO@naver_shoppingsearch,1.B01_스마트급식기_MO@cpc_petcare,1292170,46183,932,170,3649500,2.824318782,0.02018058593,0.1824034335
2025-01,쇼핑검색,07.반려_MO@naver_shoppingsearch,1.B04_펫급식기_MO@cpc_petcare,64581,420,86,33,866500,13.41725895,0.2047619048,0.3837209302
2025-01,쇼핑검색,07.반려_MO@naver_shoppingsearch,2.B01_펫정수기_MO@cpc_pw30,132385,8213,148,30,568800,4.296559278,0.01802021186,0.2027027027
2025-01,쇼핑검색,07.반려_PC@naver_shoppingsearch,1.B02_강아지급식기_PC@cpc_petcare,199166,21442,135,19,705100,3.540262896,0.006296054473,0.1407407407
2025-01,쇼핑검색,07.반려_PC@naver_shoppingsearch,2.B01_펫정수기_PC@cpc_pw30,22704,2848,15,3,57700,2.541402396,0.005266853933,0.2
2025-01,쇼핑검색,08.리빙_MO@naver_shoppingsearch,08-2.리모컨허브_MO@cpc_ir02_h,17919,1616,35,3,0,0,0.02165841584,0.08571428571
2025-01,쇼핑검색,08.리빙_MO@naver_shoppingsearch,08-2.리모컨허브_MO@cpc_ir441_h,715,38692,13,10,93700,131.048951,0.0003359867673,0.7692307692
2025-01,쇼핑검색,08.리빙_PC@naver_shoppingsearch,08-2.리모컨허브_PC@cpc_ir441_h,0,61,0,0,0,0,0,0
2025-01,쇼핑검색,09.로청_MO@naver_shoppingbrand,09.로청_MO@cpc_rc41,118547,18073,348,1,0,0,0.01925524263,0.002873563218
2025-01,쇼핑검색,09.로청_PC@naver_shoppingbrand,09.로청_pc@cpc_rc41,2046,508,6,0,0,0,0.01181102362,0
2025-01,파워링크,00.브랜드_MO@naver_powerlink,00-1.자사명_MO@cpc_hejhome_h,930336,51524,948,361,7605960,8.175497885,0.01839919261,0.3808016878
2025-01,파워링크,00.브랜드_MO@naver_powerlink,00-2.경쟁사_MO@cpc_hejhome_h,770,1041,10,0,0,0,0.009606147935,0
2025-01,파워링크,00.브랜드_PC@naver_powerlink,00-1.자사명_PC@cpc_hejhome_h,224510,21208,479,226,5419590,24.13963743,0.02258581667,0.4718162839
2025-01,파워링크,01.홈카메라_메인_MO@naver_powerlink,01-1.홈CCTV_MO@cpc_mc0511_h,172018,21132,127,6,159700,0.9283912149,0.006009842892,0.04724409449
2025-01,파워링크,01.홈카메라_메인_MO@naver_powerlink,01-1.홈카메라_MO@cpc_mc0511_h,701184,12965,439,86,1550400,2.211117196,0.03386039337,0.1958997722
2025-01,파워링크,01.홈카메라_메인_MO@naver_powerlink,01-1.홈캠_MO@cpc_mc0511_h,23232,2974,34,1,64800,2.789256198,0.01143241426,0.02941176471
2025-01,파워링크,01.홈카메라_메인_PC@naver_powerlink,01-1.홈CCTV_PC@cpc_mc0511_h,20702,7186,25,0,0,0,0.003478986919,0
2025-01,파워링크,01.홈카메라_메인_PC@naver_powerlink,01-1.홈카메라_PC@cpc_mc0511_h,11869,11718,14,0,0,0,0.00119474313,0
2025-01,파워링크,01.홈카메라_메인_PC@naver_powerlink,01-1.홈캠_PC@cpc_mc0511_h,8844,1017,11,0,0,0,0.01081612586,0
2025-01,파워링크,01.홈카메라_쿠팡_MO@naver_powerlink,01-1 쿠팡+전환_1_MO@cpc_MC0511_h,3652913,371111,2886,665,13937030,3.815319445,0.007776649035,0.2304227304
2025-01,파워링크,01.홈카메라_쿠팡_MO@naver_powerlink,01-1 쿠팡+전환_2_MO@cpc_MC0511_h,1175482,131227,1200,144,1975210,1.68034049,0.009144459601,0.12
2025-01,파워링크,01.홈카메라_쿠팡_MO@naver_powerlink,01-1 쿠팡+전환_3_MO@cpc_MC0511_h,335093,53710,251,25,428900,1.27994318,0.004673245206,0.09960159363
2025-01,파워링크,01.홈카메라_쿠팡_PC@naver_powerlink, 01-1 쿠팡+전환_1_PC@cpc_MC0511_h,475970,151563,364,64,1667960,3.504338509,0.002401641562,0.1758241758
2025-01,파워링크,01.홈카메라_쿠팡_PC@naver_powerlink,01-1 쿠팡+전환_2_PC@cpc_MC0511_h,27247,69693,59,6,333460,12.23841157,0.0008465699568,0.1016949153
2025-01,파워링크,01.홈카메라_쿠팡_PC@naver_powerlink,01-1 쿠팡+전환_3_PC@cpc_MC0511_h,10769,15905,24,0,0,0,0.001508959447,0
2025-01,파워링크,01.홈카메라_확장_MO@naver_powerlink,01-2.홈CCTV+반려3_MO@cpc_mc0511_h,16643,957,24,2,176000,10.57501652,0.02507836991,0.08333333333
2025-01,파워링크,01.홈카메라_확장_MO@naver_powerlink,01-2.홈CCTV+반려4_MO@cpc_mc0511_h,24189,731,28,6,99300,4.105171772,0.03830369357,0.2142857143
2025-01,파워링크,01.홈카메라_확장_MO@naver_powerlink,01-2.홈CCTV+육아_1_MO@cpc_mc058_h,0,57,0,0,0,0,0,0
2025-01,파워링크,01.홈카메라_확장_MO@naver_powerlink,01-2.홈CCTV+육아_5_MO@cpc_mc058_h,1760,888,8,3,0,0,0.009009009009,0.375
2025-01,파워링크,01.홈카메라_확장_MO@naver_powerlink,01-2.홈카메라+반려_1_MO@cpc_mc058_h,34771,1468,34,9,94200,2.70915418,0.02316076294,0.2647058824
2025-01,파워링크,01.홈카메라_확장_MO@naver_powerlink,01-2.홈캠+반려_MO@cpc_mc058_h,88583,23027,87,4,134900,1.522865561,0.003778173449,0.04597701149
2025-01,파워링크,01.홈카메라_확장_MO@naver_powerlink,01-2.홈캠+보안_2_MO@cpc_mc058_h,187,893,2,0,0,0,0.002239641657,0
2025-01,파워링크,01.홈카메라_확장_MO@naver_powerlink,01-2.홈캠+어른_MO@cpc_mc058_h,5247,1603,31,13,104800,19.97331809,0.01933873986,0.4193548387
2025-01,파워링크,01.홈카메라_확장_PC@naver_powerlink,01-2.홈카메라+반려1_PC@cpc_mc0511_h,4862,316,5,0,0,0,0.01582278481,0
2025-01,파워링크,01.홈카메라_확장_PC@naver_powerlink,01-2.홈카메라+어른PC@cpc_mc0511_h,77,50,1,0,0,0,0.02,0
2025-01,파워링크,01.홈카메라_확장_PC@naver_powerlink,01-2.홈캠+반려_PC@cpc_mc058_h,20152,1969,18,5,69900,3.468638349,0.009141696293,0.2777777778
2025-01,파워링크,01.홈카메라_확장_PC@naver_powerlink,01-2.홈캠+어른_PC@cpc_mc058_h,77,88,1,0,0,0,0.01136363636,0
2025-01,파워링크,01.홈카메라_확장_PC@naver_powerlink,01-2.홈캠+육아_2_PC@cpc_mc058_h,13882,748,15,0,0,0,0.02005347594,0
2025-01,파워링크,02.로봇청소기_메인_MO@naver_powerlink,02-1.로봇청소기_MO@cpc_rc41_h,149303,93862,167,1,0,0,0.001779207773,0.005988023952
2025-01,파워링크,02.로봇청소기_메인_PC@naver_powerlink,02-1.로봇청소기_PC@cpc_rc41_h,115423,304756,134,2,713100,6.178144737,0.0004396960191,0.01492537313
2025-01,파워링크,02.로봇청소기_확장_MO@naver_powerlink,02-2.로봇청소기+서브_1_MO@cpc_rc41_h,34716,2952,71,1,0,0,0.02405149051,0.01408450704
2025-01,파워링크,02.로봇청소기_확장_MO@naver_powerlink,02-3.로봇청소기+확장_1_MO@cpc_rc41_h,341,85,1,0,0,0,0.01176470588,0
2025-01,파워링크,02.로봇청소기_확장_MO@naver_powerlink,02-3.로봇청소기+확장_2_MO@cpc_rc41_h,0,181,0,0,0,0,0,0
2025-01,파워링크,02.로봇청소기_확장_MO@naver_powerlink,02-3.로봇청소기+확장_3_MO@cpc_rc41_h,198,33,1,0,0,0,0.0303030303,0
2025-01,파워링크,02.로봇청소기_확장_MO@naver_powerlink,02-3.로봇청소기+확장_4_MO@cpc_rc41_h,792,75,4,0,0,0,0.05333333333,0
2025-01,파워링크,02.로봇청소기_확장_MO@naver_powerlink,02-3.로봇청소기+확장_5_MO@cpc_rc41_h,1111,120,3,0,0,0,0.025,0
2025-01,파워링크,02.로봇청소기_확장_MO@naver_powerlink,02-3.로봇청소기+확장_6_MO@cpc_rc41_h,407,42,1,0,0,0,0.02380952381,0
2025-01,파워링크,02.로봇청소기_확장_MO@naver_powerlink,02-3.로봇청소기+확장_7_MO@cpc_rc41_h,352,145,2,0,0,0,0.01379310345,0
2025-01,파워링크,02.로봇청소기_확장_MO@naver_powerlink,02-3.로봇청소기+확장_8_MO@cpc_rc41_h,517,50,2,0,0,0,0.04,0
2025-01,파워링크,02.로봇청소기_확장_MO@naver_powerlink,02-3.로봇청소기+확장_9_MO@cpc_rc41_h,1683,330,8,0,0,0,0.02424242424,0
2025-01,파워링크,02.로봇청소기_확장_PC@naver_powerlink,02-2.로봇청소기+서브_1_PC@cpc_rc41_h,96404,8459,53,0,0,0,0.006265516018,0
2025-01,파워링크,02.로봇청소기_확장_PC@naver_powerlink,02-3.로봇청소기+확장_1_PC@cpc_rc41_h,0,31,0,0,0,0,0,0
2025-01,파워링크,02.로봇청소기_확장_PC@naver_powerlink,02-3.로봇청소기+확장_2_PC@cpc_rc41_h,165,32,1,0,0,0,0.03125,0
2025-01,파워링크,02.로봇청소기_확장_PC@naver_powerlink,02-3.로봇청소기+확장_3_PC@cpc_rc41_h,0,4,0,0,0,0,0,0
2025-01,파워링크,02.로봇청소기_확장_PC@naver_powerlink,02-3.로봇청소기+확장_4_PC@cpc_rc41_h,0,21,0,0,0,0,0,0
2025-01,파워링크,02.로봇청소기_확장_PC@naver_powerlink,02-3.로봇청소기+확장_5_PC@cpc_rc41_h,0,24,0,0,0,0,0,0
2025-01,파워링크,02.로봇청소기_확장_PC@naver_powerlink,02-3.로봇청소기+확장_6_PC@cpc_rc41_h,0,6,0,0,0,0,0,0
2025-01,파워링크,02.로봇청소기_확장_PC@naver_powerlink,02-3.로봇청소기+확장_7_PC@cpc_rc41_h,0,28,0,0,0,0,0,0
2025-01,파워링크,02.로봇청소기_확장_PC@naver_powerlink,02-3.로봇청소기+확장_8_PC@cpc_rc41_h,0,9,0,0,0,0,0,0
2025-01,파워링크,02.로봇청소기_확장_PC@naver_powerlink,02-3.로봇청소기+확장_9_PC@cpc_rc41_h,77,43,1,0,0,0,0.02325581395,0
2025-01,파워링크,03.반려_메인_MO@naver_powerlink,03-1.자동급식기_MO@cpc_petcare,459690,55195,353,37,1605400,3.492353543,0.006395506839,0.104815864
2025-01,파워링크,03.반려_메인_MO@naver_powerlink,03-2.펫정수기_MO@cpc_pw30_h,193270,14310,212,21,486000,2.514616857,0.01481481481,0.09905660377
2025-01,파워링크,03.반려_메인_MO@naver_powerlink,03-3.고양이 장난감_MO@cpc_pt40_h,0,513,0,0,0,0,0,0
2025-01,파워링크,03.반려_메인_PC@naver_powerlink,03-1.자동급식기_PC@cpc_petcare,79442,15841,68,12,507300,6.385790891,0.004292658292,0.1764705882
2025-01,파워링크,03.반려_메인_PC@naver_powerlink,03-2.펫정수기_PC@cpc_pw30_h,41514,13461,50,3,0,0,0.003714434292,0.06
2025-01,파워링크,03.반려_메인_PC@naver_powerlink,03-3.고양이 장난감_PC@cpc_pt40_h,154,141,2,0,0,0,0.01418439716,0
2025-01,파워링크,03.반려_확장_MO@naver_powerlink,03-3.자동급식기+확장_1_MO@cpc_petcare,298210,15846,275,43,888300,2.978773348,0.01735453742,0.1563636364
2025-01,파워링크,03.반려_확장_MO@naver_powerlink,03-3.자동급식기+확장_2_MO@cpc_petcare,0,17,0,0,0,0,0,0
2025-01,파워링크,03.반려_확장_MO@naver_powerlink,03-3.자동급식기+확장_3_MO@cpc_petcare,1122,438,7,0,0,0,0.01598173516,0
2025-01,파워링크,03.반려_확장_MO@naver_powerlink,03-3.자동급식기+확장_4_MO@cpc_petcare,1683,372,10,0,0,0,0.02688172043,0
2025-01,파워링크,03.반려_확장_MO@naver_powerlink,03-3.자동급식기+확장_5_MO@cpc_petcare,6974,318,47,12,563400,80.78577574,0.1477987421,0.2553191489
2025-01,파워링크,03.반려_확장_MO@naver_powerlink,03-4.펫정수기+확장_1_MO@cpc_pw30_h,12012,585,17,6,57700,4.803529804,0.02905982906,0.3529411765
2025-01,파워링크,03.반려_확장_MO@naver_powerlink,03-4.펫정수기+확장_2_MO@cpc_pw30_h,1012,719,7,0,0,0,0.009735744089,0
2025-01,파워링크,03.반려_확장_PC@naver_powerlink,03-3.자동급식기+확장_1_PC@cpc_petcare,90761,3548,75,23,942900,10.38882339,0.02113866967,0.3066666667
2025-01,파워링크,03.반려_확장_PC@naver_powerlink,03-3.자동급식기+확장_2_PC@cpc_petcare,0,5,0,0,0,0,0,0
2025-01,파워링크,03.반려_확장_PC@naver_powerlink,03-3.자동급식기+확장_3_PC@cpc_petcare,1001,258,6,0,0,0,0.02325581395,0
2025-01,파워링크,03.반려_확장_PC@naver_powerlink,03-3.자동급식기+확장_4_PC@cpc_petcare,748,117,3,0,0,0,0.02564102564,0
2025-01,파워링크,03.반려_확장_PC@naver_powerlink,03-3.자동급식기+확장_5_PC@cpc_petcare,1023,102,9,0,0,0,0.08823529412,0
2025-01,파워링크,03.반려_확장_PC@naver_powerlink,03-4.펫정수기+확장_1_PC@cpc_pw30_h,0,86,0,0,0,0,0,0
2025-01,파워링크,03.반려_확장_PC@naver_powerlink,03-4.펫정수기+확장_2_PC@cpc_pw30_h,0,62,0,0,0,0,0,0
2025-01,파워링크,04.리모컨허브_메인_MO@naver_powerlink,04-1.리모컨허브_MO@cpc_ir44_h,6941,20077,33,10,61800,8.903616194,0.001643671863,0.303030303
2025-01,파워링크,04.리모컨허브_메인_PC@naver_powerlink,04-1.리모컨허브_PC@cpc_ir44_h,5368,7929,22,1,19900,3.707153502,0.002774624795,0.04545454545
2025-01,파워링크,05.커튼set_메인_MO@naver_powerlink,05-1.커튼set_MO@cpc_curtainset_h,1820885,146514,1688,149,5273600,2.896174113,0.01152108331,0.08827014218
2025-01,파워링크,05.커튼set_메인_PC@naver_powerlink,05-1.커튼set_PC@cpc_curtainset_h,455906,70176,315,19,865700,1.898856343,0.00448871409,0.06031746032
2025-01,파워링크,05.커튼set_확장_MO@naver_powerlink,05-1.신혼부부1_MO@cpc_curtainset_h,0,44,0,0,0,0,0,0
2025-01,파워링크,05.커튼set_확장_MO@naver_powerlink,05-1.신혼부부2_MO@cpc_curtainset_h,0,5,0,0,0,0,0,0
2025-01,파워링크,05.커튼set_확장_MO@naver_powerlink,05-2.원룸1_MO@cpc_curtainset_h,0,41,0,0,0,0,0,0
2025-01,파워링크,05.커튼set_확장_MO@naver_powerlink,05-2.원룸2_MO@cpc_curtainset_h,0,5,0,0,0,0,0,0
2025-01,파워링크,05.커튼set_확장_MO@naver_powerlink,05-3.신혼집1_MO@cpc_curtainset_h,0,80,0,0,0,0,0,0
2025-01,파워링크,05.커튼set_확장_MO@naver_powerlink,05-3.신혼집2_MO@cpc_curtainset_h,0,4,0,0,0,0,0,0
2025-01,파워링크,05.커튼set_확장_MO@naver_powerlink,05-4.가정집1_MO@cpc_curtainset_h,0,19,0,0,0,0,0,0
2025-01,파워링크,05.커튼set_확장_MO@naver_powerlink,05-4.가정집2_MO@cpc_curtainset_h,231,63,3,0,0,0,0.04761904762,0
2025-01,파워링크,05.커튼set_확장_MO@naver_powerlink,05-5.확장_MO@cpc_curtainset_h,10362,812,34,0,0,0,0.04187192118,0
2025-01,파워링크,05.커튼set_확장_PC@naver_powerlink,05-1.신혼부부1_PC@cpc_curtainset_h,0,7,0,0,0,0,0,0
2025-01,파워링크,05.커튼set_확장_PC@naver_powerlink,05-2.원룸1_PC@cpc_curtainset_h,0,26,0,0,0,0,0,0
2025-01,파워링크,05.커튼set_확장_PC@naver_powerlink,05-3.신혼집1_PC@cpc_curtainset_h,0,42,0,0,0,0,0,0
2025-01,파워링크,05.커튼set_확장_PC@naver_powerlink,05-4.가정집1_PC@cpc_curtainset_h,0,7,0,0,0,0,0,0
2025-01,파워링크,05.커튼set_확장_PC@naver_powerlink,05-4.가정집2_PC@cpc_curtainset_h,0,15,0,0,0,0,0,0
2025-01,파워링크,05.커튼set_확장_PC@naver_powerlink,05-5.확장_PC@cpc_curtainset_h,8690,465,17,8,0,0,0.03655913978,0.4705882353
2025-01,파워링크,06.멀티탭_메인_MO@naver_powerlink,06-1.멀티탭_MO@cpc_ps03_h,27423,41768,39,0,0,0,0.0009337291707,0
2025-01,파워링크,06.멀티탭_메인_PC@naver_powerlink,06-1.멀티탭_PC@cpc_ps03_h,82940,103284,92,3,30900,0.372558476,0.0008907478409,0.03260869565
2025-01,파워링크,08.전원_메인_MO@naver_powerlink,08-2.전원기기_MO@cpc_power_h,28589,7386,66,8,54900,1.920319004,0.008935824533,0.1212121212
2025-01,파워링크,08.전원_메인_PC@naver_powerlink,8-2.전원기기_PC@cpc_power_h,14608,13602,37,0,0,0,0.002720188208,0
2025-01,파워링크,08.전원_확장_MO@naver_powerlink,08-4.전원기기+확장_MO@cpc_power_h,3168,593,12,0,0,0,0.02023608769,0
2025-01,파워링크,08.전원_확장_PC@naver_powerlink,08-4.전원기기+확장_PC@cpc_power_h,1012,289,3,0,0,0,0.01038062284,0
2025-01,파워링크,09.센서_메인_MO@naver_powerlink,09-1.온습도계_MO@cpc_th14_h,22418,2477,62,14,170390,7.600588813,0.02503027856,0.2258064516
2025-01,파워링크,09.센서_메인_PC@naver_powerlink,09-1.온습도계_PC@cpc_th14_h,1606,1567,6,0,0,0,0.003828972559,0
2025-01,파워링크,09.센서_확장_MO@naver_powerlink,09-2.온습도계+확장1_MO@cpc_th14_h,14069,14770,45,0,0,0,0.003046716317,0
2025-01,파워링크,09.센서_확장_MO@naver_powerlink,09-2.온습도계+확장2_MO@cpc_th14_h,2057,2228,7,0,0,0,0.003141831239,0
2025-01,파워링크,09.센서_확장_PC@naver_powerlink,09-2.온습도계+확장1_PC@cpc_th14_h,1848,2161,6,1,29900,16.17965368,0.002776492365,0.1666666667
2025-01,파워링크,09.센서_확장_PC@naver_powerlink,09-2.온습도계+확장2_PC@cpc_th14_h,627,66,2,0,0,0,0.0303030303,0
2025-02,브랜드검색/신제품검색,01.신규 자사명@naver_brandsearch,신규_MO_자사명@cpd_hejhome_h,0,62818,23207,14047,210602170,inf,0.3694323283,0.6052915069
2025-02,브랜드검색/신제품검색,01.신규 자사명@naver_brandsearch,신규_PC_자사명@cpd_hejhome_h,0,11608,5767,3622,64267790,inf,0.4968125431,0.6280561817
2025-02,쇼핑검색,00.브랜드형@naver_shoppingbrand,00-0.자상호@cpc_mc05_h,3663,1030,11,2,0,0,0.01067961165,0.1818181818
2025-02,쇼핑검색,00.자상호_MO@naver_shoppingsearch,01-1.홈카메라_MO@cpc_mc05_h,8906931,136371,6513,2813,51149780,5.742694088,0.04775942099,0.4319054199
2025-02,쇼핑검색,00.자상호_MO@naver_shoppingsearch,01-4.펫캠_MO@cpc_mc059_h,675719,119389,501,164,2411700,3.56908715,0.004196366499,0.3273453094
2025-02,쇼핑검색,00.자상호_MO@naver_shoppingsearch,01-5.베이비캠_MO@cpc_mc05_h,218625,26773,267,78,1663000,7.606632361,0.009972733724,0.2921348315
2025-02,쇼핑검색,00.자상호_MO@naver_shoppingsearch,02-1.전동커튼_MO@cpc_curtainset_h,33946,7557,20,1,0,0,0.002646552865,0.05
2025-02,쇼핑검색,00.자상호_MO@naver_shoppingsearch,03-2.전구_MO@cpc_lb03r_h,16434,11625,54,6,19900,1.210904223,0.00464516129,0.1111111111
2025-02,쇼핑검색,00.자상호_MO@naver_shoppingsearch,04-1.온습도계_MO@cpc_th14_h,70224,9918,117,45,373900,5.324390522,0.01179673321,0.3846153846
2025-02,쇼핑검색,00.자상호_MO@naver_shoppingsearch,04-1.온습도센서_MO@cpc_th02_h,360602,23725,350,31,486760,1.349853855,0.01475237092,0.08857142857
2025-02,쇼핑검색,00.자상호_MO@naver_shoppingsearch,07-1.펫급식기_MO@cpc_pf32_h,84491,20415,83,23,727900,8.61511877,0.004065638011,0.2771084337
2025-02,쇼핑검색,00.자상호_PC@naver_shoppingsearch,01-1.홈카메라_PC@cpc_mc05_h,1261161,17829,1062,384,9793670,7.765598524,0.05956587582,0.3615819209
2025-02,쇼핑검색,00.자상호_PC@naver_shoppingsearch,01-4.펫캠_PC@cpc_mc059_h,141493,10796,104,38,706500,4.993179875,0.009633197481,0.3653846154
2025-02,쇼핑검색,00.자상호_PC@naver_shoppingsearch,01-5.베이비캠_PC@cpc_mc05_h,16434,798,12,7,219700,13.36862602,0.01503759398,0.5833333333
2025-02,쇼핑검색,00.자상호_PC@naver_shoppingsearch,02-1.전동커튼_PC@cpc_curtainset_h,1815,312,2,0,0,0,0.00641025641,0
2025-02,쇼핑검색,00.자상호_PC@naver_shoppingsearch,03-2.전구_PC@cpc_lb03r_h,1540,454,4,0,0,0,0.008810572687,0
2025-02,쇼핑검색,00.자상호_PC@naver_shoppingsearch,04-1.온습도센서_PC@cpc_th02_h,4950,229,11,1,65700,13.27272727,0.0480349345,0.09090909091
2025-02,쇼핑검색,01.브랜드형_쇼검@naver_shoppingbrand, 01-1.홈카메라@cpc_mc05_h,185207,62642,210,75,1352190,7.300965946,0.003352383385,0.3571428571
2025-02,쇼핑검색,01.브랜드형_쇼검@naver_shoppingbrand,01-1.커튼@cpc_curtainset_h,169202,228928,250,1,0,0,0.001092046408,0.004
2025-02,쇼핑검색,01.펫_MO@naver_shoppingbrand,00-0.브랜드형_급식기_MO@cpc_pf32_h,75350,100604,143,17,623400,8.273390843,0.001421414655,0.1188811189
2025-02,쇼핑검색,01.펫_MO@naver_shoppingbrand,00-0.브랜드형_장난감_MO@cpc_pt40_h,19943,24250,37,3,37400,1.875344732,0.001525773196,0.08108108108
2025-02,쇼핑검색,01.펫_MO@naver_shoppingbrand,00-0.브랜드형_정수기_MO@cpc_pw30_h,20603,10926,55,0,0,0,0.005033864177,0
2025-02,쇼핑검색,01.펫_PC@naver_shoppingbrand,00-0.브랜드형_급식기_PC@cpc_pf32_h,671,33677,2,0,0,0,0.00005938771268,0
2025-02,쇼핑검색,01.펫_PC@naver_shoppingbrand,00-0.브랜드형_정수기_PC@cpc_pw30_h,671,5981,2,0,0,0,0.0003343922421,0
2025-02,쇼핑검색,01.홈캠_MO@naver_shoppingsearch,1.A01_홈카메라_MO@cpc_mc05_h,211508,26767,164,37,654300,3.093500009,0.006126947361,0.2256097561
2025-02,쇼핑검색,01.홈캠_MO@naver_shoppingsearch,1.A02_홈캠_MO@cpc_mc05_h,9568086,150805,4877,1071,24420360,2.55227221,0.03233977653,0.2196022145
2025-02,쇼핑검색,01.홈캠_MO@naver_shoppingsearch,1.A03_홈CCTV_MO@cpc_mc05_h,1077692,71743,528,64,1441800,1.337859054,0.007359603027,0.1212121212
2025-02,쇼핑검색,01.홈캠_MO@naver_shoppingsearch,1.B01_홈카메라_MO@cpc_mc05_h,22693,3228,16,0,0,0,0.004956629492,0
2025-02,쇼핑검색,01.홈캠_MO@naver_shoppingsearch,1.B02_홈캠_MO@cpc_mc05_h,1048069,11242,601,123,2606200,2.48666834,0.05346023839,0.2046589018
2025-02,쇼핑검색,01.홈캠_MO@naver_shoppingsearch,1.B03_홈CCTV_MO@cpc_mc05_h,53735,9719,103,11,129800,2.41555783,0.01059779813,0.1067961165
2025-02,쇼핑검색,01.홈캠_MO@naver_shoppingsearch,1.B04_강아지캠_MO@cpc_mc05_h,615494,16768,392,96,2196300,3.568353225,0.0233778626,0.2448979592
2025-02,쇼핑검색,01.홈캠_MO@naver_shoppingsearch,1.B05_고양이캠_MO@cpc_mc05_h,5775,4685,7,0,0,0,0.001494130203,0
2025-02,쇼핑검색,01.홈캠_MO@naver_shoppingsearch,1.B06_육아캠_MO@cpc_mc05_h,352781,12253,366,89,1107200,3.138491019,0.02987023586,0.2431693989
2025-02,쇼핑검색,01.홈캠_MO@naver_shoppingsearch,1.B07_맞벌이부부캠_MO@cpc_mc05_h,142175,67132,135,9,384500,2.704413575,0.002010963475,0.06666666667
2025-02,쇼핑검색,01.홈캠_MO@naver_shoppingsearch,1.B08_보안캠_MO@cpc_mc05_h,13167,940,20,0,0,0,0.02127659574,0
2025-02,쇼핑검색,01.홈캠_MO@naver_shoppingsearch,1.B09_부모님캠_MO@cpc_mc05_h,21483,12271,63,0,0,0,0.005134055904,0
2025-02,쇼핑검색,01.홈캠_MO@naver_shoppingsearch,1.B10_스마트캠_MO@cpc_mc05_h,24772,18355,32,2,213400,8.614564831,0.001743394171,0.0625
2025-02,쇼핑검색,01.홈캠_PC@naver_shoppingsearch,1.A01_홈카메라_PC@cpc_mc05,299365,98311,186,28,323200,1.079618526,0.001891955122,0.1505376344
2025-02,쇼핑검색,01.홈캠_PC@naver_shoppingsearch,1.A02_홈캠_PC@cpc_mc05_h,632225,7486,394,46,1366510,2.161429871,0.05263157895,0.116751269
2025-02,쇼핑검색,01.홈캠_PC@naver_shoppingsearch,1.A03_홈CCTV_PC@cpc_mc05,46629,1887,28,12,109200,2.34189024,0.01483836778,0.4285714286
2025-02,쇼핑검색,01.홈캠_PC@naver_shoppingsearch,1.B01_홈카메라_PC@cpc_mc05,62337,620,28,0,0,0,0.04516129032,0
2025-02,쇼핑검색,01.홈캠_PC@naver_shoppingsearch,1.B02_홈캠_PC@cpc_mc05,89188,976,50,9,144100,1.615688209,0.0512295082,0.18
2025-02,쇼핑검색,01.홈캠_PC@naver_shoppingsearch,1.B03_홈CCTV_PC@cpc_mc05,148115,2444,88,24,598500,4.040779124,0.03600654664,0.2727272727
2025-02,쇼핑검색,01.홈캠_PC@naver_shoppingsearch,1.B04_강아지캠_PC@cpc_mc05,1628,190,3,0,0,0,0.01578947368,0
2025-02,쇼핑검색,01.홈캠_PC@naver_shoppingsearch,1.B05_고양이캠_PC@cpc_mc05,0,26,0,0,0,0,0,0
2025-02,쇼핑검색,01.홈캠_PC@naver_shoppingsearch,1.B06_육아캠_PC@cpc_mc05,123926,2954,116,15,374300,3.020350855,0.03926878808,0.1293103448
2025-02,쇼핑검색,01.홈캠_PC@naver_shoppingsearch,1.B07_맞벌이부부캠_PC@cpc_mc05,0,581,0,0,0,0,0,0
2025-02,쇼핑검색,01.홈캠_PC@naver_shoppingsearch,1.B08_보안캠_PC@cpc_mc05,2772,269,6,0,0,0,0.02230483271,0
2025-02,쇼핑검색,01.홈캠_PC@naver_shoppingsearch,1.B09_부모님캠_PC@cpc_mc05,4455,931,14,0,0,0,0.01503759398,0
2025-02,쇼핑검색,01.홈캠_PC@naver_shoppingsearch,1.B10_스마트캠_PC@cpc_mc05,18986,875,17,1,85200,4.487517118,0.01942857143,0.05882352941
2025-02,쇼핑검색,02.커튼_MO@naver_shoppingsearch,1.A02_전동레일_MO@cpc_curtainset,0,10,0,0,0,0,0,0
2025-02,쇼핑검색,02.커튼_MO@naver_shoppingsearch,1.B01_전동커튼_MO@cpc_curtainset,0,14,0,0,0,0,0,0
2025-02,쇼핑검색,02.커튼_MO@naver_shoppingsearch,1.B07_자동커튼_MO@cpc_curtainset,0,2,0,0,0,0,0,0
2025-02,쇼핑검색,02.커튼_MO@naver_shoppingsearch,2.B01_우드블라인드_MO@cpc_bw15,39127,56165,95,1,0,0,0.00169144485,0.01052631579
2025-02,쇼핑검색,02.커튼_MO@naver_shoppingsearch,2.B02_블라인드_MO@cpc_bm23,214038,13652,268,1,15900,0.07428587447,0.01963082332,0.003731343284
2025-02,쇼핑검색,02.커튼_PC@naver_shoppingsearch,1.A01_전동커튼_PC@cpc_curtainset,1100,2,1,0,0,0,0.5,0
2025-02,쇼핑검색,02.커튼_PC@naver_shoppingsearch,1.A02_전동레일_PC@cpc_curtainset,0,8,0,0,0,0,0,0
2025-02,쇼핑검색,02.커튼_PC@naver_shoppingsearch,2.B01_우드블라인드PC@cpc_bw15,121473,36184,106,2,84800,0.6980975196,0.00292947159,0.01886792453
2025-02,쇼핑검색,02.커튼_PC@naver_shoppingsearch,2.B02_블라인드PC@cpc_bm23,198825,33339,142,0,0,0,0.004259275923,0
2025-02,쇼핑검색,03.조명_MO@naver_shoppingsearch,03-1.라인LED_MO@cpc_ls06_h,208703,29089,176,4,155000,0.7426821847,0.006050397057,0.02272727273
2025-02,쇼핑검색,03.조명_MO@naver_shoppingsearch,03-2.전구_MO@cpc_lb03r_h,106942,15167,139,21,233200,2.180621271,0.009164633744,0.1510791367
2025-02,쇼핑검색,03.조명_MO@naver_shoppingsearch,03-3.무드등_MO@cpc_md08_h,133727,49053,195,27,680000,5.084986577,0.003975292031,0.1384615385
2025-02,쇼핑검색,03.조명_MO@naver_shoppingsearch,03-4.스타라이트_MO@cpc_sl24_h,59169,11423,83,4,169600,2.866365833,0.007266042196,0.04819277108
2025-02,쇼핑검색,03.조명_MO@naver_shoppingsearch,03-5.싱크라이트_MO@cpc_sy27_h,5599,2551,11,0,0,0,0.004312034496,0
2025-02,쇼핑검색,03.조명_PC@naver_shoppingsearch,03-1.라인LED_PC@cpc_ls06_h,40293,65230,44,1,233700,5.800014891,0.0006745362563,0.02272727273
2025-02,쇼핑검색,03.조명_PC@naver_shoppingsearch,03-2.전구_PC@cpc_lb03_h,88385,14088,86,6,19900,0.2251513266,0.006104486087,0.06976744186
2025-02,쇼핑검색,03.조명_PC@naver_shoppingsearch,03-3.무드등_PC@cpc_md08_h,15290,27354,24,28,302000,19.75147155,0.0008773853915,1.166666667
2025-02,쇼핑검색,03.조명_PC@naver_shoppingsearch,03-4.스타라이트_MO@cpc_sl24,385,175,1,0,0,0,0.005714285714,0
2025-02,쇼핑검색,03.조명_PC@naver_shoppingsearch,03-4.스타라이트_PC@cpc_sl24_h,1056,1562,2,0,0,0,0.001280409731,0
2025-02,쇼핑검색,03.조명_PC@naver_shoppingsearch,03-5.싱크라이트_PC@cpc_sy27_h,5577,564,11,0,0,0,0.0195035461,0
2025-02,쇼핑검색,04.센서_PC@naver_shoppingsearch,04-1.스마트온습도계_PC@cpc_th14_h,40700,9041,48,5,29900,0.7346437346,0.005309147218,0.1041666667
2025-02,쇼핑검색,04.센서_PC@naver_shoppingsearch,04-2.온습도센서_PC@cpc_th02_h,55902,16398,63,3,0,0,0.003841931943,0.04761904762
2025-02,쇼핑검색,04.센서_PC@naver_shoppingsearch,04-3.냉장고온습도계_PC@cpc_th25_h,12980,3745,17,0,0,0,0.004539385848,0
2025-02,쇼핑검색,04.센서_PC@naver_shoppingsearch,04-4.도어센서_PC@cpc_do02_h,12782,872,21,3,0,0,0.02408256881,0.1428571429
2025-02,쇼핑검색,04.센서_PC@naver_shoppingsearch,04-5.모션센서_PC@cpc_mo02_h,34155,2296,43,0,0,0,0.018728223,0
2025-02,쇼핑검색,04.센서_PC@naver_shoppingsearch,04-6.스마트사이렌_MO@cpc_sa14_h,2695,323,6,0,0,0,0.01857585139,0
2025-02,쇼핑검색,04.센서_PC@naver_shoppingsearch,04-7.화재감지센서_PC@cpc_ss26_h,13343,1146,19,0,0,0,0.01657940663,0
2025-02,쇼핑검색,04.센서_PC@naver_shoppingsearch,04-8.가스감지센서_PC@cpc_gs26_h,0,182,0,0,0,0,0,0
2025-02,쇼핑검색,04.센서_PC@naver_shoppingsearch,04-9.누수감지센서_PC@cpc_ws26_h,18029,1380,26,0,0,0,0.01884057971,0
2025-02,쇼핑검색,05.전원_MO@naver_shoppingsearch,05-3.플러그_MO@cpc_ep2_h,64251,7301,176,69,1306800,20.33898305,0.02410628681,0.3920454545
2025-02,쇼핑검색,05.전원_MO@naver_shoppingsearch,05-4.멀티탭_MO@cpc_ps03_h,86207,20633,96,6,370300,4.295474845,0.004652740755,0.0625
2025-02,쇼핑검색,05.전원_MO@naver_shoppingsearch,05-4.푸시봇_MO@cpc_fb42_h,723173,25432,826,241,3316790,4.586440589,0.03247876691,0.2917675545
2025-02,쇼핑검색,05.전원_PC@naver_shoppingsearch,05-4.멀티탭_PC@cpc_ps03_h,8921,4449,11,1,112800,12.64432239,0.002472465723,0.09090909091
2025-02,쇼핑검색,05.전원_PC@naver_shoppingsearch,05-4.푸시봇_PC@cpc_fb42_h,369292,29924,338,44,788800,2.135979117,0.01129528138,0.1301775148
2025-02,쇼핑검색,07.반려_MO@naver_shoppingsearch,1.B01_스마트급식기_MO@cpc_petcare,982663,29503,549,135,3209100,3.265717749,0.01860827712,0.2459016393
2025-02,쇼핑검색,07.반려_MO@naver_shoppingsearch,1.B02_강아지급식기_MO@cpc_petcare,220385,18443,126,9,571600,2.593642943,0.006831860326,0.07142857143
2025-02,쇼핑검색,07.반려_MO@naver_shoppingsearch,1.B03_고양이급식기_MO@cpc_petcare,8239,8919,11,2,0,0,0.001233322121,0.1818181818
2025-02,쇼핑검색,07.반려_MO@naver_shoppingsearch,1.B04_펫급식기_MO@cpc_petcare,762828,14914,422,96,2797600,3.667406021,0.02829556122,0.2274881517
2025-02,쇼핑검색,07.반려_MO@naver_shoppingsearch,1.B05_자동급식기_MO@cpc_petcare,0,1348,0,0,0,0,0,0
2025-02,쇼핑검색,07.반려_MO@naver_shoppingsearch,2.B01_펫정수기_MO@cpc_pw30,73744,3873,74,17,169100,2.293067911,0.01910663568,0.2297297297
2025-02,쇼핑검색,07.반려_MO@naver_shoppingsearch,3.B01_고양이장난감_MO@cpc_pt40,208824,22868,232,18,490100,2.346952458,0.01014518104,0.0775862069
2025-02,쇼핑검색,07.반려_MO@naver_shoppingsearch,★07-1.자동급식기_MO@cpc_petcare,1023,6308,5,0,0,0,0.0007926442613,0
2025-02,쇼핑검색,07.반려_MO@naver_shoppingsearch,★07-1.펫급식기_MO@cpc_petcare,98813,2835,68,3,164900,1.66880876,0.02398589065,0.04411764706
2025-02,쇼핑검색,07.반려_MO@naver_shoppingsearch,★07-2.펫정수기_MO@cpc_pw30_h,57937,13494,63,22,440900,7.609990162,0.004668741663,0.3492063492
2025-02,쇼핑검색,07.반려_PC@naver_shoppingsearch,1.B01_스마트급식기_PC@cpc_petcare,54197,72347,44,1,140800,2.597929775,0.0006081800213,0.02272727273
2025-02,쇼핑검색,07.반려_PC@naver_shoppingsearch,1.B02_강아지급식기_PC@cpc_petcare,193083,62420,115,19,118800,0.6152794394,0.001842358219,0.1652173913
2025-02,쇼핑검색,07.반려_PC@naver_shoppingsearch,1.B03_고양이급식기_PC@cpc_petcare,21736,36952,14,3,0,0,0.0003788698853,0.2142857143
2025-02,쇼핑검색,07.반려_PC@naver_shoppingsearch,1.B04_펫급식기_PC@cpc_petcare,2563,9990,5,0,0,0,0.0005005005005,0
2025-02,쇼핑검색,07.반려_PC@naver_shoppingsearch,1.B05_자동급식기_PC@cpc_petcare,23628,433,14,0,0,0,0.03233256351,0
2025-02,쇼핑검색,07.반려_PC@naver_shoppingsearch,2.B01_펫정수기_PC@cpc_pw30,5456,1509,6,0,0,0,0.003976143141,0
2025-02,쇼핑검색,07.반려_PC@naver_shoppingsearch,3.B01_고양이장난감_PC@cpc_pt40,17281,42633,27,1,35400,2.048492564,0.0006333122229,0.03703703704
2025-02,쇼핑검색,07.반려_PC@naver_shoppingsearch,★07-1.펫급식기_PC@cpc_petcare,8250,13576,5,3,129000,15.63636364,0.0003682969947,0.6
2025-02,쇼핑검색,07.반려_PC@naver_shoppingsearch,★07-2.펫정수기_PC@cpc_pw30_h,4818,1114,5,0,0,0,0.004488330341,0
2025-02,쇼핑검색,08.리빙_MO@naver_shoppingsearch,08-1.체중계_MO@cpc_bs35_h,5841,4245,14,5,59800,10.23797295,0.003297997644,0.3571428571
2025-02,쇼핑검색,08.리빙_MO@naver_shoppingsearch,08-2.리모컨허브_MO@cpc_ir02_h,69157,8615,146,30,698300,10.09731481,0.01694718514,0.2054794521
2025-02,쇼핑검색,08.리빙_MO@naver_shoppingsearch,08-2.리모컨허브_MO@cpc_ir441_h,55,10420,1,0,0,0,0.00009596928983,0
2025-02,쇼핑검색,08.리빙_PC@naver_shoppingsearch,08-1.체중계_PC@cpc_bs35_h,3652,3397,7,0,0,0,0.002060641743,0
2025-02,쇼핑검색,08.리빙_PC@naver_shoppingsearch,08-2.리모컨허브_PC@cpc_ir441_h,0,112,0,0,0,0,0,0
2025-02,쇼핑검색,09.로청_MO@naver_shoppingbrand,09.로청_MO@cpc_rc41,16170,10410,49,0,0,0,0.004707012488,0
2025-02,쇼핑검색,09.로청_PC@naver_shoppingbrand,09.로청_pc@cpc_rc41,3861,6445,11,0,0,0,0.001706749418,0
2025-02,파워링크,00.브랜드_MO@naver_powerlink,00-1.자사명_MO@cpc_hejhome_h,722942,52776,906,284,4157810,5.751235922,0.01716689404,0.3134657837
2025-02,파워링크,00.브랜드_MO@naver_powerlink,00-2.경쟁사_MO@cpc_hejhome_h,2420,1752,21,0,0,0,0.01198630137,0
2025-02,파워링크,00.브랜드_PC@naver_powerlink,00-1.자사명_PC@cpc_hejhome_h,353958,19013,641,287,4512560,12.74885721,0.03371377479,0.4477379095
2025-02,파워링크,01.홈카메라_메인_MO@naver_powerlink,01-1.홈CCTV_MO@cpc_mc0511_h,326183,18496,225,28,651000,1.995812167,0.01216479239,0.1244444444
2025-02,파워링크,01.홈카메라_메인_MO@naver_powerlink,01-1.홈카메라_MO@cpc_mc0511_h,543763,17719,389,85,1635510,3.007762573,0.02195383487,0.2185089974
2025-02,파워링크,01.홈카메라_메인_MO@naver_powerlink,01-1.홈캠_MO@cpc_mc0511_h,310618,9565,216,97,874300,2.814711317,0.02258233142,0.4490740741
2025-02,파워링크,01.홈카메라_메인_PC@naver_powerlink,01-1.홈CCTV_PC@cpc_mc0511_h,21417,4916,23,0,0,0,0.004678600488,0
2025-02,파워링크,01.홈카메라_메인_PC@naver_powerlink,01-1.홈카메라_PC@cpc_mc0511_h,21274,12517,22,4,139800,6.571401711,0.001757609651,0.1818181818
2025-02,파워링크,01.홈카메라_메인_PC@naver_powerlink,01-1.홈캠_PC@cpc_mc0511_h,16060,1011,18,0,0,0,0.0178041543,0
2025-02,파워링크,01.홈카메라_쿠팡_MO@naver_powerlink,01-1 쿠팡+전환_1_MO@cpc_MC0511_h,2606692,272629,2174,534,11203940,4.298144929,0.007974206706,0.2456301748
2025-02,파워링크,01.홈카메라_쿠팡_MO@naver_powerlink,01-1 쿠팡+전환_2_MO@cpc_MC0511_h,864402,122308,950,54,1356800,1.569640052,0.007767276057,0.05684210526
2025-02,파워링크,01.홈카메라_쿠팡_MO@naver_powerlink,01-1 쿠팡+전환_3_MO@cpc_MC0511_h,313808,48650,242,44,331800,1.057334421,0.004974306269,0.1818181818
2025-02,파워링크,01.홈카메라_쿠팡_PC@naver_powerlink, 01-1 쿠팡+전환_1_PC@cpc_MC0511_h,621181,173014,549,157,1532900,2.467718749,0.003173153618,0.2859744991
2025-02,파워링크,01.홈카메라_쿠팡_PC@naver_powerlink,01-1 쿠팡+전환_2_PC@cpc_MC0511_h,36443,79006,67,28,713500,19.57851988,0.000848036858,0.4179104478
2025-02,파워링크,01.홈카메라_쿠팡_PC@naver_powerlink,01-1 쿠팡+전환_3_PC@cpc_MC0511_h,11825,26234,33,5,0,0,0.001257909583,0.1515151515
2025-02,파워링크,01.홈카메라_확장_MO@naver_powerlink,01-2.홈CCTV+반려1_MO@cpc_MC0511_h,0,29,0,0,0,0,0,0
2025-02,파워링크,01.홈카메라_확장_MO@naver_powerlink,01-2.홈CCTV+반려2_MO@cpc_mc0511_h,0,4,0,0,0,0,0,0
2025-02,파워링크,01.홈카메라_확장_MO@naver_powerlink,01-2.홈CCTV+반려3_MO@cpc_mc0511_h,13145,305,13,3,75300,5.728413846,0.04262295082,0.2307692308
2025-02,파워링크,01.홈카메라_확장_MO@naver_powerlink,01-2.홈CCTV+반려4_MO@cpc_mc0511_h,32483,967,35,1,69900,2.151894837,0.03619441572,0.02857142857
2025-02,파워링크,01.홈카메라_확장_MO@naver_powerlink,01-2.홈CCTV+보안_1_MO@cpc_mc058_h,660,166,3,10,685700,1038.939394,0.01807228916,3.333333333
2025-02,파워링크,01.홈카메라_확장_MO@naver_powerlink,01-2.홈CCTV+보안_2_MO@cpc_mc058_h,0,5,0,0,0,0,0,0
2025-02,파워링크,01.홈카메라_확장_MO@naver_powerlink,01-2.홈CCTV+보안_3_MO@cpc_mc058_h,0,17,0,0,0,0,0,0
2025-02,파워링크,01.홈카메라_확장_MO@naver_powerlink,01-2.홈CCTV+보안_4_MO@cpc_mc058_h,451,54,1,0,0,0,0.01851851852,0
2025-02,파워링크,01.홈카메라_확장_MO@naver_powerlink,01-2.홈CCTV+보안_5_MO@cpc_mc058_h,77,570,1,0,0,0,0.001754385965,0
2025-02,파워링크,01.홈카메라_확장_MO@naver_powerlink,01-2.홈CCTV+보안_6_MO@cpc_mc058_h,2530,490,3,0,0,0,0.00612244898,0
2025-02,파워링크,01.홈카메라_확장_MO@naver_powerlink,01-2.홈CCTV+보안_7_MO@cpc_mc058_h,4609,466,6,0,0,0,0.01287553648,0
2025-02,파워링크,01.홈카메라_확장_MO@naver_powerlink,01-2.홈CCTV+보안_8_MO@cpc_mc058_h,0,317,0,0,0,0,0,0
2025-02,파워링크,01.홈카메라_확장_MO@naver_powerlink,01-2.홈CCTV+어른_1_MO@cpc_mc058_h,3531,256,10,0,0,0,0.0390625,0
2025-02,파워링크,01.홈카메라_확장_MO@naver_powerlink,01-2.홈CCTV+어른_2_MO@cpc_mc058_h,8107,128,9,0,0,0,0.0703125,0
2025-02,파워링크,01.홈카메라_확장_MO@naver_powerlink,01-2.홈CCTV+어른_3_MO@cpc_mc058_h,1540,184,9,0,0,0,0.04891304348,0
2025-02,파워링크,01.홈카메라_확장_MO@naver_powerlink,01-2.홈CCTV+육아_1_MO@cpc_mc058_h,0,16,0,0,0,0,0,0
2025-02,파워링크,01.홈카메라_확장_MO@naver_powerlink,01-2.홈CCTV+육아_2_MO@cpc_mc058_h,0,7,0,0,0,0,0,0
2025-02,파워링크,01.홈카메라_확장_MO@naver_powerlink,01-2.홈CCTV+육아_3_MO@cpc_mc058_h,0,1,0,0,0,0,0,0
2025-02,파워링크,01.홈카메라_확장_MO@naver_powerlink,01-2.홈CCTV+육아_4_MO@cpc_mc058_h,0,3,0,0,0,0,0,0
2025-02,파워링크,01.홈카메라_확장_MO@naver_powerlink,01-2.홈CCTV+육아_5_MO@cpc_mc058_h,704,316,3,0,0,0,0.009493670886,0
2025-02,파워링크,01.홈카메라_확장_MO@naver_powerlink,01-2.홈CCTV+육아_6_MO@cpc_mc058_h,0,8,0,0,0,0,0,0
2025-02,파워링크,01.홈카메라_확장_MO@naver_powerlink,01-2.홈CCTV+육아_7_MO@cpc_mc058_h,0,12,0,0,0,0,0,0
2025-02,파워링크,01.홈카메라_확장_MO@naver_powerlink,01-2.홈CCTV+육아_8_MO@cpc_mc058_h,0,40,0,0,0,0,0,0
2025-02,파워링크,01.홈카메라_확장_MO@naver_powerlink,01-2.홈카메라+반려_1_MO@cpc_mc058_h,42625,1251,47,17,267900,6.285043988,0.03756994404,0.3617021277
2025-02,파워링크,01.홈카메라_확장_MO@naver_powerlink,01-2.홈카메라+반려_2_MO@cpc_mc058_h,0,185,0,0,0,0,0,0
2025-02,파워링크,01.홈카메라_확장_MO@naver_powerlink,01-2.홈카메라+보안_1_MO@cpc_mc058_h,1155,841,3,0,0,0,0.003567181926,0
2025-02,파워링크,01.홈카메라_확장_MO@naver_powerlink,01-2.홈카메라+보안_2_MO@cpc_mc058_h,3377,319,6,0,0,0,0.01880877743,0
2025-02,파워링크,01.홈카메라_확장_MO@naver_powerlink,01-2.홈카메라+보안_3_MO@cpc_mc058_h,649,44,1,0,0,0,0.02272727273,0
2025-02,파워링크,01.홈카메라_확장_MO@naver_powerlink,01-2.홈카메라+어른_MO@cpc_mc058_h,4004,236,21,1,0,0,0.08898305085,0.04761904762
2025-02,파워링크,01.홈카메라_확장_MO@naver_powerlink,01-2.홈카메라+육아_1_MO@cpc_mc058_h,484,40,2,0,0,0,0.05,0
2025-02,파워링크,01.홈카메라_확장_MO@naver_powerlink,01-2.홈카메라+육아_2_MO@cpc_mc058_h,759,302,2,0,0,0,0.006622516556,0
2025-02,파워링크,01.홈카메라_확장_MO@naver_powerlink,01-2.홈캠+반려_MO@cpc_mc058_h,80388,2674,76,4,203500,2.531472359,0.02842183994,0.05263157895
2025-02,파워링크,01.홈카메라_확장_MO@naver_powerlink,01-2.홈캠+보안_1_MO@cpc_mc058_h,506,346,6,0,0,0,0.01734104046,0
2025-02,파워링크,01.홈카메라_확장_MO@naver_powerlink,01-2.홈캠+보안_2_MO@cpc_mc058_h,275,384,3,0,0,0,0.0078125,0
2025-02,파워링크,01.홈카메라_확장_MO@naver_powerlink,01-2.홈캠+어른_MO@cpc_mc058_h,12892,1536,51,0,0,0,0.033203125,0
2025-02,파워링크,01.홈카메라_확장_MO@naver_powerlink,01-2.홈캠+육아_1_MO@cpc_mc058_h,4312,1257,10,0,0,0,0.007955449483,0
2025-02,파워링크,01.홈카메라_확장_MO@naver_powerlink,01-2.홈캠+육아_2_MO@cpc_mc058_h,671,952,5,0,0,0,0.00525210084,0
2025-02,파워링크,01.홈카메라_확장_MO@naver_powerlink,01-3.홈CCTV+자영업자_MO@cpc_mc058_h,0,69,0,0,0,0,0,0
2025-02,파워링크,01.홈카메라_확장_MO@naver_powerlink,01-3.홈CCTV+자취생_MO@cpc_mc058_h,0,225,0,0,0,0,0,0
2025-02,파워링크,01.홈카메라_확장_MO@naver_powerlink,01-3.홈카메라+대학생_MO@cpc_mc058_h,0,18,0,0,0,0,0,0
2025-02,파워링크,01.홈카메라_확장_MO@naver_powerlink,01-3.홈카메라+신혼부부_MO@cpc_mc058_h,451,40,1,0,0,0,0.025,0
2025-02,파워링크,01.홈카메라_확장_MO@naver_powerlink,01-3.홈카메라+임산부_MO@cpc_mc058_h,0,2,0,0,0,0,0,0
2025-02,파워링크,01.홈카메라_확장_MO@naver_powerlink,01-3.홈카메라+자영업자_MO@cpc_mc058_h,0,89,0,0,0,0,0,0
2025-02,파워링크,01.홈카메라_확장_MO@naver_powerlink,01-3.홈카메라+자취생_MO@cpc_mc058_h,264,176,1,0,0,0,0.005681818182,0
2025-02,파워링크,01.홈카메라_확장_MO@naver_powerlink,01-3.홈캠+대학생_MO@cpc_mc058_h,0,4,0,0,0,0,0,0
2025-02,파워링크,01.홈카메라_확장_MO@naver_powerlink,01-3.홈캠+신혼부부_MO@cpc_mc058_h,0,1,0,0,0,0,0,0
2025-02,파워링크,01.홈카메라_확장_MO@naver_powerlink,01-3.홈캠+임산부_MO@cpc_mc058_h,0,5,0,0,0,0,0,0
2025-02,파워링크,01.홈카메라_확장_MO@naver_powerlink,01-3.홈캠+자취생_MO@cpc_mc058_h,77,34,1,0,0,0,0.02941176471,0
2025-02,파워링크,01.홈카메라_확장_PC@naver_powerlink,01-2.홈CCTV+반려1_PC@cpc_MC0511_h,0,4,0,0,0,0,0,0
2025-02,파워링크,01.홈카메라_확장_PC@naver_powerlink,01-2.홈CCTV+반려3_PC@cpc_mc0511_h,9944,62,3,0,0,0,0.04838709677,0
2025-02,파워링크,01.홈카메라_확장_PC@naver_powerlink,01-2.홈CCTV+반려4_PC@cpc_mc0511_h,1947,245,2,0,0,0,0.008163265306,0
2025-02,파워링크,01.홈카메라_확장_PC@naver_powerlink,01-2.홈CCTV+보안1_PC@cpc_mc0511_h,0,38,0,0,0,0,0,0
2025-02,파워링크,01.홈카메라_확장_PC@naver_powerlink,01-2.홈CCTV+보안3_PC@cpc_mc0511_h,0,4,0,0,0,0,0,0
2025-02,파워링크,01.홈카메라_확장_PC@naver_powerlink,01-2.홈CCTV+보안4_PC@cpc_mc0511_h,0,6,0,0,0,0,0,0
2025-02,파워링크,01.홈카메라_확장_PC@naver_powerlink,01-2.홈CCTV+보안5_PC@cpc_mc0511_h,1001,116,2,0,0,0,0.01724137931,0
2025-02,파워링크,01.홈카메라_확장_PC@naver_powerlink,01-2.홈CCTV+보안6_PC@cpc_mc0511_h,1342,247,2,0,0,0,0.008097165992,0
2025-02,파워링크,01.홈카메라_확장_PC@naver_powerlink,01-2.홈CCTV+보안7_PC@cpc_mc0511_h,0,296,0,0,0,0,0,0
2025-02,파워링크,01.홈카메라_확장_PC@naver_powerlink,01-2.홈CCTV+보안8_PC@cpc_mc0511_h,440,214,3,0,0,0,0.01401869159,0
2025-02,파워링크,01.홈카메라_확장_PC@naver_powerlink,01-2.홈CCTV+어른1_PC@cpc_mc0511_h,979,49,3,0,0,0,0.0612244898,0
2025-02,파워링크,01.홈카메라_확장_PC@naver_powerlink,01-2.홈CCTV+어른2_PC@cpc_mc0511_h,0,41,0,0,0,0,0,0
2025-02,파워링크,01.홈카메라_확장_PC@naver_powerlink,01-2.홈CCTV+어른3_PC@cpc_mc0511_h,781,142,3,1,69900,89.5006402,0.02112676056,0.3333333333
2025-02,파워링크,01.홈카메라_확장_PC@naver_powerlink,01-2.홈CCTV+육아1_PC@cpc_mc0511_h,0,3,0,0,0,0,0,0
2025-02,파워링크,01.홈카메라_확장_PC@naver_powerlink,01-2.홈CCTV+육아5_PC@cpc_mc0511_h,88,51,1,0,0,0,0.01960784314,0
2025-02,파워링크,01.홈카메라_확장_PC@naver_powerlink,01-2.홈CCTV+육아6_PC@cpc_mc0511_h,0,4,0,0,0,0,0,0
2025-02,파워링크,01.홈카메라_확장_PC@naver_powerlink,01-2.홈CCTV+육아7_PC@cpc_mc0511_h,0,2,0,0,0,0,0,0
2025-02,파워링크,01.홈카메라_확장_PC@naver_powerlink,01-2.홈CCTV+육아8_PC@cpc_mc0511_h,0,13,0,0,0,0,0,0
2025-02,파워링크,01.홈카메라_확장_PC@naver_powerlink,01-2.홈카메라+반려1_PC@cpc_mc0511_h,9383,307,11,3,0,0,0.03583061889,0.2727272727
2025-02,파워링크,01.홈카메라_확장_PC@naver_powerlink,01-2.홈카메라+반려2_PC@cpc_mc0511_h,77,10,1,0,0,0,0.1,0
2025-02,파워링크,01.홈카메라_확장_PC@naver_powerlink,01-2.홈카메라+보안1_PC@cpc_mc0511_h,0,247,0,0,0,0,0,0
2025-02,파워링크,01.홈카메라_확장_PC@naver_powerlink,01-2.홈카메라+보안2_PC@cpc_mc0511_h,0,84,0,0,0,0,0,0
2025-02,파워링크,01.홈카메라_확장_PC@naver_powerlink,01-2.홈카메라+보안3_PC@cpc_mc0511_h,0,23,0,0,0,0,0,0
2025-02,파워링크,01.홈카메라_확장_PC@naver_powerlink,01-2.홈카메라+어른PC@cpc_mc0511_h,77,45,1,0,0,0,0.02222222222,0
2025-02,파워링크,01.홈카메라_확장_PC@naver_powerlink,01-2.홈카메라+육아_2_PC@cpc_mc058_h,880,201,2,0,0,0,0.009950248756,0
2025-02,파워링크,01.홈카메라_확장_PC@naver_powerlink,01-2.홈캠+반려_PC@cpc_mc058_h,25399,1965,27,10,122700,4.830898854,0.01374045802,0.3703703704
2025-02,파워링크,01.홈카메라_확장_PC@naver_powerlink,01-2.홈캠+보안_1_PC@cpc_mc058_h,99,46,1,0,0,0,0.02173913043,0
2025-02,파워링크,01.홈카메라_확장_PC@naver_powerlink,01-2.홈캠+보안_2_PC@cpc_mc058_h,638,68,2,1,254700,399.2163009,0.02941176471,0.5
2025-02,파워링크,01.홈카메라_확장_PC@naver_powerlink,01-2.홈캠+어른_PC@cpc_mc058_h,550,248,7,0,0,0,0.02822580645,0
2025-02,파워링크,01.홈카메라_확장_PC@naver_powerlink,01-2.홈캠+육아_1_PC@cpc_mc058_h,1056,260,2,0,0,0,0.007692307692,0
2025-02,파워링크,01.홈카메라_확장_PC@naver_powerlink,01-2.홈캠+육아_2_PC@cpc_mc058_h,6402,1088,9,0,0,0,0.008272058824,0
2025-02,파워링크,01.홈카메라_확장_PC@naver_powerlink,01-3.홈CCTV+자영업자_PC@cpc_mc058_h,0,16,0,0,0,0,0,0
2025-02,파워링크,01.홈카메라_확장_PC@naver_powerlink,01-3.홈CCTV+자취생_PC@cpc_mc058_h,0,4,0,0,0,0,0,0
2025-02,파워링크,01.홈카메라_확장_PC@naver_powerlink,01-3.홈카메라+대학생_PC@cpc_mc058_h,0,3,0,0,0,0,0,0
2025-02,파워링크,01.홈카메라_확장_PC@naver_powerlink,01-3.홈카메라+신혼부부_PC@cpc_mc058_h,0,4,0,0,0,0,0,0
2025-02,파워링크,01.홈카메라_확장_PC@naver_powerlink,01-3.홈카메라+임산부_PC@cpc_mc058_h,0,3,0,0,0,0,0,0
2025-02,파워링크,01.홈카메라_확장_PC@naver_powerlink,01-3.홈카메라+자영업자_PC@cpc_mc058_h,0,2,0,0,0,0,0,0
2025-02,파워링크,01.홈카메라_확장_PC@naver_powerlink,01-3.홈카메라+자취생_PC@cpc_mc058_h,0,3,0,0,0,0,0,0
2025-02,파워링크,01.홈카메라_확장_PC@naver_powerlink,01-3.홈캠+대학생_PC@cpc_mc058_h,0,1,0,0,0,0,0,0
2025-02,파워링크,01.홈카메라_확장_PC@naver_powerlink,01-3.홈캠+자취생_PC@cpc_mc058_h,154,6,2,0,0,0,0.3333333333,0
2025-02,파워링크,02.로봇청소기_메인_MO@naver_powerlink,02-1.로봇청소기_MO@cpc_rc41_h,396297,381876,412,1,0,0,0.001078884245,0.002427184466
2025-02,파워링크,02.로봇청소기_메인_PC@naver_powerlink,02-1.로봇청소기_PC@cpc_rc41_h,85404,315907,105,6,0,0,0.0003323763006,0.05714285714
2025-02,파워링크,02.로봇청소기_확장_MO@naver_powerlink,02-2.로봇청소기+서브_1_MO@cpc_rc41_h,55693,8252,119,1,0,0,0.01442074649,0.008403361345
2025-02,파워링크,02.로봇청소기_확장_MO@naver_powerlink,02-3.로봇청소기+확장_1_MO@cpc_rc41_h,682,254,2,0,0,0,0.007874015748,0
2025-02,파워링크,02.로봇청소기_확장_MO@naver_powerlink,02-3.로봇청소기+확장_2_MO@cpc_rc41_h,0,199,0,0,0,0,0,0
2025-02,파워링크,02.로봇청소기_확장_MO@naver_powerlink,02-3.로봇청소기+확장_3_MO@cpc_rc41_h,0,91,0,0,0,0,0,0
2025-02,파워링크,02.로봇청소기_확장_MO@naver_powerlink,02-3.로봇청소기+확장_4_MO@cpc_rc41_h,1881,139,6,0,0,0,0.04316546763,0
2025-02,파워링크,02.로봇청소기_확장_MO@naver_powerlink,02-3.로봇청소기+확장_5_MO@cpc_rc41_h,0,99,0,0,0,0,0,0
2025-02,파워링크,02.로봇청소기_확장_MO@naver_powerlink,02-3.로봇청소기+확장_6_MO@cpc_rc41_h,418,58,2,0,0,0,0.03448275862,0
2025-02,파워링크,02.로봇청소기_확장_MO@naver_powerlink,02-3.로봇청소기+확장_7_MO@cpc_rc41_h,121,92,1,0,0,0,0.01086956522,0
2025-02,파워링크,02.로봇청소기_확장_MO@naver_powerlink,02-3.로봇청소기+확장_8_MO@cpc_rc41_h,0,37,0,0,0,0,0,0
2025-02,파워링크,02.로봇청소기_확장_MO@naver_powerlink,02-3.로봇청소기+확장_9_MO@cpc_rc41_h,726,180,4,0,0,0,0.02222222222,0
2025-02,파워링크,02.로봇청소기_확장_PC@naver_powerlink,02-2.로봇청소기+서브_1_PC@cpc_rc41_h,88231,13716,66,7,914000,10.35917081,0.004811898513,0.1060606061
2025-02,파워링크,02.로봇청소기_확장_PC@naver_powerlink,02-3.로봇청소기+확장_1_PC@cpc_rc41_h,2035,147,4,0,0,0,0.02721088435,0
2025-02,파워링크,02.로봇청소기_확장_PC@naver_powerlink,02-3.로봇청소기+확장_2_PC@cpc_rc41_h,0,46,0,0,0,0,0,0
2025-02,파워링크,02.로봇청소기_확장_PC@naver_powerlink,02-3.로봇청소기+확장_3_PC@cpc_rc41_h,0,5,0,0,0,0,0,0
2025-02,파워링크,02.로봇청소기_확장_PC@naver_powerlink,02-3.로봇청소기+확장_4_PC@cpc_rc41_h,0,22,0,0,0,0,0,0
2025-02,파워링크,02.로봇청소기_확장_PC@naver_powerlink,02-3.로봇청소기+확장_5_PC@cpc_rc41_h,0,27,0,0,0,0,0,0
2025-02,파워링크,02.로봇청소기_확장_PC@naver_powerlink,02-3.로봇청소기+확장_6_PC@cpc_rc41_h,0,21,0,0,0,0,0,0
2025-02,파워링크,02.로봇청소기_확장_PC@naver_powerlink,02-3.로봇청소기+확장_7_PC@cpc_rc41_h,0,72,0,0,0,0,0,0
2025-02,파워링크,02.로봇청소기_확장_PC@naver_powerlink,02-3.로봇청소기+확장_8_PC@cpc_rc41_h,0,41,0,0,0,0,0,0
2025-02,파워링크,02.로봇청소기_확장_PC@naver_powerlink,02-3.로봇청소기+확장_9_PC@cpc_rc41_h,0,53,0,0,0,0,0,0
2025-02,파워링크,03.반려_메인_MO@naver_powerlink,03-1.자동급식기_MO@cpc_petcare,437712,41073,361,89,1082100,2.472173484,0.008789228934,0.2465373961
2025-02,파워링크,03.반려_메인_MO@naver_powerlink,03-2.펫정수기_MO@cpc_pw30_h,350240,21379,353,46,298300,0.8517016903,0.01651153001,0.1303116147
2025-02,파워링크,03.반려_메인_MO@naver_powerlink,03-3.고양이 장난감_MO@cpc_pt40_h,539,608,2,0,0,0,0.003289473684,0
2025-02,파워링크,03.반려_메인_PC@naver_powerlink,03-1.자동급식기_PC@cpc_petcare,15367,12261,19,5,189600,12.33812716,0.001549628905,0.2631578947
2025-02,파워링크,03.반려_메인_PC@naver_powerlink,03-2.펫정수기_PC@cpc_pw30_h,78551,18466,92,4,133300,1.696986671,0.004982129319,0.04347826087
2025-02,파워링크,03.반려_메인_PC@naver_powerlink,03-3.고양이 장난감_PC@cpc_pt40_h,143,89,2,0,0,0,0.02247191011,0
2025-02,파워링크,03.반려_확장_MO@naver_powerlink,03-3.자동급식기+확장_1_MO@cpc_petcare,355597,17884,324,83,1863900,5.241607775,0.0181167524,0.2561728395
2025-02,파워링크,03.반려_확장_MO@naver_powerlink,03-3.자동급식기+확장_2_MO@cpc_petcare,121,13,1,0,0,0,0.07692307692,0
2025-02,파워링크,03.반려_확장_MO@naver_powerlink,03-3.자동급식기+확장_3_MO@cpc_petcare,1441,345,6,1,153700,106.6620402,0.01739130435,0.1666666667
2025-02,파워링크,03.반려_확장_MO@naver_powerlink,03-3.자동급식기+확장_4_MO@cpc_petcare,3938,300,14,0,0,0,0.04666666667,0
2025-02,파워링크,03.반려_확장_MO@naver_powerlink,03-3.자동급식기+확장_5_MO@cpc_petcare,6116,423,40,5,134900,22.05689993,0.09456264775,0.125
2025-02,파워링크,03.반려_확장_MO@naver_powerlink,03-4.펫정수기+확장_1_MO@cpc_pw30_h,8591,738,9,0,0,0,0.01219512195,0
2025-02,파워링크,03.반려_확장_MO@naver_powerlink,03-4.펫정수기+확장_2_MO@cpc_pw30_h,3828,761,14,9,0,0,0.01839684625,0.6428571429
2025-02,파워링크,03.반려_확장_PC@naver_powerlink,03-3.자동급식기+확장_1_PC@cpc_petcare,100089,9415,84,5,104300,1.042072555,0.008921933086,0.05952380952
2025-02,파워링크,03.반려_확장_PC@naver_powerlink,03-3.자동급식기+확장_2_PC@cpc_petcare,0,8,0,0,0,0,0,0
2025-02,파워링크,03.반려_확장_PC@naver_powerlink,03-3.자동급식기+확장_3_PC@cpc_petcare,825,194,3,0,0,0,0.01546391753,0
2025-02,파워링크,03.반려_확장_PC@naver_powerlink,03-3.자동급식기+확장_4_PC@cpc_petcare,594,109,2,0,0,0,0.01834862385,0
2025-02,파워링크,03.반려_확장_PC@naver_powerlink,03-3.자동급식기+확장_5_PC@cpc_petcare,2475,163,10,6,259600,104.8888889,0.06134969325,0.6
2025-02,파워링크,03.반려_확장_PC@naver_powerlink,03-4.펫정수기+확장_1_PC@cpc_pw30_h,1023,167,2,0,0,0,0.0119760479,0
2025-02,파워링크,03.반려_확장_PC@naver_powerlink,03-4.펫정수기+확장_2_PC@cpc_pw30_h,1298,135,4,0,0,0,0.02962962963,0
2025-02,파워링크,04.리모컨허브_메인_MO@naver_powerlink,04-1.리모컨허브_MO@cpc_ir44_h,12650,16964,48,5,39700,3.138339921,0.002829521339,0.1041666667
2025-02,파워링크,04.리모컨허브_메인_PC@naver_powerlink,04-1.리모컨허브_PC@cpc_ir44_h,3707,14775,20,1,19900,5.368222282,0.001353637902,0.05
2025-02,파워링크,05.커튼set_메인_MO@naver_powerlink,05-1.커튼set_MO@cpc_curtainset_h,2372920,192232,1704,149,2600900,1.096075721,0.008864288984,0.08744131455
2025-02,파워링크,05.커튼set_메인_PC@naver_powerlink,05-1.커튼set_PC@cpc_curtainset_h,405383,63440,292,20,554100,1.366855542,0.004602774275,0.06849315068
2025-02,파워링크,05.커튼set_확장_MO@naver_powerlink,05-1.신혼부부1_MO@cpc_curtainset_h,0,78,0,0,0,0,0,0
2025-02,파워링크,05.커튼set_확장_MO@naver_powerlink,05-1.신혼부부2_MO@cpc_curtainset_h,0,2,0,0,0,0,0,0
2025-02,파워링크,05.커튼set_확장_MO@naver_powerlink,05-2.원룸1_MO@cpc_curtainset_h,66,70,1,0,0,0,0.01428571429,0
2025-02,파워링크,05.커튼set_확장_MO@naver_powerlink,05-2.원룸2_MO@cpc_curtainset_h,0,1,0,0,0,0,0,0
2025-02,파워링크,05.커튼set_확장_MO@naver_powerlink,05-3.신혼집1_MO@cpc_curtainset_h,209,78,1,0,0,0,0.01282051282,0
2025-02,파워링크,05.커튼set_확장_MO@naver_powerlink,05-3.신혼집2_MO@cpc_curtainset_h,0,2,0,0,0,0,0,0
2025-02,파워링크,05.커튼set_확장_MO@naver_powerlink,05-4.가정집1_MO@cpc_curtainset_h,0,9,0,0,0,0,0,0
2025-02,파워링크,05.커튼set_확장_MO@naver_powerlink,05-4.가정집2_MO@cpc_curtainset_h,55,59,1,0,0,0,0.01694915254,0
2025-02,파워링크,05.커튼set_확장_MO@naver_powerlink,05-5.확장_MO@cpc_curtainset_h,15972,1149,44,2,0,0,0.03829416884,0.04545454545
2025-02,파워링크,05.커튼set_확장_PC@naver_powerlink,05-1.신혼부부1_PC@cpc_curtainset_h,0,10,0,0,0,0,0,0
2025-02,파워링크,05.커튼set_확장_PC@naver_powerlink,05-1.신혼부부2_PC@cpc_curtainset_h,0,2,0,0,0,0,0,0
2025-02,파워링크,05.커튼set_확장_PC@naver_powerlink,05-2.원룸1_PC@cpc_curtainset_h,0,30,0,0,0,0,0,0
2025-02,파워링크,05.커튼set_확장_PC@naver_powerlink,05-2.원룸2_PC@cpc_curtainset_h,0,4,0,0,0,0,0,0
2025-02,파워링크,05.커튼set_확장_PC@naver_powerlink,05-3.신혼집1_PC@cpc_curtainset_h,0,38,0,0,0,0,0,0
2025-02,파워링크,05.커튼set_확장_PC@naver_powerlink,05-4.가정집1_PC@cpc_curtainset_h,0,7,0,0,0,0,0,0
2025-02,파워링크,05.커튼set_확장_PC@naver_powerlink,05-4.가정집2_PC@cpc_curtainset_h,0,31,0,0,0,0,0,0
2025-02,파워링크,05.커튼set_확장_PC@naver_powerlink,05-5.확장_PC@cpc_curtainset_h,14388,522,23,0,0,0,0.04406130268,0
2025-02,파워링크,06.멀티탭_메인_MO@naver_powerlink,06-1.멀티탭_MO@cpc_ps03_h,32032,40584,43,0,0,0,0.00105953085,0
2025-02,파워링크,06.멀티탭_메인_PC@naver_powerlink,06-1.멀티탭_PC@cpc_ps03_h,124212,121749,145,20,134600,1.083631211,0.001190974875,0.1379310345
2025-02,파워링크,08.전원_메인_MO@naver_powerlink,08-2.전원기기_MO@cpc_power_h,34496,5369,84,1,49800,1.44364564,0.01564537158,0.0119047619
2025-02,파워링크,08.전원_메인_PC@naver_powerlink,8-2.전원기기_PC@cpc_power_h,16621,8265,44,10,106700,6.419589676,0.005323653962,0.2272727273
2025-02,파워링크,08.전원_확장_MO@naver_powerlink,08-4.전원기기+확장_MO@cpc_power_h,1474,554,5,0,0,0,0.009025270758,0
2025-02,파워링크,08.전원_확장_PC@naver_powerlink,08-4.전원기기+확장_PC@cpc_power_h,2431,324,10,0,0,0,0.03086419753,0
2025-02,파워링크,09.센서_메인_MO@naver_powerlink,09-1.온습도계_MO@cpc_th14_h,15774,2042,44,28,257200,16.30531254,0.02154750245,0.6363636364
2025-02,파워링크,09.센서_메인_PC@naver_powerlink,09-1.온습도계_PC@cpc_th14_h,7557,1358,19,11,0,0,0.01399116348,0.5789473684
2025-02,파워링크,09.센서_확장_MO@naver_powerlink,09-2.온습도계+확장1_MO@cpc_th14_h,6006,5418,21,0,0,0,0.003875968992,0
2025-02,파워링크,09.센서_확장_MO@naver_powerlink,09-2.온습도계+확장2_MO@cpc_th14_h,1760,690,8,0,0,0,0.0115942029,0
2025-02,파워링크,09.센서_확장_PC@naver_powerlink,09-2.온습도계+확장1_PC@cpc_th14_h,1298,2779,6,1,0,0,0.002159050018,0.1666666667
2025-02,파워링크,09.센서_확장_PC@naver_powerlink,09-2.온습도계+확장2_PC@cpc_th14_h,198,45,1,0,0,0,0.02222222222,0
2025-03,브랜드검색/신제품검색,01.신규 자사명@naver_brandsearch,신규_MO_자사명@cpd_hejhome_h,0,59080,20900,10217,158841580,inf,0.3537576168,0.4888516746
2025-03,브랜드검색/신제품검색,01.신규 자사명@naver_brandsearch,신규_PC_자사명@cpd_hejhome_h,0,11240,5471,2794,55334540,inf,0.4867437722,0.5106927436
2025-03,브랜드검색/신제품검색,신제품_TEST,신제품_강아지자동급식기,0,822,129,0,0,0,0.1569343066,0
2025-03,브랜드검색/신제품검색,신제품_TEST,신제품_고양이자동급식기,0,749,110,0,0,0,0.1468624833,0
2025-03,쇼핑검색,00.브랜드형@naver_shoppingbrand,00-0.자상호@cpc_mc05_h,8756,1057,26,14,104800,11.96893559,0.02459791864,0.5384615385
2025-03,쇼핑검색,00.자상호_MO@naver_shoppingsearch,01-1.홈카메라_MO@cpc_mc05_h,10746813,166548,6597,2512,51117870,4.756560852,0.03961020246,0.380779142
2025-03,쇼핑검색,00.자상호_MO@naver_shoppingsearch,01-4.펫캠_MO@cpc_mc059_h,1476321,85363,883,501,7893070,5.346445658,0.01034406007,0.5673839185
2025-03,쇼핑검색,00.자상호_MO@naver_shoppingsearch,01-5.베이비캠_MO@cpc_mc05_h,178442,4322,135,30,1114160,6.243821522,0.0312355391,0.2222222222
2025-03,쇼핑검색,00.자상호_MO@naver_shoppingsearch,02-1.전동커튼_MO@cpc_curtainset_h,30844,1084,20,2,0,0,0.0184501845,0.1
2025-03,쇼핑검색,00.자상호_MO@naver_shoppingsearch,03-2.전구_MO@cpc_lb03r_h,8272,1509,20,0,0,0,0.01325381047,0
2025-03,쇼핑검색,00.자상호_MO@naver_shoppingsearch,04-1.온습도계_MO@cpc_th14_h,64889,6552,121,48,858890,13.23629583,0.01846764347,0.3966942149
2025-03,쇼핑검색,00.자상호_MO@naver_shoppingsearch,04-1.온습도센서_MO@cpc_th02_h,297121,15963,318,53,539290,1.81505178,0.01992106747,0.1666666667
2025-03,쇼핑검색,00.자상호_MO@naver_shoppingsearch,07-1.펫급식기_MO@cpc_pf32_h,26334,528,22,0,0,0,0.04166666667,0
2025-03,쇼핑검색,00.자상호_PC@naver_shoppingsearch,01-1.홈카메라_PC@cpc_mc05_h,1316755,23216,1034,491,8450320,6.417534014,0.04453824948,0.4748549323
2025-03,쇼핑검색,00.자상호_PC@naver_shoppingsearch,01-4.펫캠_PC@cpc_mc059_h,85041,5964,62,14,250600,2.94681389,0.01039570758,0.2258064516
2025-03,쇼핑검색,00.자상호_PC@naver_shoppingsearch,01-5.베이비캠_PC@cpc_mc05_h,8624,1425,8,5,0,0,0.005614035088,0.625
2025-03,쇼핑검색,00.자상호_PC@naver_shoppingsearch,02-1.전동커튼_PC@cpc_curtainset_h,12914,270,9,0,0,0,0.03333333333,0
2025-03,쇼핑검색,00.자상호_PC@naver_shoppingsearch,03-2.전구_PC@cpc_lb03r_h,0,54,0,0,0,0,0,0
2025-03,쇼핑검색,00.자상호_PC@naver_shoppingsearch,04-1.온습도센서_PC@cpc_th02_h,4279,224,8,10,0,0,0.03571428571,1.25
2025-03,쇼핑검색,01.브랜드형_쇼검@naver_shoppingbrand, 01-1.홈카메라@cpc_mc05_h,101002,61975,219,52,736700,7.293914972,0.003533682937,0.2374429224
2025-03,쇼핑검색,01.브랜드형_쇼검@naver_shoppingbrand,01-1.커튼@cpc_curtainset_h,324588,269182,399,10,423470,1.304638496,0.001482268502,0.02506265664
2025-03,쇼핑검색,01.펫_MO@naver_shoppingbrand,00-0.브랜드형_급식기_MO@cpc_pf32_h,77517,95675,126,11,206800,2.667801902,0.001316958453,0.0873015873
2025-03,쇼핑검색,01.펫_MO@naver_shoppingbrand,00-0.브랜드형_장난감_MO@cpc_pt40_h,25190,30077,53,6,70300,2.790789996,0.001762143831,0.1132075472
2025-03,쇼핑검색,01.펫_MO@naver_shoppingbrand,00-0.브랜드형_정수기_MO@cpc_pw30_h,26048,12985,67,0,0,0,0.005159799769,0
2025-03,쇼핑검색,01.펫_PC@naver_shoppingbrand,00-0.브랜드형_급식기_PC@cpc_pf32_h,990,42639,3,0,0,0,0.00007035812285,0
2025-03,쇼핑검색,01.펫_PC@naver_shoppingbrand,00-0.브랜드형_정수기_PC@cpc_pw30_h,0,7759,0,0,0,0,0,0
2025-03,쇼핑검색,01.홈캠_MO@naver_shoppingsearch,1.A01_홈카메라_MO@cpc_mc05_h,291951,16220,259,104,1638600,5.612585674,0.01596794081,0.4015444015
2025-03,쇼핑검색,01.홈캠_MO@naver_shoppingsearch,1.A02_홈캠_MO@cpc_mc05_h,9945837,266953,4904,1061,22603080,2.272617176,0.01837027492,0.2163539967
2025-03,쇼핑검색,01.홈캠_MO@naver_shoppingsearch,1.A03_홈CCTV_MO@cpc_mc05_h,1226786,42500,586,122,3427310,2.793730936,0.01378823529,0.2081911263
2025-03,쇼핑검색,01.홈캠_MO@naver_shoppingsearch,1.B01_홈카메라_MO@cpc_mc05_h,18744,573,13,0,0,0,0.02268760908,0
2025-03,쇼핑검색,01.홈캠_MO@naver_shoppingsearch,1.B02_홈캠_MO@cpc_mc05_h,841511,10840,473,87,1370200,1.628261544,0.04363468635,0.1839323467
2025-03,쇼핑검색,01.홈캠_MO@naver_shoppingsearch,1.B03_홈CCTV_MO@cpc_mc05_h,22660,2928,32,0,0,0,0.01092896175,0
2025-03,쇼핑검색,01.홈캠_MO@naver_shoppingsearch,1.B04_강아지캠_MO@cpc_mc05_h,547305,9431,369,26,815200,1.489480272,0.03912628565,0.07046070461
2025-03,쇼핑검색,01.홈캠_MO@naver_shoppingsearch,1.B05_고양이캠_MO@cpc_mc05_h,9075,444,10,0,0,0,0.02252252252,0
2025-03,쇼핑검색,01.홈캠_MO@naver_shoppingsearch,1.B06_육아캠_MO@cpc_mc05_h,336677,11879,313,52,1278100,3.796220116,0.02634901928,0.1661341853
2025-03,쇼핑검색,01.홈캠_MO@naver_shoppingsearch,1.B07_맞벌이부부캠_MO@cpc_mc05_h,873587,38746,593,194,4233580,4.846203068,0.01530480566,0.3271500843
2025-03,쇼핑검색,01.홈캠_MO@naver_shoppingsearch,1.B08_보안캠_MO@cpc_mc05_h,20889,2590,32,1,119800,5.735075877,0.01235521236,0.03125
2025-03,쇼핑검색,01.홈캠_MO@naver_shoppingsearch,1.B09_부모님캠_MO@cpc_mc05_h,39127,1290,78,3,266100,6.800930304,0.06046511628,0.03846153846
2025-03,쇼핑검색,01.홈캠_MO@naver_shoppingsearch,1.B10_스마트캠_MO@cpc_mc05_h,13123,1471,17,0,0,0,0.01155676411,0
2025-03,쇼핑검색,01.홈캠_PC@naver_shoppingsearch,1.A01_홈카메라_PC@cpc_mc05,461483,224724,302,78,1727980,3.74440662,0.001343870704,0.2582781457
2025-03,쇼핑검색,01.홈캠_PC@naver_shoppingsearch,1.A02_홈캠_PC@cpc_mc05_h,1133627,15920,650,140,3387480,2.988178651,0.04082914573,0.2153846154
2025-03,쇼핑검색,01.홈캠_PC@naver_shoppingsearch,1.A03_홈CCTV_PC@cpc_mc05,75801,3089,44,2,59900,0.7902270419,0.01424409194,0.04545454545
2025-03,쇼핑검색,01.홈캠_PC@naver_shoppingsearch,1.B01_홈카메라_PC@cpc_mc05,65879,1304,30,0,0,0,0.02300613497,0
2025-03,쇼핑검색,01.홈캠_PC@naver_shoppingsearch,1.B02_홈캠_PC@cpc_mc05,73128,1147,40,9,223700,3.059019801,0.03487358326,0.225
2025-03,쇼핑검색,01.홈캠_PC@naver_shoppingsearch,1.B03_홈CCTV_PC@cpc_mc05,130119,3667,78,3,59900,0.4603478354,0.02127079356,0.03846153846
2025-03,쇼핑검색,01.홈캠_PC@naver_shoppingsearch,1.B04_강아지캠_PC@cpc_mc05,3641,542,6,0,0,0,0.0110701107,0
2025-03,쇼핑검색,01.홈캠_PC@naver_shoppingsearch,1.B05_고양이캠_PC@cpc_mc05,0,59,0,0,0,0,0,0
2025-03,쇼핑검색,01.홈캠_PC@naver_shoppingsearch,1.B06_육아캠_PC@cpc_mc05,255497,7256,148,27,770100,3.01412541,0.0203969129,0.1824324324
2025-03,쇼핑검색,01.홈캠_PC@naver_shoppingsearch,1.B07_맞벌이부부캠_PC@cpc_mc05,693,2010,2,0,0,0,0.0009950248756,0
2025-03,쇼핑검색,01.홈캠_PC@naver_shoppingsearch,1.B08_보안캠_PC@cpc_mc05,187,354,2,0,0,0,0.005649717514,0
2025-03,쇼핑검색,01.홈캠_PC@naver_shoppingsearch,1.B09_부모님캠_PC@cpc_mc05,8536,1262,15,0,0,0,0.0118858954,0
2025-03,쇼핑검색,01.홈캠_PC@naver_shoppingsearch,1.B10_스마트캠_PC@cpc_mc05,33616,1289,27,0,0,0,0.02094647013,0
2025-03,쇼핑검색,02.커튼_MO@naver_shoppingsearch,1.A02_전동레일_MO@cpc_curtainset,0,18,0,0,0,0,0,0
2025-03,쇼핑검색,02.커튼_MO@naver_shoppingsearch,1.B01_전동커튼_MO@cpc_curtainset,1529,28,1,0,0,0,0.03571428571,0
2025-03,쇼핑검색,02.커튼_MO@naver_shoppingsearch,1.B07_자동커튼_MO@cpc_curtainset,0,7,0,0,0,0,0,0
2025-03,쇼핑검색,02.커튼_MO@naver_shoppingsearch,2.B01_우드블라인드_MO@cpc_bw15,34518,5519,78,1,287900,8.340575931,0.01413299511,0.01282051282
2025-03,쇼핑검색,02.커튼_MO@naver_shoppingsearch,2.B02_블라인드_MO@cpc_bm23,287837,18346,365,2,129000,0.4481703186,0.01989534503,0.005479452055
2025-03,쇼핑검색,02.커튼_PC@naver_shoppingsearch,1.A01_전동커튼_PC@cpc_curtainset,0,17,0,0,0,0,0,0
2025-03,쇼핑검색,02.커튼_PC@naver_shoppingsearch,1.A02_전동레일_PC@cpc_curtainset,0,14,0,0,0,0,0,0
2025-03,쇼핑검색,02.커튼_PC@naver_shoppingsearch,2.B01_우드블라인드PC@cpc_bw15,142736,43353,115,1,0,0,0.002652642262,0.008695652174
2025-03,쇼핑검색,02.커튼_PC@naver_shoppingsearch,2.B02_블라인드PC@cpc_bm23,236511,20838,162,15,308000,1.302265011,0.007774258566,0.09259259259
2025-03,쇼핑검색,03.조명_MO@naver_shoppingsearch,03-1.라인LED_MO@cpc_ls06_h,366047,55103,329,39,589600,1.61072212,0.005970636807,0.1185410334
2025-03,쇼핑검색,03.조명_MO@naver_shoppingsearch,03-2.전구_MO@cpc_lb03r_h,188452,19134,232,13,245400,1.302188356,0.01212501307,0.05603448276
2025-03,쇼핑검색,03.조명_MO@naver_shoppingsearch,03-3.무드등_MO@cpc_md08_h,184085,22262,241,32,1115600,6.060243909,0.01082562214,0.132780083
2025-03,쇼핑검색,03.조명_MO@naver_shoppingsearch,03-4.스타라이트_MO@cpc_sl24_h,77913,16304,112,9,149700,1.92137384,0.006869479882,0.08035714286
2025-03,쇼핑검색,03.조명_MO@naver_shoppingsearch,03-5.싱크라이트_MO@cpc_sy27_h,13860,1671,25,0,0,0,0.01496110114,0
2025-03,쇼핑검색,03.조명_PC@naver_shoppingsearch,03-1.라인LED_PC@cpc_ls06_h,51282,128395,69,3,0,0,0.0005374041045,0.04347826087
2025-03,쇼핑검색,03.조명_PC@naver_shoppingsearch,03-2.전구_PC@cpc_lb03_h,144342,24550,125,11,99500,0.6893350515,0.005091649695,0.088
2025-03,쇼핑검색,03.조명_PC@naver_shoppingsearch,03-3.무드등_PC@cpc_md08_h,26037,25621,40,45,200590,7.704036563,0.001561219312,1.125
2025-03,쇼핑검색,03.조명_PC@naver_shoppingsearch,03-4.스타라이트_PC@cpc_sl24_h,396,1027,1,0,0,0,0.0009737098345,0
2025-03,쇼핑검색,03.조명_PC@naver_shoppingsearch,03-5.싱크라이트_PC@cpc_sy27_h,3993,820,7,0,0,0,0.008536585366,0
2025-03,쇼핑검색,04.센서_PC@naver_shoppingsearch,04-1.스마트온습도계_PC@cpc_th14_h,83435,15590,98,23,397700,4.766584767,0.006286080821,0.2346938776
2025-03,쇼핑검색,04.센서_PC@naver_shoppingsearch,04-2.온습도센서_PC@cpc_th02_h,86845,20540,109,2,0,0,0.005306718598,0.01834862385
2025-03,쇼핑검색,04.센서_PC@naver_shoppingsearch,04-3.냉장고온습도계_PC@cpc_th25_h,23804,7487,34,2,198000,8.31792976,0.004541204755,0.05882352941
2025-03,쇼핑검색,04.센서_PC@naver_shoppingsearch,04-4.도어센서_PC@cpc_do02_h,56595,2584,71,1,0,0,0.02747678019,0.01408450704
2025-03,쇼핑검색,04.센서_PC@naver_shoppingsearch,04-5.모션센서_PC@cpc_mo02_h,46816,5743,61,5,0,0,0.01062162633,0.08196721311
2025-03,쇼핑검색,04.센서_PC@naver_shoppingsearch,04-6.스마트사이렌_MO@cpc_sa14_h,9625,1217,34,0,0,0,0.02793755136,0
2025-03,쇼핑검색,04.센서_PC@naver_shoppingsearch,04-7.화재감지센서_PC@cpc_ss26_h,25564,3086,36,2,0,0,0.01166558652,0.05555555556
2025-03,쇼핑검색,04.센서_PC@naver_shoppingsearch,04-8.가스감지센서_PC@cpc_gs26_h,1881,488,3,0,0,0,0.006147540984,0
2025-03,쇼핑검색,04.센서_PC@naver_shoppingsearch,04-9.누수감지센서_PC@cpc_ws26_h,24607,2120,32,1,49900,2.027878246,0.01509433962,0.03125
2025-03,쇼핑검색,05.전원_MO@naver_shoppingsearch,05-3.플러그_MO@cpc_ep2_h,29568,6768,84,25,237800,8.042478355,0.01241134752,0.2976190476
2025-03,쇼핑검색,05.전원_MO@naver_shoppingsearch,05-4.멀티탭_MO@cpc_ps03_h,145090,43448,165,1,59900,0.4128471983,0.00379764316,0.006060606061
2025-03,쇼핑검색,05.전원_MO@naver_shoppingsearch,05-4.푸시봇_MO@cpc_fb42_h,1218349,53277,1435,185,3309600,2.716463017,0.02693469978,0.1289198606
2025-03,쇼핑검색,05.전원_PC@naver_shoppingsearch,05-3.플러그_PC@cpc_ep2_h,0,369,0,0,0,0,0,0
2025-03,쇼핑검색,05.전원_PC@naver_shoppingsearch,05-4.멀티탭_PC@cpc_ps03_h,16280,14772,20,0,0,0,0.001353912808,0
2025-03,쇼핑검색,05.전원_PC@naver_shoppingsearch,05-4.푸시봇_PC@cpc_fb42_h,448283,56521,440,82,1114500,2.48615272,0.007784717185,0.1863636364
2025-03,쇼핑검색,07.반려_MO@naver_shoppingsearch,1.B01_스마트급식기_MO@cpc_petcare,1275780,61484,694,147,4783700,3.749627679,0.01128748943,0.211815562
2025-03,쇼핑검색,07.반려_MO@naver_shoppingsearch,1.B02_강아지급식기_MO@cpc_petcare,269610,31589,150,14,453500,1.682059271,0.004748488398,0.09333333333
2025-03,쇼핑검색,07.반려_MO@naver_shoppingsearch,1.B03_고양이급식기_MO@cpc_petcare,34199,17477,20,7,362300,10.59387701,0.00114436116,0.35
2025-03,쇼핑검색,07.반려_MO@naver_shoppingsearch,1.B04_펫급식기_MO@cpc_petcare,232309,6212,119,28,844500,3.635244437,0.01915647135,0.2352941176
2025-03,쇼핑검색,07.반려_MO@naver_shoppingsearch,1.B05_자동급식기_MO@cpc_petcare,3311,5012,4,0,0,0,0.000798084597,0
2025-03,쇼핑검색,07.반려_MO@naver_shoppingsearch,2.B01_펫정수기_MO@cpc_pw30,8580,1192,11,0,0,0,0.009228187919,0
2025-03,쇼핑검색,07.반려_MO@naver_shoppingsearch,3.B01_고양이장난감_MO@cpc_pt40,150172,26905,181,42,723800,4.819806622,0.006727374094,0.2320441989
2025-03,쇼핑검색,07.반려_MO@naver_shoppingsearch,★07-1.자동급식기_MO@cpc_petcare,91784,84164,100,1,130600,1.422905953,0.001188156456,0.01
2025-03,쇼핑검색,07.반려_MO@naver_shoppingsearch,★07-1.펫급식기_MO@cpc_petcare,142571,3506,109,6,269800,1.892390458,0.03108956075,0.05504587156
2025-03,쇼핑검색,07.반려_MO@naver_shoppingsearch,★07-2.펫정수기_MO@cpc_pw30_h,62568,5346,65,35,332000,5.306226825,0.01215862327,0.5384615385
2025-03,쇼핑검색,07.반려_PC@naver_shoppingsearch,1.B01_스마트급식기_PC@cpc_petcare,18612,103219,23,0,0,0,0.0002228271927,0
2025-03,쇼핑검색,07.반려_PC@naver_shoppingsearch,1.B02_강아지급식기_PC@cpc_petcare,226842,89324,119,9,287600,1.267842816,0.00133222874,0.0756302521
2025-03,쇼핑검색,07.반려_PC@naver_shoppingsearch,1.B03_고양이급식기_PC@cpc_petcare,8173,68607,15,0,0,0,0.0002186365823,0
2025-03,쇼핑검색,07.반려_PC@naver_shoppingsearch,1.B04_펫급식기_PC@cpc_petcare,28380,2928,23,11,0,0,0.007855191257,0.4782608696
2025-03,쇼핑검색,07.반려_PC@naver_shoppingsearch,1.B05_자동급식기_PC@cpc_petcare,0,48,0,0,0,0,0,0
2025-03,쇼핑검색,07.반려_PC@naver_shoppingsearch,2.B01_펫정수기_PC@cpc_pw30,10802,939,10,7,112700,10.4332531,0.01064962726,0.7
2025-03,쇼핑검색,07.반려_PC@naver_shoppingsearch,3.B01_고양이장난감_PC@cpc_pt40,27082,34310,45,10,112700,4.16143564,0.001311570971,0.2222222222
2025-03,쇼핑검색,07.반려_PC@naver_shoppingsearch,★07-1.펫급식기_PC@cpc_petcare,4972,351,3,0,0,0,0.008547008547,0
2025-03,쇼핑검색,07.반려_PC@naver_shoppingsearch,★07-2.펫정수기_PC@cpc_pw30_h,3454,1161,4,1,0,0,0.003445305771,0.25
2025-03,쇼핑검색,08.리빙_MO@naver_shoppingsearch,08-1.체중계_MO@cpc_bs35_h,10703,10109,29,3,29900,2.793609268,0.002868730834,0.1034482759
2025-03,쇼핑검색,08.리빙_MO@naver_shoppingsearch,08-2.리모컨허브_MO@cpc_ir02_h,139458,21855,262,66,600800,4.3081071,0.01198810341,0.2519083969
2025-03,쇼핑검색,08.리빙_MO@naver_shoppingsearch,08-2.리모컨허브_MO@cpc_ir441_h,63976,3068,89,34,274200,4.285982243,0.02900912647,0.3820224719
2025-03,쇼핑검색,08.리빙_PC@naver_shoppingsearch,08-1.체중계_PC@cpc_bs35_h,4224,8167,9,0,0,0,0.001101995837,0
2025-03,쇼핑검색,08.리빙_PC@naver_shoppingsearch,08-2.리모컨허브_PC@cpc_ir441_h,25806,5609,36,5,44900,1.739905448,0.006418256374,0.1388888889
2025-03,쇼핑검색,09.로청_MO@naver_shoppingbrand,09.로청_MO@cpc_rc41,1650,1064,5,0,0,0,0.00469924812,0
2025-03,쇼핑검색,09.로청_PC@naver_shoppingbrand,09.로청_pc@cpc_rc41,4554,14033,13,0,0,0,0.0009263878002,0
2025-03,파워링크,00.브랜드_MO@naver_powerlink,00-1.자사명_MO@cpc_hejhome_h,471933,50786,738,212,3734420,7.913030028,0.01453156382,0.2872628726
2025-03,파워링크,00.브랜드_MO@naver_powerlink,00-2.경쟁사_MO@cpc_hejhome_h,1287,1650,13,0,0,0,0.007878787879,0
2025-03,파워링크,00.브랜드_PC@naver_powerlink,00-1.자사명_PC@cpc_hejhome_h,300839,22118,603,249,4114700,13.67741549,0.02726286283,0.4129353234
2025-03,파워링크,01.홈카메라_메인_MO@naver_powerlink,01-1.홈CCTV_MO@cpc_mc0511_h,447271,53748,288,36,314500,0.7031531219,0.005358338915,0.125
2025-03,파워링크,01.홈카메라_메인_MO@naver_powerlink,01-1.홈카메라_MO@cpc_mc0511_h,271568,22695,197,31,716370,2.637902846,0.008680326063,0.1573604061
2025-03,파워링크,01.홈카메라_메인_MO@naver_powerlink,01-1.홈캠_MO@cpc_mc0511_h,308517,9686,197,46,935160,3.031145772,0.02033863308,0.2335025381
2025-03,파워링크,01.홈카메라_메인_PC@naver_powerlink,01-1.홈CCTV_PC@cpc_mc0511_h,29370,12194,32,0,0,0,0.00262424143,0
2025-03,파워링크,01.홈카메라_메인_PC@naver_powerlink,01-1.홈카메라_PC@cpc_mc0511_h,20460,15451,22,2,0,0,0.001423856061,0.09090909091
2025-03,파워링크,01.홈카메라_메인_PC@naver_powerlink,01-1.홈캠_PC@cpc_mc0511_h,8998,1007,14,0,0,0,0.01390268123,0
2025-03,파워링크,01.홈카메라_쿠팡_MO@naver_powerlink,01-1 쿠팡+전환_1_MO@cpc_MC0511_h,1926045,295528,1525,319,6625270,3.439831364,0.005160255543,0.2091803279
2025-03,파워링크,01.홈카메라_쿠팡_MO@naver_powerlink,01-1 쿠팡+전환_2_MO@cpc_MC0511_h,480843,121574,640,53,1437300,2.989125349,0.005264283482,0.0828125
2025-03,파워링크,01.홈카메라_쿠팡_MO@naver_powerlink,01-1 쿠팡+전환_3_MO@cpc_MC0511_h,349767,45917,280,19,180900,0.5172014513,0.006097959361,0.06785714286
2025-03,파워링크,01.홈카메라_쿠팡_PC@naver_powerlink, 01-1 쿠팡+전환_1_PC@cpc_MC0511_h,615593,215570,561,59,1352300,2.196743628,0.002602402932,0.1051693405
2025-03,파워링크,01.홈카메라_쿠팡_PC@naver_powerlink,01-1 쿠팡+전환_2_PC@cpc_MC0511_h,42680,97430,93,5,208600,4.887535145,0.0009545314585,0.05376344086
2025-03,파워링크,01.홈카메라_쿠팡_PC@naver_powerlink,01-1 쿠팡+전환_3_PC@cpc_MC0511_h,19294,24978,30,0,0,0,0.00120105693,0
2025-03,파워링크,01.홈카메라_확장_MO@naver_powerlink,01-2.홈CCTV+반려1_MO@cpc_MC0511_h,0,35,0,0,0,0,0,0
2025-03,파워링크,01.홈카메라_확장_MO@naver_powerlink,01-2.홈CCTV+반려2_MO@cpc_mc0511_h,0,8,0,0,0,0,0,0
2025-03,파워링크,01.홈카메라_확장_MO@naver_powerlink,01-2.홈CCTV+반려3_MO@cpc_mc0511_h,24321,591,20,1,158000,6.496443403,0.03384094755,0.05
2025-03,파워링크,01.홈카메라_확장_MO@naver_powerlink,01-2.홈CCTV+반려4_MO@cpc_mc0511_h,57332,1299,44,1,97700,1.704109398,0.03387220939,0.02272727273
2025-03,파워링크,01.홈카메라_확장_MO@naver_powerlink,01-2.홈CCTV+보안_1_MO@cpc_mc058_h,77,223,1,0,0,0,0.004484304933,0
2025-03,파워링크,01.홈카메라_확장_MO@naver_powerlink,01-2.홈CCTV+보안_2_MO@cpc_mc058_h,0,5,0,0,0,0,0,0
2025-03,파워링크,01.홈카메라_확장_MO@naver_powerlink,01-2.홈CCTV+보안_3_MO@cpc_mc058_h,0,21,0,0,0,0,0,0
2025-03,파워링크,01.홈카메라_확장_MO@naver_powerlink,01-2.홈CCTV+보안_4_MO@cpc_mc058_h,0,46,0,0,0,0,0,0
2025-03,파워링크,01.홈카메라_확장_MO@naver_powerlink,01-2.홈CCTV+보안_5_MO@cpc_mc058_h,0,613,0,0,0,0,0,0
2025-03,파워링크,01.홈카메라_확장_MO@naver_powerlink,01-2.홈CCTV+보안_6_MO@cpc_mc058_h,2849,684,5,0,0,0,0.00730994152,0
2025-03,파워링크,01.홈카메라_확장_MO@naver_powerlink,01-2.홈CCTV+보안_7_MO@cpc_mc058_h,6479,689,7,0,0,0,0.01015965167,0
2025-03,파워링크,01.홈카메라_확장_MO@naver_powerlink,01-2.홈CCTV+보안_8_MO@cpc_mc058_h,6710,699,5,0,0,0,0.007153075823,0
2025-03,파워링크,01.홈카메라_확장_MO@naver_powerlink,01-2.홈CCTV+어른_1_MO@cpc_mc058_h,7458,514,21,9,124100,16.63984983,0.04085603113,0.4285714286
2025-03,파워링크,01.홈카메라_확장_MO@naver_powerlink,01-2.홈CCTV+어른_2_MO@cpc_mc058_h,5500,144,10,0,0,0,0.06944444444,0
2025-03,파워링크,01.홈카메라_확장_MO@naver_powerlink,01-2.홈CCTV+어른_3_MO@cpc_mc058_h,3278,369,14,0,0,0,0.0379403794,0
2025-03,파워링크,01.홈카메라_확장_MO@naver_powerlink,01-2.홈CCTV+육아_1_MO@cpc_mc058_h,0,13,0,0,0,0,0,0
2025-03,파워링크,01.홈카메라_확장_MO@naver_powerlink,01-2.홈CCTV+육아_2_MO@cpc_mc058_h,0,2,0,0,0,0,0,0
2025-03,파워링크,01.홈카메라_확장_MO@naver_powerlink,01-2.홈CCTV+육아_4_MO@cpc_mc058_h,0,4,0,0,0,0,0,0
2025-03,파워링크,01.홈카메라_확장_MO@naver_powerlink,01-2.홈CCTV+육아_5_MO@cpc_mc058_h,957,327,4,0,0,0,0.0122324159,0
2025-03,파워링크,01.홈카메라_확장_MO@naver_powerlink,01-2.홈CCTV+육아_6_MO@cpc_mc058_h,0,16,0,0,0,0,0,0
2025-03,파워링크,01.홈카메라_확장_MO@naver_powerlink,01-2.홈CCTV+육아_7_MO@cpc_mc058_h,0,9,0,0,0,0,0,0
2025-03,파워링크,01.홈카메라_확장_MO@naver_powerlink,01-2.홈CCTV+육아_8_MO@cpc_mc058_h,0,51,0,0,0,0,0,0
2025-03,파워링크,01.홈카메라_확장_MO@naver_powerlink,01-2.홈카메라+반려_1_MO@cpc_mc058_h,31240,1170,34,0,0,0,0.02905982906,0
2025-03,파워링크,01.홈카메라_확장_MO@naver_powerlink,01-2.홈카메라+반려_2_MO@cpc_mc058_h,286,92,2,0,0,0,0.02173913043,0
2025-03,파워링크,01.홈카메라_확장_MO@naver_powerlink,01-2.홈카메라+보안_1_MO@cpc_mc058_h,77,1180,1,0,0,0,0.0008474576271,0
2025-03,파워링크,01.홈카메라_확장_MO@naver_powerlink,01-2.홈카메라+보안_2_MO@cpc_mc058_h,4455,459,8,0,0,0,0.0174291939,0
2025-03,파워링크,01.홈카메라_확장_MO@naver_powerlink,01-2.홈카메라+보안_3_MO@cpc_mc058_h,0,63,0,0,0,0,0,0
2025-03,파워링크,01.홈카메라_확장_MO@naver_powerlink,01-2.홈카메라+어른_MO@cpc_mc058_h,1749,228,6,2,0,0,0.02631578947,0.3333333333
2025-03,파워링크,01.홈카메라_확장_MO@naver_powerlink,01-2.홈카메라+육아_1_MO@cpc_mc058_h,385,49,2,0,0,0,0.04081632653,0
2025-03,파워링크,01.홈카메라_확장_MO@naver_powerlink,01-2.홈카메라+육아_2_MO@cpc_mc058_h,220,488,2,0,0,0,0.004098360656,0
2025-03,파워링크,01.홈카메라_확장_MO@naver_powerlink,01-2.홈캠+반려_MO@cpc_mc058_h,111023,3290,89,37,489400,4.40809562,0.02705167173,0.4157303371
2025-03,파워링크,01.홈카메라_확장_MO@naver_powerlink,01-2.홈캠+보안_1_MO@cpc_mc058_h,451,431,4,0,0,0,0.009280742459,0
2025-03,파워링크,01.홈카메라_확장_MO@naver_powerlink,01-2.홈캠+보안_2_MO@cpc_mc058_h,0,225,0,0,0,0,0,0
2025-03,파워링크,01.홈카메라_확장_MO@naver_powerlink,01-2.홈캠+어른_MO@cpc_mc058_h,30140,1594,56,0,0,0,0.03513174404,0
2025-03,파워링크,01.홈카메라_확장_MO@naver_powerlink,01-2.홈캠+육아_1_MO@cpc_mc058_h,2189,2063,9,3,94300,43.07903152,0.004362578769,0.3333333333
2025-03,파워링크,01.홈카메라_확장_MO@naver_powerlink,01-2.홈캠+육아_2_MO@cpc_mc058_h,616,794,6,0,0,0,0.007556675063,0
2025-03,파워링크,01.홈카메라_확장_MO@naver_powerlink,01-3.홈CCTV+신혼부부_MO@cpc_mc058_h,0,1,0,0,0,0,0,0
2025-03,파워링크,01.홈카메라_확장_MO@naver_powerlink,01-3.홈CCTV+자영업자_MO@cpc_mc058_h,0,220,0,0,0,0,0,0
2025-03,파워링크,01.홈카메라_확장_MO@naver_powerlink,01-3.홈CCTV+자취생_MO@cpc_mc058_h,0,137,0,0,0,0,0,0
2025-03,파워링크,01.홈카메라_확장_MO@naver_powerlink,01-3.홈카메라+대학생_MO@cpc_mc058_h,0,43,0,0,0,0,0,0
2025-03,파워링크,01.홈카메라_확장_MO@naver_powerlink,01-3.홈카메라+신혼부부_MO@cpc_mc058_h,0,31,0,0,0,0,0,0
2025-03,파워링크,01.홈카메라_확장_MO@naver_powerlink,01-3.홈카메라+임산부_MO@cpc_mc058_h,0,5,0,0,0,0,0,0
2025-03,파워링크,01.홈카메라_확장_MO@naver_powerlink,01-3.홈카메라+자영업자_MO@cpc_mc058_h,0,89,0,0,0,0,0,0
2025-03,파워링크,01.홈카메라_확장_MO@naver_powerlink,01-3.홈카메라+자취생_MO@cpc_mc058_h,0,115,0,0,0,0,0,0
2025-03,파워링크,01.홈카메라_확장_MO@naver_powerlink,01-3.홈캠+대학생_MO@cpc_mc058_h,462,18,1,0,0,0,0.05555555556,0
2025-03,파워링크,01.홈카메라_확장_MO@naver_powerlink,01-3.홈캠+신혼부부_MO@cpc_mc058_h,0,6,0,0,0,0,0,0
2025-03,파워링크,01.홈카메라_확장_MO@naver_powerlink,01-3.홈캠+자영업자_MO@cpc_mc058_h,88,34,1,0,0,0,0.02941176471,0
2025-03,파워링크,01.홈카메라_확장_MO@naver_powerlink,01-3.홈캠+자취생_MO@cpc_mc058_h,0,20,0,0,0,0,0,0
2025-03,파워링크,01.홈카메라_확장_PC@naver_powerlink,01-2.홈CCTV+반려1_PC@cpc_MC0511_h,0,19,0,0,0,0,0,0
2025-03,파워링크,01.홈카메라_확장_PC@naver_powerlink,01-2.홈CCTV+반려3_PC@cpc_mc0511_h,4411,58,3,0,0,0,0.05172413793,0
2025-03,파워링크,01.홈카메라_확장_PC@naver_powerlink,01-2.홈CCTV+반려4_PC@cpc_mc0511_h,5445,355,7,0,0,0,0.01971830986,0
2025-03,파워링크,01.홈카메라_확장_PC@naver_powerlink,01-2.홈CCTV+보안1_PC@cpc_mc0511_h,0,90,0,0,0,0,0,0
2025-03,파워링크,01.홈카메라_확장_PC@naver_powerlink,01-2.홈CCTV+보안2_PC@cpc_mc0511_h,0,1,0,0,0,0,0,0
2025-03,파워링크,01.홈카메라_확장_PC@naver_powerlink,01-2.홈CCTV+보안3_PC@cpc_mc0511_h,0,10,0,0,0,0,0,0
2025-03,파워링크,01.홈카메라_확장_PC@naver_powerlink,01-2.홈CCTV+보안4_PC@cpc_mc0511_h,0,2,0,0,0,0,0,0
2025-03,파워링크,01.홈카메라_확장_PC@naver_powerlink,01-2.홈CCTV+보안5_PC@cpc_mc0511_h,2112,142,2,0,0,0,0.01408450704,0
2025-03,파워링크,01.홈카메라_확장_PC@naver_powerlink,01-2.홈CCTV+보안6_PC@cpc_mc0511_h,759,340,1,0,0,0,0.002941176471,0
2025-03,파워링크,01.홈카메라_확장_PC@naver_powerlink,01-2.홈CCTV+보안7_PC@cpc_mc0511_h,77,398,1,0,0,0,0.002512562814,0
2025-03,파워링크,01.홈카메라_확장_PC@naver_powerlink,01-2.홈CCTV+보안8_PC@cpc_mc0511_h,825,485,3,0,0,0,0.00618556701,0
2025-03,파워링크,01.홈카메라_확장_PC@naver_powerlink,01-2.홈CCTV+어른1_PC@cpc_mc0511_h,3256,206,3,0,0,0,0.0145631068,0
2025-03,파워링크,01.홈카메라_확장_PC@naver_powerlink,01-2.홈CCTV+어른2_PC@cpc_mc0511_h,77,60,1,0,0,0,0.01666666667,0
2025-03,파워링크,01.홈카메라_확장_PC@naver_powerlink,01-2.홈CCTV+어른3_PC@cpc_mc0511_h,1430,659,6,0,0,0,0.009104704097,0
2025-03,파워링크,01.홈카메라_확장_PC@naver_powerlink,01-2.홈CCTV+육아1_PC@cpc_mc0511_h,0,3,0,0,0,0,0,0
2025-03,파워링크,01.홈카메라_확장_PC@naver_powerlink,01-2.홈CCTV+육아4_PC@cpc_mc0511_h,77,5,1,0,0,0,0.2,0
2025-03,파워링크,01.홈카메라_확장_PC@naver_powerlink,01-2.홈CCTV+육아5_PC@cpc_mc0511_h,0,89,0,0,0,0,0,0
2025-03,파워링크,01.홈카메라_확장_PC@naver_powerlink,01-2.홈CCTV+육아6_PC@cpc_mc0511_h,0,9,0,0,0,0,0,0
2025-03,파워링크,01.홈카메라_확장_PC@naver_powerlink,01-2.홈CCTV+육아7_PC@cpc_mc0511_h,0,8,0,0,0,0,0,0
2025-03,파워링크,01.홈카메라_확장_PC@naver_powerlink,01-2.홈CCTV+육아8_PC@cpc_mc0511_h,0,10,0,0,0,0,0,0
2025-03,파워링크,01.홈카메라_확장_PC@naver_powerlink,01-2.홈카메라+반려1_PC@cpc_mc0511_h,7227,274,8,0,0,0,0.02919708029,0
2025-03,파워링크,01.홈카메라_확장_PC@naver_powerlink,01-2.홈카메라+반려2_PC@cpc_mc0511_h,154,8,2,0,0,0,0.25,0
2025-03,파워링크,01.홈카메라_확장_PC@naver_powerlink,01-2.홈카메라+보안1_PC@cpc_mc0511_h,1221,335,3,1,104300,85.42178542,0.008955223881,0.3333333333
2025-03,파워링크,01.홈카메라_확장_PC@naver_powerlink,01-2.홈카메라+보안2_PC@cpc_mc0511_h,3234,155,5,0,0,0,0.03225806452,0
2025-03,파워링크,01.홈카메라_확장_PC@naver_powerlink,01-2.홈카메라+보안3_PC@cpc_mc0511_h,0,41,0,0,0,0,0,0
2025-03,파워링크,01.홈카메라_확장_PC@naver_powerlink,01-2.홈카메라+어른PC@cpc_mc0511_h,231,27,3,0,0,0,0.1111111111,0
2025-03,파워링크,01.홈카메라_확장_PC@naver_powerlink,01-2.홈카메라+육아_1_PC@cpc_mc058_h,286,8,1,0,0,0,0.125,0
2025-03,파워링크,01.홈카메라_확장_PC@naver_powerlink,01-2.홈카메라+육아_2_PC@cpc_mc058_h,1023,339,1,0,0,0,0.002949852507,0
2025-03,파워링크,01.홈카메라_확장_PC@naver_powerlink,01-2.홈캠+반려_PC@cpc_mc058_h,27214,3056,27,2,89300,3.28139928,0.008835078534,0.07407407407
2025-03,파워링크,01.홈카메라_확장_PC@naver_powerlink,01-2.홈캠+보안_1_PC@cpc_mc058_h,77,83,1,0,0,0,0.01204819277,0
2025-03,파워링크,01.홈카메라_확장_PC@naver_powerlink,01-2.홈캠+보안_2_PC@cpc_mc058_h,374,88,2,0,0,0,0.02272727273,0
2025-03,파워링크,01.홈카메라_확장_PC@naver_powerlink,01-2.홈캠+어른_PC@cpc_mc058_h,594,384,8,0,0,0,0.02083333333,0
2025-03,파워링크,01.홈카메라_확장_PC@naver_powerlink,01-2.홈캠+육아_1_PC@cpc_mc058_h,2090,575,6,1,99300,47.51196172,0.01043478261,0.1666666667
2025-03,파워링크,01.홈카메라_확장_PC@naver_powerlink,01-2.홈캠+육아_2_PC@cpc_mc058_h,8096,996,8,0,0,0,0.008032128514,0
2025-03,파워링크,01.홈카메라_확장_PC@naver_powerlink,01-3.홈CCTV+자영업자_PC@cpc_mc058_h,0,12,0,0,0,0,0,0
2025-03,파워링크,01.홈카메라_확장_PC@naver_powerlink,01-3.홈CCTV+자취생_PC@cpc_mc058_h,0,11,0,0,0,0,0,0
2025-03,파워링크,01.홈카메라_확장_PC@naver_powerlink,01-3.홈카메라+대학생_PC@cpc_mc058_h,0,12,0,0,0,0,0,0
2025-03,파워링크,01.홈카메라_확장_PC@naver_powerlink,01-3.홈카메라+신혼부부_PC@cpc_mc058_h,0,2,0,0,0,0,0,0
2025-03,파워링크,01.홈카메라_확장_PC@naver_powerlink,01-3.홈카메라+임산부_PC@cpc_mc058_h,77,2,1,0,0,0,0.5,0
2025-03,파워링크,01.홈카메라_확장_PC@naver_powerlink,01-3.홈카메라+자영업자_PC@cpc_mc058_h,0,5,0,0,0,0,0,0
2025-03,파워링크,01.홈카메라_확장_PC@naver_powerlink,01-3.홈카메라+자취생_PC@cpc_mc058_h,0,16,0,0,0,0,0,0
2025-03,파워링크,01.홈카메라_확장_PC@naver_powerlink,01-3.홈캠+자취생_PC@cpc_mc058_h,0,4,0,0,0,0,0,0
2025-03,파워링크,02.로봇청소기_메인_MO@naver_powerlink,02-1.로봇청소기_MO@cpc_rc41_h,404382,317559,409,1,9400,0.02324534722,0.001287949641,0.002444987775
2025-03,파워링크,02.로봇청소기_메인_PC@naver_powerlink,02-1.로봇청소기_PC@cpc_rc41_h,79376,465329,89,6,52600,0.6626688168,0.0001912625261,0.06741573034
2025-03,파워링크,02.로봇청소기_확장_MO@naver_powerlink,02-2.로봇청소기+서브_1_MO@cpc_rc41_h,21406,5330,45,0,0,0,0.008442776735,0
2025-03,파워링크,02.로봇청소기_확장_MO@naver_powerlink,02-3.로봇청소기+확장_1_MO@cpc_rc41_h,3168,371,8,1,0,0,0.02156334232,0.125
2025-03,파워링크,02.로봇청소기_확장_MO@naver_powerlink,02-3.로봇청소기+확장_2_MO@cpc_rc41_h,781,323,3,0,0,0,0.009287925697,0
2025-03,파워링크,02.로봇청소기_확장_MO@naver_powerlink,02-3.로봇청소기+확장_3_MO@cpc_rc41_h,0,47,0,0,0,0,0,0
2025-03,파워링크,02.로봇청소기_확장_MO@naver_powerlink,02-3.로봇청소기+확장_4_MO@cpc_rc41_h,77,126,1,0,0,0,0.007936507937,0
2025-03,파워링크,02.로봇청소기_확장_MO@naver_powerlink,02-3.로봇청소기+확장_5_MO@cpc_rc41_h,77,129,1,0,0,0,0.007751937984,0
2025-03,파워링크,02.로봇청소기_확장_MO@naver_powerlink,02-3.로봇청소기+확장_6_MO@cpc_rc41_h,77,63,1,0,0,0,0.01587301587,0
2025-03,파워링크,02.로봇청소기_확장_MO@naver_powerlink,02-3.로봇청소기+확장_7_MO@cpc_rc41_h,0,136,0,0,0,0,0,0
2025-03,파워링크,02.로봇청소기_확장_MO@naver_powerlink,02-3.로봇청소기+확장_8_MO@cpc_rc41_h,88,61,1,0,0,0,0.01639344262,0
2025-03,파워링크,02.로봇청소기_확장_MO@naver_powerlink,02-3.로봇청소기+확장_9_MO@cpc_rc41_h,2332,312,9,0,0,0,0.02884615385,0
2025-03,파워링크,02.로봇청소기_확장_PC@naver_powerlink,02-2.로봇청소기+서브_1_PC@cpc_rc41_h,153560,12835,92,0,0,0,0.007167900273,0
2025-03,파워링크,02.로봇청소기_확장_PC@naver_powerlink,02-3.로봇청소기+확장_1_PC@cpc_rc41_h,0,182,0,0,0,0,0,0
2025-03,파워링크,02.로봇청소기_확장_PC@naver_powerlink,02-3.로봇청소기+확장_2_PC@cpc_rc41_h,0,61,0,0,0,0,0,0
2025-03,파워링크,02.로봇청소기_확장_PC@naver_powerlink,02-3.로봇청소기+확장_3_PC@cpc_rc41_h,517,9,1,0,0,0,0.1111111111,0
2025-03,파워링크,02.로봇청소기_확장_PC@naver_powerlink,02-3.로봇청소기+확장_4_PC@cpc_rc41_h,66,28,1,0,0,0,0.03571428571,0
2025-03,파워링크,02.로봇청소기_확장_PC@naver_powerlink,02-3.로봇청소기+확장_5_PC@cpc_rc41_h,0,39,0,0,0,0,0,0
2025-03,파워링크,02.로봇청소기_확장_PC@naver_powerlink,02-3.로봇청소기+확장_6_PC@cpc_rc41_h,0,27,0,0,0,0,0,0
2025-03,파워링크,02.로봇청소기_확장_PC@naver_powerlink,02-3.로봇청소기+확장_7_PC@cpc_rc41_h,451,79,1,0,0,0,0.01265822785,0
2025-03,파워링크,02.로봇청소기_확장_PC@naver_powerlink,02-3.로봇청소기+확장_8_PC@cpc_rc41_h,0,27,0,0,0,0,0,0
2025-03,파워링크,02.로봇청소기_확장_PC@naver_powerlink,02-3.로봇청소기+확장_9_PC@cpc_rc41_h,495,88,4,1,699000,1412.121212,0.04545454545,0.25
2025-03,파워링크,03.반려_메인_MO@naver_powerlink,03-1.자동급식기_MO@cpc_petcare,385462,37119,381,72,1886800,4.894905334,0.01026428514,0.188976378
2025-03,파워링크,03.반려_메인_MO@naver_powerlink,03-2.펫정수기_MO@cpc_pw30_h,377443,27286,381,42,332600,0.8811926569,0.01396320457,0.1102362205
2025-03,파워링크,03.반려_메인_MO@naver_powerlink,03-3.고양이 장난감_MO@cpc_pt40_h,0,311,0,0,0,0,0,0
2025-03,파워링크,03.반려_메인_PC@naver_powerlink,03-1.자동급식기_PC@cpc_petcare,5511,18095,6,0,0,0,0.0003315833103,0
2025-03,파워링크,03.반려_메인_PC@naver_powerlink,03-2.펫정수기_PC@cpc_pw30_h,73051,31800,80,5,47800,0.6543373807,0.00251572327,0.0625
2025-03,파워링크,03.반려_메인_PC@naver_powerlink,03-3.고양이 장난감_PC@cpc_pt40_h,220,123,3,0,0,0,0.0243902439,0
2025-03,파워링크,03.반려_확장_MO@naver_powerlink,03-3.자동급식기+확장_1_MO@cpc_petcare,286033,21826,283,101,1495900,5.22981614,0.01296618712,0.3568904594
2025-03,파워링크,03.반려_확장_MO@naver_powerlink,03-3.자동급식기+확장_2_MO@cpc_petcare,0,22,0,0,0,0,0,0
2025-03,파워링크,03.반려_확장_MO@naver_powerlink,03-3.자동급식기+확장_3_MO@cpc_petcare,1056,600,7,0,0,0,0.01166666667,0
2025-03,파워링크,03.반려_확장_MO@naver_powerlink,03-3.자동급식기+확장_4_MO@cpc_petcare,3641,481,16,1,159000,43.66932161,0.03326403326,0.0625
2025-03,파워링크,03.반려_확장_MO@naver_powerlink,03-3.자동급식기+확장_5_MO@cpc_petcare,6622,528,39,12,638900,96.48142555,0.07386363636,0.3076923077
2025-03,파워링크,03.반려_확장_MO@naver_powerlink,03-4.펫정수기+확장_1_MO@cpc_pw30_h,17468,995,27,2,39900,2.28417678,0.02713567839,0.07407407407
2025-03,파워링크,03.반려_확장_MO@naver_powerlink,03-4.펫정수기+확장_2_MO@cpc_pw30_h,3663,887,15,3,23700,6.47010647,0.01691093574,0.2
2025-03,파워링크,03.반려_확장_PC@naver_powerlink,03-3.자동급식기+확장_1_PC@cpc_petcare,86262,21253,92,26,485500,5.628202453,0.00432880064,0.2826086957
2025-03,파워링크,03.반려_확장_PC@naver_powerlink,03-3.자동급식기+확장_2_PC@cpc_petcare,0,3,0,0,0,0,0,0
2025-03,파워링크,03.반려_확장_PC@naver_powerlink,03-3.자동급식기+확장_3_PC@cpc_petcare,1353,341,8,10,20700,15.29933481,0.02346041056,1.25
2025-03,파워링크,03.반려_확장_PC@naver_powerlink,03-3.자동급식기+확장_4_PC@cpc_petcare,3223,209,8,0,0,0,0.03827751196,0
2025-03,파워링크,03.반려_확장_PC@naver_powerlink,03-3.자동급식기+확장_5_PC@cpc_petcare,2816,264,9,0,0,0,0.03409090909,0
2025-03,파워링크,03.반려_확장_PC@naver_powerlink,03-4.펫정수기+확장_1_PC@cpc_pw30_h,4675,190,5,9,115400,24.68449198,0.02631578947,1.8
2025-03,파워링크,03.반려_확장_PC@naver_powerlink,03-4.펫정수기+확장_2_PC@cpc_pw30_h,792,225,4,0,0,0,0.01777777778,0
2025-03,파워링크,04.리모컨허브_메인_MO@naver_powerlink,04-1.리모컨허브_MO@cpc_ir44_h,16885,23728,64,18,161290,9.552265324,0.002697235334,0.28125
2025-03,파워링크,04.리모컨허브_메인_PC@naver_powerlink,04-1.리모컨허브_PC@cpc_ir44_h,2596,22229,9,1,30200,11.63328197,0.0004048765127,0.1111111111
2025-03,파워링크,05.커튼set_메인_MO@naver_powerlink,05-1.커튼set_MO@cpc_curtainset_h,1092630,42554,712,260,5424900,4.964992724,0.0167316821,0.3651685393
2025-03,파워링크,05.커튼set_메인_PC@naver_powerlink,05-1.커튼set_PC@cpc_curtainset_h,372119,65640,253,46,1459300,3.921594974,0.003854357099,0.1818181818
2025-03,파워링크,05.커튼set_확장_MO@naver_powerlink,05-1.신혼부부1_MO@cpc_curtainset_h,539,22,1,0,0,0,0.04545454545,0
2025-03,파워링크,05.커튼set_확장_MO@naver_powerlink,05-1.신혼부부2_MO@cpc_curtainset_h,0,2,0,0,0,0,0,0
2025-03,파워링크,05.커튼set_확장_MO@naver_powerlink,05-2.원룸1_MO@cpc_curtainset_h,77,82,1,0,0,0,0.01219512195,0
2025-03,파워링크,05.커튼set_확장_MO@naver_powerlink,05-2.원룸2_MO@cpc_curtainset_h,0,17,0,0,0,0,0,0
2025-03,파워링크,05.커튼set_확장_MO@naver_powerlink,05-3.신혼집1_MO@cpc_curtainset_h,0,69,0,0,0,0,0,0
2025-03,파워링크,05.커튼set_확장_MO@naver_powerlink,05-3.신혼집2_MO@cpc_curtainset_h,0,4,0,0,0,0,0,0
2025-03,파워링크,05.커튼set_확장_MO@naver_powerlink,05-4.가정집1_MO@cpc_curtainset_h,0,10,0,0,0,0,0,0
2025-03,파워링크,05.커튼set_확장_MO@naver_powerlink,05-4.가정집2_MO@cpc_curtainset_h,77,184,1,0,0,0,0.005434782609,0
2025-03,파워링크,05.커튼set_확장_MO@naver_powerlink,05-5.확장_MO@cpc_curtainset_h,5929,851,20,0,0,0,0.02350176263,0
2025-03,파워링크,05.커튼set_확장_PC@naver_powerlink,05-1.신혼부부1_PC@cpc_curtainset_h,0,20,0,0,0,0,0,0
2025-03,파워링크,05.커튼set_확장_PC@naver_powerlink,05-2.원룸1_PC@cpc_curtainset_h,0,49,0,0,0,0,0,0
2025-03,파워링크,05.커튼set_확장_PC@naver_powerlink,05-2.원룸2_PC@cpc_curtainset_h,0,5,0,0,0,0,0,0
2025-03,파워링크,05.커튼set_확장_PC@naver_powerlink,05-3.신혼집1_PC@cpc_curtainset_h,0,57,0,0,0,0,0,0
2025-03,파워링크,05.커튼set_확장_PC@naver_powerlink,05-3.신혼집2_PC@cpc_curtainset_h,0,4,0,0,0,0,0,0
2025-03,파워링크,05.커튼set_확장_PC@naver_powerlink,05-4.가정집1_PC@cpc_curtainset_h,0,10,0,0,0,0,0,0
2025-03,파워링크,05.커튼set_확장_PC@naver_powerlink,05-4.가정집2_PC@cpc_curtainset_h,0,44,0,0,0,0,0,0
2025-03,파워링크,05.커튼set_확장_PC@naver_powerlink,05-5.확장_PC@cpc_curtainset_h,10681,517,18,0,0,0,0.03481624758,0
2025-03,파워링크,06.멀티탭_메인_MO@naver_powerlink,06-1.멀티탭_MO@cpc_ps03_h,35816,54976,57,0,0,0,0.001036816065,0
2025-03,파워링크,06.멀티탭_메인_PC@naver_powerlink,06-1.멀티탭_PC@cpc_ps03_h,50105,40072,64,19,441000,8.801516815,0.001597125175,0.296875
2025-03,파워링크,08.전원_메인_MO@naver_powerlink,08-2.전원기기_MO@cpc_power_h,36410,8101,85,15,63700,1.749519363,0.01049253179,0.1764705882
2025-03,파워링크,08.전원_메인_PC@naver_powerlink,8-2.전원기기_PC@cpc_power_h,13805,6049,34,7,68800,4.983701557,0.005620763763,0.2058823529
2025-03,파워링크,08.전원_확장_MO@naver_powerlink,08-4.전원기기+확장_MO@cpc_power_h,2156,531,9,0,0,0,0.01694915254,0
2025-03,파워링크,08.전원_확장_PC@naver_powerlink,08-4.전원기기+확장_PC@cpc_power_h,2464,286,8,0,0,0,0.02797202797,0
2025-03,파워링크,09.센서_메인_MO@naver_powerlink,09-1.온습도계_MO@cpc_th14_h,11781,1666,30,3,149500,12.68992445,0.01800720288,0.1
2025-03,파워링크,09.센서_메인_PC@naver_powerlink,09-1.온습도계_PC@cpc_th14_h,5324,1284,13,0,0,0,0.01012461059,0
2025-03,파워링크,09.센서_확장_MO@naver_powerlink,09-2.온습도계+확장1_MO@cpc_th14_h,6512,4497,21,1,0,0,0.004669779853,0.04761904762
2025-03,파워링크,09.센서_확장_MO@naver_powerlink,09-2.온습도계+확장2_MO@cpc_th14_h,1100,495,5,0,0,0,0.0101010101,0
2025-03,파워링크,09.센서_확장_PC@naver_powerlink,09-2.온습도계+확장1_PC@cpc_th14_h,1452,4784,7,0,0,0,0.001463210702,0
2025-03,파워링크,09.센서_확장_PC@naver_powerlink,09-2.온습도계+확장2_PC@cpc_th14_h,121,66,1,0,0,0,0.01515151515,0
2025-04,브랜드검색/신제품검색,01.신규 자사명@naver_brandsearch,신규_MO_자사명@cpd_hejhome_h,0,54962,18670,7860,127660780,inf,0.3396892398,0.4209962507
2025-04,브랜드검색/신제품검색,01.신규 자사명@naver_brandsearch,신규_PC_자사명@cpd_hejhome_h,0,10877,5220,2709,48415390,inf,0.4799117404,0.5189655172
2025-04,쇼핑검색,00.브랜드형@naver_shoppingbrand,00-0.자상호@cpc_mc05_h,671,294,2,0,0,0,0.006802721088,0
2025-04,쇼핑검색,00.브랜드형@naver_shoppingbrand,00-0.자상호@cpc_mc05_h-s,341,63,1,0,0,0,0.01587301587,0
2025-04,쇼핑검색,00.자상호_MO@naver_shoppingsearch,01-1.홈카메라_MO@cpc_mc05_h,11976569,203573,6216,2310,50546340,4.220435753,0.03053450114,0.3716216216
2025-04,쇼핑검색,00.자상호_MO@naver_shoppingsearch,01-4.펫캠_MO@cpc_mc059_h,202202,6739,129,95,1509400,7.464812415,0.01914230598,0.7364341085
2025-04,쇼핑검색,00.자상호_MO@naver_shoppingsearch,01-5.베이비캠_MO@cpc_mc05_h,205018,5134,123,21,687210,3.351949585,0.02395792754,0.1707317073
2025-04,쇼핑검색,00.자상호_MO@naver_shoppingsearch,02-1.전동커튼_MO@cpc_curtainset_h,35211,2952,34,24,240100,6.818891824,0.01151761518,0.7058823529
2025-04,쇼핑검색,00.자상호_MO@naver_shoppingsearch,03-2.전구_MO@cpc_lb03r_h,7876,1668,19,3,18900,2.399695277,0.01139088729,0.1578947368
2025-04,쇼핑검색,00.자상호_MO@naver_shoppingsearch,04-1.온습도계_MO@cpc_th14_h,75482,7559,165,34,614900,8.146313028,0.02182828416,0.2060606061
2025-04,쇼핑검색,00.자상호_MO@naver_shoppingsearch,04-1.온습도센서_MO@cpc_th02_h,277508,14543,294,49,250800,0.9037577295,0.02021591144,0.1666666667
2025-04,쇼핑검색,00.자상호_MO@naver_shoppingsearch,07-1.펫급식기_MO@cpc_pf32_h,208582,24934,195,31,1555300,7.456539874,0.007820646507,0.158974359
2025-04,쇼핑검색,00.자상호_PC@naver_shoppingsearch,01-1.홈카메라_PC@cpc_mc05_h,1716330,48710,980,340,6744000,3.929314293,0.02011907206,0.3469387755
2025-04,쇼핑검색,00.자상호_PC@naver_shoppingsearch,01-4.펫캠_PC@cpc_mc059_h,68992,2522,46,5,457700,6.634102505,0.01823949247,0.1086956522
2025-04,쇼핑검색,00.자상호_PC@naver_shoppingsearch,01-5.베이비캠_PC@cpc_mc05_h,13189,2373,9,0,0,0,0.003792667509,0
2025-04,쇼핑검색,00.자상호_PC@naver_shoppingsearch,02-1.전동커튼_PC@cpc_curtainset_h,19228,462,19,0,0,0,0.04112554113,0
2025-04,쇼핑검색,00.자상호_PC@naver_shoppingsearch,03-2.전구_PC@cpc_lb03r_h,539,172,1,0,0,0,0.005813953488,0
2025-04,쇼핑검색,00.자상호_PC@naver_shoppingsearch,04-1.온습도센서_PC@cpc_th02_h,6886,428,15,17,89600,13.01190822,0.03504672897,1.133333333
2025-04,쇼핑검색,01.브랜드형_쇼검@naver_shoppingbrand, 01-1.홈카메라@cpc_mc05_h,14113,15729,33,12,350200,24.81400128,0.002098035476,0.3636363636
2025-04,쇼핑검색,01.브랜드형_쇼검@naver_shoppingbrand, 01-1.홈카메라@cpc_mc05_h-s,16269,24615,36,2,189500,11.64791936,0.001462522852,0.05555555556
2025-04,쇼핑검색,01.브랜드형_쇼검@naver_shoppingbrand,01-1.커튼@cpc_curtainset_h,68167,52809,76,0,0,0,0.00143914863,0
2025-04,쇼핑검색,01.브랜드형_쇼검@naver_shoppingbrand,01-1.커튼@cpc_curtainset_h-s,84304,89752,89,0,0,0,0.0009916213566,0
2025-04,쇼핑검색,01.펫_MO@naver_shoppingbrand,00-0.브랜드형_급식기_MO@cpc_pf32_h,14795,23304,30,1,205400,13.8830686,0.001287332647,0.03333333333
2025-04,쇼핑검색,01.펫_MO@naver_shoppingbrand,00-0.브랜드형_급식기_MO@cpc_pf32_h-s,34353,39168,49,0,0,0,0.001251021242,0
2025-04,쇼핑검색,01.펫_MO@naver_shoppingbrand,00-0.브랜드형_장난감_MO@cpc_pt40_h,3608,7405,7,0,0,0,0.0009453072248,0
2025-04,쇼핑검색,01.펫_MO@naver_shoppingbrand,00-0.브랜드형_정수기_MO@cpc_pw30_h,5731,2771,13,0,0,0,0.004691447131,0
2025-04,쇼핑검색,01.펫_PC@naver_shoppingbrand,00-0.브랜드형_급식기_PC@cpc_pf32_h,0,39110,0,0,0,0,0,0
2025-04,쇼핑검색,01.펫_PC@naver_shoppingbrand,00-0.브랜드형_급식기_PC@cpc_pf32_h-s,726,15734,2,0,0,0,0.0001271132579,0
2025-04,쇼핑검색,01.펫_PC@naver_shoppingbrand,00-0.브랜드형_정수기_PC@cpc_pw30_h,0,2510,0,0,0,0,0,0
2025-04,쇼핑검색,01.홈캠_MO@naver_shoppingsearch,1.A01_홈카메라_MO@cpc_mc05_h,14718,1580,10,0,0,0,0.006329113924,0
2025-04,쇼핑검색,01.홈캠_MO@naver_shoppingsearch,1.A02_홈캠_MO@cpc_mc05_h,9349967,246120,4133,833,17692300,1.892231277,0.01679262149,0.201548512
2025-04,쇼핑검색,01.홈캠_MO@naver_shoppingsearch,1.A03_홈CCTV_MO@cpc_mc05_h,1185789,36758,515,88,2552030,2.152178845,0.01401055553,0.1708737864
2025-04,쇼핑검색,01.홈캠_MO@naver_shoppingsearch,1.B01_홈카메라_MO@cpc_mc05_h,33990,711,21,1,0,0,0.02953586498,0.04761904762
2025-04,쇼핑검색,01.홈캠_MO@naver_shoppingsearch,1.B02_홈캠_MO@cpc_mc05_h,728332,11403,355,53,1707810,2.344823515,0.0311321582,0.1492957746
2025-04,쇼핑검색,01.홈캠_MO@naver_shoppingsearch,1.B03_홈CCTV_MO@cpc_mc05_h,31031,3759,33,7,227500,7.331378299,0.008778930567,0.2121212121
2025-04,쇼핑검색,01.홈캠_MO@naver_shoppingsearch,1.B04_강아지캠_MO@cpc_mc05_h,1166000,14946,729,109,3461300,2.968524871,0.04877559213,0.1495198903
2025-04,쇼핑검색,01.홈캠_MO@naver_shoppingsearch,1.B05_고양이캠_MO@cpc_mc05_h,32219,853,32,19,208900,6.483751823,0.03751465416,0.59375
2025-04,쇼핑검색,01.홈캠_MO@naver_shoppingsearch,1.B06_육아캠_MO@cpc_mc05_h,406956,14945,330,33,1356200,3.332547008,0.02208096353,0.1
2025-04,쇼핑검색,01.홈캠_MO@naver_shoppingsearch,1.B07_맞벌이부부캠_MO@cpc_mc05_h,2539537,60528,1613,457,12170500,4.79240901,0.02664882368,0.2833230006
2025-04,쇼핑검색,01.홈캠_MO@naver_shoppingsearch,1.B08_보안캠_MO@cpc_mc05_h,17006,3189,27,1,59800,3.516405974,0.008466603951,0.03703703704
2025-04,쇼핑검색,01.홈캠_MO@naver_shoppingsearch,1.B09_부모님캠_MO@cpc_mc05_h,53790,1298,71,13,164200,3.05261201,0.05469953775,0.1830985915
2025-04,쇼핑검색,01.홈캠_MO@naver_shoppingsearch,1.B10_스마트캠_MO@cpc_mc05_h,26004,2893,25,2,0,0,0.008641548566,0.08
2025-04,쇼핑검색,01.홈캠_PC@naver_shoppingsearch,1.A01_홈카메라_PC@cpc_mc05,757966,165566,365,58,1648830,2.175335041,0.002204558907,0.1589041096
2025-04,쇼핑검색,01.홈캠_PC@naver_shoppingsearch,1.A02_홈캠_PC@cpc_mc05_h,1477509,24563,771,84,3121800,2.112880531,0.03138867402,0.1089494163
2025-04,쇼핑검색,01.홈캠_PC@naver_shoppingsearch,1.A03_홈CCTV_PC@cpc_mc05,96800,5643,54,4,149200,1.541322314,0.00956937799,0.07407407407
2025-04,쇼핑검색,01.홈캠_PC@naver_shoppingsearch,1.B01_홈카메라_PC@cpc_mc05,63998,1281,26,0,0,0,0.02029664325,0
2025-04,쇼핑검색,01.홈캠_PC@naver_shoppingsearch,1.B02_홈캠_PC@cpc_mc05,37246,797,19,8,229700,6.167105193,0.02383939774,0.4210526316
2025-04,쇼핑검색,01.홈캠_PC@naver_shoppingsearch,1.B03_홈CCTV_PC@cpc_mc05,229581,6636,129,7,97900,0.4264290163,0.01943942134,0.05426356589
2025-04,쇼핑검색,01.홈캠_PC@naver_shoppingsearch,1.B04_강아지캠_PC@cpc_mc05,1045,737,2,0,0,0,0.002713704206,0
2025-04,쇼핑검색,01.홈캠_PC@naver_shoppingsearch,1.B05_고양이캠_PC@cpc_mc05,363,125,1,0,0,0,0.008,0
2025-04,쇼핑검색,01.홈캠_PC@naver_shoppingsearch,1.B06_육아캠_PC@cpc_mc05,695937,13986,351,121,3419400,4.91337578,0.0250965251,0.3447293447
2025-04,쇼핑검색,01.홈캠_PC@naver_shoppingsearch,1.B07_맞벌이부부캠_PC@cpc_mc05,429,1746,1,0,0,0,0.0005727376861,0
2025-04,쇼핑검색,01.홈캠_PC@naver_shoppingsearch,1.B08_보안캠_PC@cpc_mc05,3234,592,7,0,0,0,0.01182432432,0
2025-04,쇼핑검색,01.홈캠_PC@naver_shoppingsearch,1.B09_부모님캠_PC@cpc_mc05,20427,570,21,0,0,0,0.03684210526,0
2025-04,쇼핑검색,01.홈캠_PC@naver_shoppingsearch,1.B10_스마트캠_PC@cpc_mc05,34936,1391,28,0,0,0,0.02012940331,0
2025-04,쇼핑검색,02.커튼_MO@naver_shoppingsearch,1.A02_전동레일_MO@cpc_curtainset,0,22,0,0,0,0,0,0
2025-04,쇼핑검색,02.커튼_MO@naver_shoppingsearch,1.B01_전동커튼_MO@cpc_curtainset,0,44,0,0,0,0,0,0
2025-04,쇼핑검색,02.커튼_MO@naver_shoppingsearch,1.B07_자동커튼_MO@cpc_curtainset,0,5,0,0,0,0,0,0
2025-04,쇼핑검색,02.커튼_MO@naver_shoppingsearch,2.B01_우드블라인드_MO@cpc_bw15,14322,4487,43,0,0,0,0.009583240472,0
2025-04,쇼핑검색,02.커튼_MO@naver_shoppingsearch,2.B02_블라인드_MO@cpc_bm23,174581,11729,231,1,0,0,0.01969477364,0.004329004329
2025-04,쇼핑검색,02.커튼_PC@naver_shoppingsearch,1.A01_전동커튼_PC@cpc_curtainset,0,17,0,0,0,0,0,0
2025-04,쇼핑검색,02.커튼_PC@naver_shoppingsearch,1.A02_전동레일_PC@cpc_curtainset,0,20,0,0,0,0,0,0
2025-04,쇼핑검색,02.커튼_PC@naver_shoppingsearch,2.B01_우드블라인드PC@cpc_bw15,94017,15917,77,12,1047900,11.1458566,0.004837595024,0.1558441558
2025-04,쇼핑검색,02.커튼_PC@naver_shoppingsearch,2.B02_블라인드PC@cpc_bm23,165572,5360,104,2,0,0,0.01940298507,0.01923076923
2025-04,쇼핑검색,03.조명_MO@naver_shoppingsearch,03-1.라인LED_MO@cpc_ls06_h,280621,53030,240,55,1182800,4.214937585,0.004525740147,0.2291666667
2025-04,쇼핑검색,03.조명_MO@naver_shoppingsearch,03-2.전구_MO@cpc_lb03r_h,171600,18752,212,6,119400,0.6958041958,0.01130546075,0.02830188679
2025-04,쇼핑검색,03.조명_MO@naver_shoppingsearch,03-3.무드등_MO@cpc_md08_h,139271,28062,178,9,356200,2.557603521,0.006343097427,0.05056179775
2025-04,쇼핑검색,03.조명_MO@naver_shoppingsearch,03-4.스타라이트_MO@cpc_sl24_h,69718,17514,96,4,199600,2.862962219,0.005481329222,0.04166666667
2025-04,쇼핑검색,03.조명_MO@naver_shoppingsearch,03-5.싱크라이트_MO@cpc_sy27_h,11396,1708,23,10,0,0,0.01346604215,0.4347826087
2025-04,쇼핑검색,03.조명_PC@naver_shoppingsearch,03-1.라인LED_PC@cpc_ls06_h,41041,96042,49,10,307100,7.482761141,0.000510193457,0.2040816327
2025-04,쇼핑검색,03.조명_PC@naver_shoppingsearch,03-2.전구_PC@cpc_lb03_h,148159,21110,129,20,597400,4.032154645,0.006110847939,0.1550387597
2025-04,쇼핑검색,03.조명_PC@naver_shoppingsearch,03-3.무드등_PC@cpc_md08_h,25267,26251,42,0,0,0,0.00159993905,0
2025-04,쇼핑검색,03.조명_PC@naver_shoppingsearch,03-4.스타라이트_PC@cpc_sl24_h,1133,1127,3,0,0,0,0.002661934339,0
2025-04,쇼핑검색,03.조명_PC@naver_shoppingsearch,03-5.싱크라이트_PC@cpc_sy27_h,2376,1116,5,4,375800,158.1649832,0.004480286738,0.8
2025-04,쇼핑검색,04.센서_PC@naver_shoppingsearch,04-1.스마트온습도계_PC@cpc_th14_h,74085,20157,91,47,657200,8.870891543,0.004514560699,0.5164835165
2025-04,쇼핑검색,04.센서_PC@naver_shoppingsearch,04-2.온습도센서_PC@cpc_th02_h,97922,23066,126,48,301080,3.074692102,0.005462585624,0.380952381
2025-04,쇼핑검색,04.센서_PC@naver_shoppingsearch,04-3.냉장고온습도계_PC@cpc_th25_h,26125,7985,41,1,0,0,0.005134627426,0.0243902439
2025-04,쇼핑검색,04.센서_PC@naver_shoppingsearch,04-4.도어센서_PC@cpc_do02_h,50413,3301,75,0,0,0,0.02272038776,0
2025-04,쇼핑검색,04.센서_PC@naver_shoppingsearch,04-5.모션센서_PC@cpc_mo02_h,62645,5682,73,3,21900,0.3495889536,0.01284758888,0.04109589041
2025-04,쇼핑검색,04.센서_PC@naver_shoppingsearch,04-6.스마트사이렌_MO@cpc_sa14_h,10703,1698,34,0,0,0,0.02002355713,0
2025-04,쇼핑검색,04.센서_PC@naver_shoppingsearch,04-7.화재감지센서_PC@cpc_ss26_h,16104,2324,27,5,200700,12.46274218,0.01161790017,0.1851851852
2025-04,쇼핑검색,04.센서_PC@naver_shoppingsearch,04-8.가스감지센서_PC@cpc_gs26_h,2607,632,5,0,0,0,0.007911392405,0
2025-04,쇼핑검색,04.센서_PC@naver_shoppingsearch,04-9.누수감지센서_PC@cpc_ws26_h,29733,2132,43,0,0,0,0.02016885553,0
2025-04,쇼핑검색,05.전원_MO@naver_shoppingsearch,05-3.플러그_MO@cpc_ep2_h,28853,4970,68,10,238800,8.276435726,0.01368209256,0.1470588235
2025-04,쇼핑검색,05.전원_MO@naver_shoppingsearch,05-4.멀티탭_MO@cpc_ps03_h,129569,40317,145,15,282500,2.180305474,0.003596497755,0.1034482759
2025-04,쇼핑검색,05.전원_MO@naver_shoppingsearch,05-4.푸시봇_MO@cpc_fb42_h,1125817,67174,1700,322,4737900,4.208410425,0.02530741061,0.1894117647
2025-04,쇼핑검색,05.전원_PC@naver_shoppingsearch,05-3.플러그_PC@cpc_ep2_h,5049,1204,14,3,80300,15.90413943,0.01162790698,0.2142857143
2025-04,쇼핑검색,05.전원_PC@naver_shoppingsearch,05-4.멀티탭_PC@cpc_ps03_h,24178,17996,31,1,98400,4.069815535,0.001722605023,0.03225806452
2025-04,쇼핑검색,05.전원_PC@naver_shoppingsearch,05-4.푸시봇_PC@cpc_fb42_h,466367,63695,568,80,2489700,5.338499508,0.008917497449,0.1408450704
2025-04,쇼핑검색,07.반려_MO@naver_shoppingsearch,1.B01_스마트급식기_MO@cpc_petcare,251020,17051,178,46,1386200,5.522269142,0.01043927042,0.2584269663
2025-04,쇼핑검색,07.반려_MO@naver_shoppingsearch,1.B02_강아지급식기_MO@cpc_petcare,284163,14540,164,24,570900,2.009058181,0.01127922971,0.1463414634
2025-04,쇼핑검색,07.반려_MO@naver_shoppingsearch,1.B03_고양이급식기_MO@cpc_petcare,160116,11369,94,3,435100,2.717404881,0.008268097458,0.03191489362
2025-04,쇼핑검색,07.반려_MO@naver_shoppingsearch,1.B04_펫급식기_MO@cpc_petcare,0,4018,0,0,0,0,0,0
2025-04,쇼핑검색,07.반려_MO@naver_shoppingsearch,1.B05_자동급식기_MO@cpc_petcare,6072,3199,5,0,0,0,0.001562988434,0
2025-04,쇼핑검색,07.반려_MO@naver_shoppingsearch,2.B01_펫정수기_MO@cpc_pw30,9636,1355,10,0,0,0,0.007380073801,0
2025-04,쇼핑검색,07.반려_MO@naver_shoppingsearch,3.B01_고양이장난감_MO@cpc_pt40,231385,41787,263,42,499100,2.157011042,0.006293823438,0.1596958175
2025-04,쇼핑검색,07.반려_MO@naver_shoppingsearch,★07-1.자동급식기_MO@cpc_petcare,163306,264496,245,0,0,0,0.0009262900006,0
2025-04,쇼핑검색,07.반려_MO@naver_shoppingsearch,★07-2.펫정수기_MO@cpc_pw30_h,62953,5320,67,5,111400,1.769574127,0.01259398496,0.07462686567
2025-04,쇼핑검색,07.반려_PC@naver_shoppingsearch,1.B01_스마트급식기_PC@cpc_petcare,5236,50576,8,0,0,0,0.0001581777918,0
2025-04,쇼핑검색,07.반려_PC@naver_shoppingsearch,1.B02_강아지급식기_PC@cpc_petcare,32318,33442,23,6,332400,10.28528993,0.0006877579092,0.2608695652
2025-04,쇼핑검색,07.반려_PC@naver_shoppingsearch,1.B03_고양이급식기_PC@cpc_petcare,15059,20637,11,0,0,0,0.0005330232107,0
2025-04,쇼핑검색,07.반려_PC@naver_shoppingsearch,1.B04_펫급식기_PC@cpc_petcare,49225,28276,45,15,487000,9.893346877,0.001591455651,0.3333333333
2025-04,쇼핑검색,07.반려_PC@naver_shoppingsearch,1.B05_자동급식기_PC@cpc_petcare,0,30,0,0,0,0,0,0
2025-04,쇼핑검색,07.반려_PC@naver_shoppingsearch,2.B01_펫정수기_PC@cpc_pw30,18238,6273,16,2,70300,3.854589319,0.002550613741,0.125
2025-04,쇼핑검색,07.반려_PC@naver_shoppingsearch,3.B01_고양이장난감_PC@cpc_pt40,21890,41010,36,3,72800,3.325719507,0.0008778346745,0.08333333333
2025-04,쇼핑검색,07.반려_PC@naver_shoppingsearch,★07-1.펫급식기_PC@cpc_petcare,1606,89,1,0,0,0,0.01123595506,0
2025-04,쇼핑검색,07.반려_PC@naver_shoppingsearch,★07-2.펫정수기_PC@cpc_pw30_h,5214,1283,6,1,47800,9.167625623,0.004676539361,0.1666666667
2025-04,쇼핑검색,08.리빙_MO@naver_shoppingsearch,08-1.체중계_MO@cpc_bs35_h,13365,8776,33,3,29900,2.237186682,0.003760255242,0.09090909091
2025-04,쇼핑검색,08.리빙_MO@naver_shoppingsearch,08-2.리모컨허브_MO@cpc_ir02_h,239250,38073,391,84,651190,2.721797283,0.01026974496,0.2148337596
2025-04,쇼핑검색,08.리빙_MO@naver_shoppingsearch,08-2.리모컨허브_MO@cpc_ir441_h,480007,23792,323,48,398900,0.8310295475,0.01357599193,0.1486068111
2025-04,쇼핑검색,08.리빙_PC@naver_shoppingsearch,08-1.체중계_PC@cpc_bs35_h,6413,6366,16,0,0,0,0.002513352183,0
2025-04,쇼핑검색,08.리빙_PC@naver_shoppingsearch,08-2.리모컨허브_PC@cpc_ir441_h,228470,47464,249,54,467300,2.045345122,0.005246081241,0.2168674699
2025-04,쇼핑검색,09.로청_MO@naver_shoppingbrand,09.로청_MO@cpc_rc41,330,138,1,0,0,0,0.007246376812,0
2025-04,쇼핑검색,09.로청_PC@naver_shoppingbrand,09.로청_pc@cpc_rc41,671,1462,2,0,0,0,0.001367989056,0
2025-04,파워링크,00.브랜드_MO@naver_powerlink,00-1.자사명_MO@cpc_hejhome_h,356356,46992,641,225,4631200,12.99599277,0.01364061968,0.3510140406
2025-04,파워링크,00.브랜드_MO@naver_powerlink,00-2.경쟁사_MO@cpc_hejhome_h,1980,1596,17,1,23700,11.96969697,0.01065162907,0.05882352941
2025-04,파워링크,00.브랜드_PC@naver_powerlink,00-1.자사명_PC@cpc_hejhome_h,354838,24446,619,250,4912050,13.84307769,0.02532111593,0.4038772213
2025-04,파워링크,01.홈카메라_메인_MO@naver_powerlink,01-1.홈CCTV_MO@cpc_mc0511_h,497343,30799,299,30,456800,0.918480807,0.009708107406,0.1003344482
2025-04,파워링크,01.홈카메라_메인_MO@naver_powerlink,01-1.홈카메라_MO@cpc_mc0511_h,246356,16801,179,40,557700,2.263797107,0.01065412773,0.2234636872
2025-04,파워링크,01.홈카메라_메인_MO@naver_powerlink,01-1.홈캠_MO@cpc_mc0511_h,302346,8758,193,62,1629000,5.387866881,0.02203699475,0.3212435233
2025-04,파워링크,01.홈카메라_메인_PC@naver_powerlink,01-1.홈CCTV_PC@cpc_mc0511_h,27885,9607,36,0,0,0,0.003747267617,0
2025-04,파워링크,01.홈카메라_메인_PC@naver_powerlink,01-1.홈카메라_PC@cpc_mc0511_h,31834,12205,27,1,64800,2.035559465,0.002212208111,0.03703703704
2025-04,파워링크,01.홈카메라_메인_PC@naver_powerlink,01-1.홈캠_PC@cpc_mc0511_h,7810,926,11,1,158500,20.29449424,0.01187904968,0.09090909091
2025-04,파워링크,01.홈카메라_쿠팡_MO@naver_powerlink,01-1 쿠팡+전환_1_MO@cpc_MC0511_h,1708641,271752,1216,161,3732230,2.184326608,0.00447466808,0.1324013158
2025-04,파워링크,01.홈카메라_쿠팡_MO@naver_powerlink,01-1 쿠팡+전환_2_MO@cpc_MC0511_h,361537,105831,508,34,924000,2.555755013,0.004800105829,0.06692913386
2025-04,파워링크,01.홈카메라_쿠팡_MO@naver_powerlink,01-1 쿠팡+전환_3_MO@cpc_MC0511_h,365486,43249,274,44,473900,1.296629693,0.006335406599,0.1605839416
2025-04,파워링크,01.홈카메라_쿠팡_PC@naver_powerlink, 01-1 쿠팡+전환_1_PC@cpc_MC0511_h,651552,278831,583,64,1775200,2.724571485,0.002090872249,0.1097770154
2025-04,파워링크,01.홈카메라_쿠팡_PC@naver_powerlink,01-1 쿠팡+전환_2_PC@cpc_MC0511_h,35662,99047,67,26,168500,4.724917279,0.0006764465355,0.3880597015
2025-04,파워링크,01.홈카메라_쿠팡_PC@naver_powerlink,01-1 쿠팡+전환_3_PC@cpc_MC0511_h,19305,22908,28,13,274820,14.23569024,0.001222280426,0.4642857143
2025-04,파워링크,01.홈카메라_확장_MO@naver_powerlink,01-2.홈CCTV+반려1_MO@cpc_MC0511_h,0,21,0,0,0,0,0,0
2025-04,파워링크,01.홈카메라_확장_MO@naver_powerlink,01-2.홈CCTV+반려2_MO@cpc_mc0511_h,0,28,0,0,0,0,0,0
2025-04,파워링크,01.홈카메라_확장_MO@naver_powerlink,01-2.홈CCTV+반려3_MO@cpc_mc0511_h,28545,766,22,0,0,0,0.02872062663,0
2025-04,파워링크,01.홈카메라_확장_MO@naver_powerlink,01-2.홈CCTV+반려4_MO@cpc_mc0511_h,47993,1021,37,2,139800,2.912924802,0.03623898139,0.05405405405
2025-04,파워링크,01.홈카메라_확장_MO@naver_powerlink,01-2.홈CCTV+보안_1_MO@cpc_mc058_h,638,297,1,0,0,0,0.003367003367,0
2025-04,파워링크,01.홈카메라_확장_MO@naver_powerlink,01-2.홈CCTV+보안_2_MO@cpc_mc058_h,0,13,0,0,0,0,0,0
2025-04,파워링크,01.홈카메라_확장_MO@naver_powerlink,01-2.홈CCTV+보안_3_MO@cpc_mc058_h,924,23,2,0,0,0,0.08695652174,0
2025-04,파워링크,01.홈카메라_확장_MO@naver_powerlink,01-2.홈CCTV+보안_4_MO@cpc_mc058_h,0,100,0,0,0,0,0,0
2025-04,파워링크,01.홈카메라_확장_MO@naver_powerlink,01-2.홈CCTV+보안_5_MO@cpc_mc058_h,1078,473,1,0,0,0,0.002114164905,0
2025-04,파워링크,01.홈카메라_확장_MO@naver_powerlink,01-2.홈CCTV+보안_6_MO@cpc_mc058_h,4620,505,5,14,134700,29.15584416,0.009900990099,2.8
2025-04,파워링크,01.홈카메라_확장_MO@naver_powerlink,01-2.홈CCTV+보안_7_MO@cpc_mc058_h,5379,581,7,3,69900,12.99498048,0.01204819277,0.4285714286
2025-04,파워링크,01.홈카메라_확장_MO@naver_powerlink,01-2.홈CCTV+보안_8_MO@cpc_mc058_h,1936,587,5,0,0,0,0.008517887564,0
2025-04,파워링크,01.홈카메라_확장_MO@naver_powerlink,01-2.홈CCTV+어른_1_MO@cpc_mc058_h,10098,697,14,0,0,0,0.02008608321,0
2025-04,파워링크,01.홈카메라_확장_MO@naver_powerlink,01-2.홈CCTV+어른_2_MO@cpc_mc058_h,6754,176,7,0,0,0,0.03977272727,0
2025-04,파워링크,01.홈카메라_확장_MO@naver_powerlink,01-2.홈CCTV+어른_3_MO@cpc_mc058_h,3597,403,12,0,0,0,0.02977667494,0
2025-04,파워링크,01.홈카메라_확장_MO@naver_powerlink,01-2.홈CCTV+육아_1_MO@cpc_mc058_h,286,28,1,0,0,0,0.03571428571,0
2025-04,파워링크,01.홈카메라_확장_MO@naver_powerlink,01-2.홈CCTV+육아_2_MO@cpc_mc058_h,0,2,0,0,0,0,0,0
2025-04,파워링크,01.홈카메라_확장_MO@naver_powerlink,01-2.홈CCTV+육아_4_MO@cpc_mc058_h,0,6,0,0,0,0,0,0
2025-04,파워링크,01.홈카메라_확장_MO@naver_powerlink,01-2.홈CCTV+육아_5_MO@cpc_mc058_h,1034,238,2,0,0,0,0.008403361345,0
2025-04,파워링크,01.홈카메라_확장_MO@naver_powerlink,01-2.홈CCTV+육아_6_MO@cpc_mc058_h,0,24,0,0,0,0,0,0
2025-04,파워링크,01.홈카메라_확장_MO@naver_powerlink,01-2.홈CCTV+육아_7_MO@cpc_mc058_h,77,78,1,0,0,0,0.01282051282,0
2025-04,파워링크,01.홈카메라_확장_MO@naver_powerlink,01-2.홈CCTV+육아_8_MO@cpc_mc058_h,0,41,0,0,0,0,0,0
2025-04,파워링크,01.홈카메라_확장_MO@naver_powerlink,01-2.홈카메라+반려_1_MO@cpc_mc058_h,13805,944,18,1,72900,5.2806954,0.01906779661,0.05555555556
2025-04,파워링크,01.홈카메라_확장_MO@naver_powerlink,01-2.홈카메라+반려_2_MO@cpc_mc058_h,407,97,3,0,0,0,0.03092783505,0
2025-04,파워링크,01.홈카메라_확장_MO@naver_powerlink,01-2.홈카메라+보안_1_MO@cpc_mc058_h,1441,1318,4,0,0,0,0.003034901366,0
2025-04,파워링크,01.홈카메라_확장_MO@naver_powerlink,01-2.홈카메라+보안_2_MO@cpc_mc058_h,4070,597,10,1,67800,16.65847666,0.01675041876,0.1
2025-04,파워링크,01.홈카메라_확장_MO@naver_powerlink,01-2.홈카메라+보안_3_MO@cpc_mc058_h,154,88,2,0,0,0,0.02272727273,0
2025-04,파워링크,01.홈카메라_확장_MO@naver_powerlink,01-2.홈카메라+어른_MO@cpc_mc058_h,7733,535,18,1,0,0,0.03364485981,0.05555555556
2025-04,파워링크,01.홈카메라_확장_MO@naver_powerlink,01-2.홈카메라+육아_1_MO@cpc_mc058_h,957,159,2,0,0,0,0.01257861635,0
2025-04,파워링크,01.홈카메라_확장_MO@naver_powerlink,01-2.홈카메라+육아_2_MO@cpc_mc058_h,1485,945,5,0,0,0,0.005291005291,0
2025-04,파워링크,01.홈카메라_확장_MO@naver_powerlink,01-2.홈캠+반려_MO@cpc_mc058_h,125862,3051,91,6,663900,5.274824808,0.02982628646,0.06593406593
2025-04,파워링크,01.홈카메라_확장_MO@naver_powerlink,01-2.홈캠+보안_1_MO@cpc_mc058_h,726,435,4,0,0,0,0.009195402299,0
2025-04,파워링크,01.홈카메라_확장_MO@naver_powerlink,01-2.홈캠+보안_2_MO@cpc_mc058_h,352,211,2,0,0,0,0.009478672986,0
2025-04,파워링크,01.홈카메라_확장_MO@naver_powerlink,01-2.홈캠+어른_MO@cpc_mc058_h,6831,971,15,8,0,0,0.01544799176,0.5333333333
2025-04,파워링크,01.홈카메라_확장_MO@naver_powerlink,01-2.홈캠+육아_1_MO@cpc_mc058_h,1551,1457,7,0,0,0,0.004804392588,0
2025-04,파워링크,01.홈카메라_확장_MO@naver_powerlink,01-2.홈캠+육아_2_MO@cpc_mc058_h,704,710,7,7,172800,245.4545455,0.00985915493,1
2025-04,파워링크,01.홈카메라_확장_MO@naver_powerlink,01-3.홈CCTV+신혼부부_MO@cpc_mc058_h,0,2,0,0,0,0,0,0
2025-04,파워링크,01.홈카메라_확장_MO@naver_powerlink,01-3.홈CCTV+임산부_MO@cpc_mc058_h,0,1,0,0,0,0,0,0
2025-04,파워링크,01.홈카메라_확장_MO@naver_powerlink,01-3.홈CCTV+자영업자_MO@cpc_mc058_h,77,165,1,0,0,0,0.006060606061,0
2025-04,파워링크,01.홈카메라_확장_MO@naver_powerlink,01-3.홈CCTV+자취생_MO@cpc_mc058_h,77,72,1,0,0,0,0.01388888889,0
2025-04,파워링크,01.홈카메라_확장_MO@naver_powerlink,01-3.홈카메라+대학생_MO@cpc_mc058_h,0,40,0,0,0,0,0,0
2025-04,파워링크,01.홈카메라_확장_MO@naver_powerlink,01-3.홈카메라+신혼부부_MO@cpc_mc058_h,0,35,0,0,0,0,0,0
2025-04,파워링크,01.홈카메라_확장_MO@naver_powerlink,01-3.홈카메라+임산부_MO@cpc_mc058_h,0,7,0,0,0,0,0,0
2025-04,파워링크,01.홈카메라_확장_MO@naver_powerlink,01-3.홈카메라+자영업자_MO@cpc_mc058_h,0,116,0,0,0,0,0,0
2025-04,파워링크,01.홈카메라_확장_MO@naver_powerlink,01-3.홈카메라+자취생_MO@cpc_mc058_h,0,196,0,0,0,0,0,0
2025-04,파워링크,01.홈카메라_확장_MO@naver_powerlink,01-3.홈캠+대학생_MO@cpc_mc058_h,506,10,1,0,0,0,0.1,0
2025-04,파워링크,01.홈카메라_확장_MO@naver_powerlink,01-3.홈캠+신혼부부_MO@cpc_mc058_h,0,7,0,0,0,0,0,0
2025-04,파워링크,01.홈카메라_확장_MO@naver_powerlink,01-3.홈캠+임산부_MO@cpc_mc058_h,0,2,0,0,0,0,0,0
2025-04,파워링크,01.홈카메라_확장_MO@naver_powerlink,01-3.홈캠+자영업자_MO@cpc_mc058_h,0,1,0,0,0,0,0,0
2025-04,파워링크,01.홈카메라_확장_MO@naver_powerlink,01-3.홈캠+자취생_MO@cpc_mc058_h,264,26,1,0,0,0,0.03846153846,0
2025-04,파워링크,01.홈카메라_확장_PC@naver_powerlink,01-2.홈CCTV+반려1_PC@cpc_MC0511_h,0,9,0,0,0,0,0,0
2025-04,파워링크,01.홈카메라_확장_PC@naver_powerlink,01-2.홈CCTV+반려2_PC@cpc_mc0511_h,0,1,0,0,0,0,0,0
2025-04,파워링크,01.홈카메라_확장_PC@naver_powerlink,01-2.홈CCTV+반려3_PC@cpc_mc0511_h,1661,108,1,0,0,0,0.009259259259,0
2025-04,파워링크,01.홈카메라_확장_PC@naver_powerlink,01-2.홈CCTV+반려4_PC@cpc_mc0511_h,5027,469,8,0,0,0,0.0170575693,0
2025-04,파워링크,01.홈카메라_확장_PC@naver_powerlink,01-2.홈CCTV+보안1_PC@cpc_mc0511_h,0,93,0,0,0,0,0,0
2025-04,파워링크,01.홈카메라_확장_PC@naver_powerlink,01-2.홈CCTV+보안2_PC@cpc_mc0511_h,0,3,0,0,0,0,0,0
2025-04,파워링크,01.홈카메라_확장_PC@naver_powerlink,01-2.홈CCTV+보안3_PC@cpc_mc0511_h,0,9,0,0,0,0,0,0
2025-04,파워링크,01.홈카메라_확장_PC@naver_powerlink,01-2.홈CCTV+보안4_PC@cpc_mc0511_h,0,10,0,0,0,0,0,0
2025-04,파워링크,01.홈카메라_확장_PC@naver_powerlink,01-2.홈CCTV+보안5_PC@cpc_mc0511_h,1221,200,2,0,0,0,0.01,0
2025-04,파워링크,01.홈카메라_확장_PC@naver_powerlink,01-2.홈CCTV+보안6_PC@cpc_mc0511_h,1320,302,2,0,0,0,0.006622516556,0
2025-04,파워링크,01.홈카메라_확장_PC@naver_powerlink,01-2.홈CCTV+보안7_PC@cpc_mc0511_h,2310,261,4,0,0,0,0.0153256705,0
2025-04,파워링크,01.홈카메라_확장_PC@naver_powerlink,01-2.홈CCTV+보안8_PC@cpc_mc0511_h,0,403,0,0,0,0,0,0
2025-04,파워링크,01.홈카메라_확장_PC@naver_powerlink,01-2.홈CCTV+어른1_PC@cpc_mc0511_h,968,78,1,0,0,0,0.01282051282,0
2025-04,파워링크,01.홈카메라_확장_PC@naver_powerlink,01-2.홈CCTV+어른2_PC@cpc_mc0511_h,3542,123,6,0,0,0,0.0487804878,0
2025-04,파워링크,01.홈카메라_확장_PC@naver_powerlink,01-2.홈CCTV+어른3_PC@cpc_mc0511_h,5192,192,7,0,0,0,0.03645833333,0
2025-04,파워링크,01.홈카메라_확장_PC@naver_powerlink,01-2.홈CCTV+육아1_PC@cpc_mc0511_h,0,1,0,0,0,0,0,0
2025-04,파워링크,01.홈카메라_확장_PC@naver_powerlink,01-2.홈CCTV+육아4_PC@cpc_mc0511_h,0,6,0,0,0,0,0,0
2025-04,파워링크,01.홈카메라_확장_PC@naver_powerlink,01-2.홈CCTV+육아5_PC@cpc_mc0511_h,1320,99,1,0,0,0,0.0101010101,0
2025-04,파워링크,01.홈카메라_확장_PC@naver_powerlink,01-2.홈CCTV+육아6_PC@cpc_mc0511_h,0,14,0,0,0,0,0,0
2025-04,파워링크,01.홈카메라_확장_PC@naver_powerlink,01-2.홈CCTV+육아7_PC@cpc_mc0511_h,77,8,1,0,0,0,0.125,0
2025-04,파워링크,01.홈카메라_확장_PC@naver_powerlink,01-2.홈CCTV+육아8_PC@cpc_mc0511_h,0,20,0,0,0,0,0,0
2025-04,파워링크,01.홈카메라_확장_PC@naver_powerlink,01-2.홈카메라+반려1_PC@cpc_mc0511_h,12903,269,11,1,111700,8.656901496,0.04089219331,0.09090909091
2025-04,파워링크,01.홈카메라_확장_PC@naver_powerlink,01-2.홈카메라+반려2_PC@cpc_mc0511_h,0,6,0,0,0,0,0,0
2025-04,파워링크,01.홈카메라_확장_PC@naver_powerlink,01-2.홈카메라+보안1_PC@cpc_mc0511_h,0,303,0,0,0,0,0,0
2025-04,파워링크,01.홈카메라_확장_PC@naver_powerlink,01-2.홈카메라+보안2_PC@cpc_mc0511_h,374,210,2,0,0,0,0.009523809524,0
2025-04,파워링크,01.홈카메라_확장_PC@naver_powerlink,01-2.홈카메라+보안3_PC@cpc_mc0511_h,462,46,1,0,0,0,0.02173913043,0
2025-04,파워링크,01.홈카메라_확장_PC@naver_powerlink,01-2.홈카메라+어른PC@cpc_mc0511_h,77,31,1,0,0,0,0.03225806452,0
2025-04,파워링크,01.홈카메라_확장_PC@naver_powerlink,01-2.홈카메라+육아_1_PC@cpc_mc058_h,0,20,0,0,0,0,0,0
2025-04,파워링크,01.홈카메라_확장_PC@naver_powerlink,01-2.홈카메라+육아_2_PC@cpc_mc058_h,1001,891,1,0,0,0,0.001122334456,0
2025-04,파워링크,01.홈카메라_확장_PC@naver_powerlink,01-2.홈캠+반려_PC@cpc_mc058_h,39171,3507,32,12,152200,3.885527559,0.009124607927,0.375
2025-04,파워링크,01.홈카메라_확장_PC@naver_powerlink,01-2.홈캠+보안_1_PC@cpc_mc058_h,330,77,4,0,0,0,0.05194805195,0
2025-04,파워링크,01.홈카메라_확장_PC@naver_powerlink,01-2.홈캠+보안_2_PC@cpc_mc058_h,517,73,2,0,0,0,0.02739726027,0
2025-04,파워링크,01.홈카메라_확장_PC@naver_powerlink,01-2.홈캠+어른_PC@cpc_mc058_h,231,243,3,0,0,0,0.01234567901,0
2025-04,파워링크,01.홈카메라_확장_PC@naver_powerlink,01-2.홈캠+육아_1_PC@cpc_mc058_h,1331,388,3,0,0,0,0.007731958763,0
2025-04,파워링크,01.홈카메라_확장_PC@naver_powerlink,01-2.홈캠+육아_2_PC@cpc_mc058_h,2904,1228,3,0,0,0,0.002442996743,0
2025-04,파워링크,01.홈카메라_확장_PC@naver_powerlink,01-3.홈CCTV+자영업자_PC@cpc_mc058_h,0,21,0,0,0,0,0,0
2025-04,파워링크,01.홈카메라_확장_PC@naver_powerlink,01-3.홈CCTV+자취생_PC@cpc_mc058_h,0,24,0,0,0,0,0,0
2025-04,파워링크,01.홈카메라_확장_PC@naver_powerlink,01-3.홈카메라+대학생_PC@cpc_mc058_h,319,34,1,0,0,0,0.02941176471,0
2025-04,파워링크,01.홈카메라_확장_PC@naver_powerlink,01-3.홈카메라+신혼부부_PC@cpc_mc058_h,0,3,0,0,0,0,0,0
2025-04,파워링크,01.홈카메라_확장_PC@naver_powerlink,01-3.홈카메라+임산부_PC@cpc_mc058_h,0,1,0,0,0,0,0,0
2025-04,파워링크,01.홈카메라_확장_PC@naver_powerlink,01-3.홈카메라+자영업자_PC@cpc_mc058_h,0,22,0,0,0,0,0,0
2025-04,파워링크,01.홈카메라_확장_PC@naver_powerlink,01-3.홈카메라+자취생_PC@cpc_mc058_h,407,49,1,0,0,0,0.02040816327,0
2025-04,파워링크,01.홈카메라_확장_PC@naver_powerlink,01-3.홈캠+대학생_PC@cpc_mc058_h,0,3,0,0,0,0,0,0
2025-04,파워링크,01.홈카메라_확장_PC@naver_powerlink,01-3.홈캠+자취생_PC@cpc_mc058_h,165,11,1,0,0,0,0.09090909091,0
2025-04,파워링크,02.로봇청소기_메인_MO@naver_powerlink,02-1.로봇청소기_MO@cpc_rc41_h,356323,275176,377,3,0,0,0.00137003227,0.007957559682
2025-04,파워링크,02.로봇청소기_메인_PC@naver_powerlink,02-1.로봇청소기_PC@cpc_rc41_h,67529,579402,72,0,0,0,0.0001242660536,0
2025-04,파워링크,02.로봇청소기_확장_MO@naver_powerlink,02-2.로봇청소기+서브_1_MO@cpc_rc41_h,17875,4639,35,0,0,0,0.007544729468,0
2025-04,파워링크,02.로봇청소기_확장_MO@naver_powerlink,02-3.로봇청소기+확장_1_MO@cpc_rc41_h,2816,346,7,0,0,0,0.02023121387,0
2025-04,파워링크,02.로봇청소기_확장_MO@naver_powerlink,02-3.로봇청소기+확장_2_MO@cpc_rc41_h,121,603,1,0,0,0,0.001658374793,0
2025-04,파워링크,02.로봇청소기_확장_MO@naver_powerlink,02-3.로봇청소기+확장_3_MO@cpc_rc41_h,0,44,0,0,0,0,0,0
2025-04,파워링크,02.로봇청소기_확장_MO@naver_powerlink,02-3.로봇청소기+확장_4_MO@cpc_rc41_h,506,200,2,0,0,0,0.01,0
2025-04,파워링크,02.로봇청소기_확장_MO@naver_powerlink,02-3.로봇청소기+확장_5_MO@cpc_rc41_h,550,126,2,0,0,0,0.01587301587,0
2025-04,파워링크,02.로봇청소기_확장_MO@naver_powerlink,02-3.로봇청소기+확장_6_MO@cpc_rc41_h,77,80,1,0,0,0,0.0125,0
2025-04,파워링크,02.로봇청소기_확장_MO@naver_powerlink,02-3.로봇청소기+확장_7_MO@cpc_rc41_h,77,141,1,0,0,0,0.007092198582,0
2025-04,파워링크,02.로봇청소기_확장_MO@naver_powerlink,02-3.로봇청소기+확장_8_MO@cpc_rc41_h,0,168,0,0,0,0,0,0
2025-04,파워링크,02.로봇청소기_확장_MO@naver_powerlink,02-3.로봇청소기+확장_9_MO@cpc_rc41_h,3520,1006,9,0,0,0,0.008946322068,0
2025-04,파워링크,02.로봇청소기_확장_PC@naver_powerlink,02-2.로봇청소기+서브_1_PC@cpc_rc41_h,95106,12079,58,1,0,0,0.004801721997,0.01724137931
2025-04,파워링크,02.로봇청소기_확장_PC@naver_powerlink,02-3.로봇청소기+확장_1_PC@cpc_rc41_h,902,180,3,0,0,0,0.01666666667,0
2025-04,파워링크,02.로봇청소기_확장_PC@naver_powerlink,02-3.로봇청소기+확장_2_PC@cpc_rc41_h,0,121,0,0,0,0,0,0
2025-04,파워링크,02.로봇청소기_확장_PC@naver_powerlink,02-3.로봇청소기+확장_3_PC@cpc_rc41_h,0,15,0,0,0,0,0,0
2025-04,파워링크,02.로봇청소기_확장_PC@naver_powerlink,02-3.로봇청소기+확장_4_PC@cpc_rc41_h,407,48,1,0,0,0,0.02083333333,0
2025-04,파워링크,02.로봇청소기_확장_PC@naver_powerlink,02-3.로봇청소기+확장_5_PC@cpc_rc41_h,77,72,1,0,0,0,0.01388888889,0
2025-04,파워링크,02.로봇청소기_확장_PC@naver_powerlink,02-3.로봇청소기+확장_6_PC@cpc_rc41_h,0,38,0,0,0,0,0,0
2025-04,파워링크,02.로봇청소기_확장_PC@naver_powerlink,02-3.로봇청소기+확장_7_PC@cpc_rc41_h,495,67,1,0,0,0,0.01492537313,0
2025-04,파워링크,02.로봇청소기_확장_PC@naver_powerlink,02-3.로봇청소기+확장_8_PC@cpc_rc41_h,0,48,0,0,0,0,0,0
2025-04,파워링크,02.로봇청소기_확장_PC@naver_powerlink,02-3.로봇청소기+확장_9_PC@cpc_rc41_h,869,259,3,0,0,0,0.01158301158,0
2025-04,파워링크,03.반려_메인_MO@naver_powerlink,03-1.자동급식기_MO@cpc_petcare,249700,29697,263,0,0,0,0.008856113412,0
2025-04,파워링크,03.반려_메인_MO@naver_powerlink,03-2.펫정수기_MO@cpc_pw30_h,269885,20492,293,13,452200,1.675528466,0.01429826274,0.04436860068
2025-04,파워링크,03.반려_메인_MO@naver_powerlink,03-3.고양이 장난감_MO@cpc_pt40_h,341,389,3,0,0,0,0.007712082262,0
2025-04,파워링크,03.반려_메인_PC@naver_powerlink,03-1.자동급식기_PC@cpc_petcare,2673,16676,5,0,0,0,0.000299832094,0
2025-04,파워링크,03.반려_메인_PC@naver_powerlink,03-2.펫정수기_PC@cpc_pw30_h,69157,38240,88,7,211000,3.051028818,0.00230125523,0.07954545455
2025-04,파워링크,03.반려_메인_PC@naver_powerlink,03-3.고양이 장난감_PC@cpc_pt40_h,77,217,1,0,0,0,0.004608294931,0
2025-04,파워링크,03.반려_확장_MO@naver_powerlink,03-3.자동급식기+확장_1_MO@cpc_petcare,265463,19269,259,3,299700,1.128970892,0.01344127874,0.01158301158
2025-04,파워링크,03.반려_확장_MO@naver_powerlink,03-3.자동급식기+확장_2_MO@cpc_petcare,154,70,2,0,0,0,0.02857142857,0
2025-04,파워링크,03.반려_확장_MO@naver_powerlink,03-3.자동급식기+확장_3_MO@cpc_petcare,671,294,2,1,124700,185.8420268,0.006802721088,0.5
2025-04,파워링크,03.반려_확장_MO@naver_powerlink,03-3.자동급식기+확장_4_MO@cpc_petcare,1958,372,8,0,0,0,0.02150537634,0
2025-04,파워링크,03.반려_확장_MO@naver_powerlink,03-3.자동급식기+확장_5_MO@cpc_petcare,1980,342,7,0,0,0,0.02046783626,0
2025-04,파워링크,03.반려_확장_MO@naver_powerlink,03-4.펫정수기+확장_1_MO@cpc_pw30_h,5676,535,9,0,0,0,0.01682242991,0
2025-04,파워링크,03.반려_확장_MO@naver_powerlink,03-4.펫정수기+확장_2_MO@cpc_pw30_h,4961,1224,20,13,123300,24.85386011,0.01633986928,0.65
2025-04,파워링크,03.반려_확장_PC@naver_powerlink,03-3.자동급식기+확장_1_PC@cpc_petcare,125367,25438,117,8,147800,1.178938636,0.004599418193,0.06837606838
2025-04,파워링크,03.반려_확장_PC@naver_powerlink,03-3.자동급식기+확장_2_PC@cpc_petcare,979,111,3,0,0,0,0.02702702703,0
2025-04,파워링크,03.반려_확장_PC@naver_powerlink,03-3.자동급식기+확장_3_PC@cpc_petcare,979,191,5,0,0,0,0.02617801047,0
2025-04,파워링크,03.반려_확장_PC@naver_powerlink,03-3.자동급식기+확장_4_PC@cpc_petcare,495,165,2,0,0,0,0.01212121212,0
2025-04,파워링크,03.반려_확장_PC@naver_powerlink,03-3.자동급식기+확장_5_PC@cpc_petcare,770,101,2,0,0,0,0.0198019802,0
2025-04,파워링크,03.반려_확장_PC@naver_powerlink,03-4.펫정수기+확장_1_PC@cpc_pw30_h,3916,220,6,4,0,0,0.02727272727,0.6666666667
2025-04,파워링크,03.반려_확장_PC@naver_powerlink,03-4.펫정수기+확장_2_PC@cpc_pw30_h,2750,319,8,0,0,0,0.02507836991,0
2025-04,파워링크,04.리모컨허브_메인_MO@naver_powerlink,04-1.리모컨허브_MO@cpc_ir44_h,87318,37626,122,3,16900,0.1935454316,0.003242438739,0.02459016393
2025-04,파워링크,04.리모컨허브_메인_PC@naver_powerlink,04-1.리모컨허브_PC@cpc_ir44_h,9273,22953,24,0,0,0,0.001045614952,0
2025-04,파워링크,04.리모컨허브_확장_MO@naver_powerlink,04-2.리모컨허브+확장_MO@cpc_ir44_h,781,427,2,0,0,0,0.004683840749,0
2025-04,파워링크,04.리모컨허브_확장_PC@naver_powerlink,04-2.리모컨허브+확장_PC@cpc_ir44_h,6677,251,4,0,0,0,0.01593625498,0
2025-04,파워링크,05.커튼set_메인_MO@naver_powerlink,05-1.커튼set_MO@cpc_curtainset_h,2473625,65566,1136,173,8111600,3.279235939,0.01732605314,0.1522887324
2025-04,파워링크,05.커튼set_메인_PC@naver_powerlink,05-1.커튼set_PC@cpc_curtainset_h,307241,55671,259,18,0,0,0.004652332453,0.0694980695
2025-04,파워링크,05.커튼set_확장_MO@naver_powerlink,05-1.신혼부부1_MO@cpc_curtainset_h,77,23,1,0,0,0,0.04347826087,0
2025-04,파워링크,05.커튼set_확장_MO@naver_powerlink,05-1.신혼부부2_MO@cpc_curtainset_h,0,12,0,0,0,0,0,0
2025-04,파워링크,05.커튼set_확장_MO@naver_powerlink,05-2.원룸1_MO@cpc_curtainset_h,77,225,1,0,0,0,0.004444444444,0
2025-04,파워링크,05.커튼set_확장_MO@naver_powerlink,05-2.원룸2_MO@cpc_curtainset_h,0,32,0,0,0,0,0,0
2025-04,파워링크,05.커튼set_확장_MO@naver_powerlink,05-3.신혼집1_MO@cpc_curtainset_h,0,122,0,0,0,0,0,0
2025-04,파워링크,05.커튼set_확장_MO@naver_powerlink,05-3.신혼집2_MO@cpc_curtainset_h,0,1,0,0,0,0,0,0
2025-04,파워링크,05.커튼set_확장_MO@naver_powerlink,05-4.가정집1_MO@cpc_curtainset_h,0,12,0,0,0,0,0,0
2025-04,파워링크,05.커튼set_확장_MO@naver_powerlink,05-4.가정집2_MO@cpc_curtainset_h,77,102,1,0,0,0,0.009803921569,0
2025-04,파워링크,05.커튼set_확장_MO@naver_powerlink,05-5.확장_MO@cpc_curtainset_h,5709,1441,18,3,515000,90.20844281,0.01249132547,0.1666666667
2025-04,파워링크,05.커튼set_확장_PC@naver_powerlink,05-1.신혼부부1_PC@cpc_curtainset_h,0,3,0,0,0,0,0,0
2025-04,파워링크,05.커튼set_확장_PC@naver_powerlink,05-2.원룸1_PC@cpc_curtainset_h,0,34,0,0,0,0,0,0
2025-04,파워링크,05.커튼set_확장_PC@naver_powerlink,05-2.원룸2_PC@cpc_curtainset_h,0,7,0,0,0,0,0,0
2025-04,파워링크,05.커튼set_확장_PC@naver_powerlink,05-3.신혼집1_PC@cpc_curtainset_h,0,56,0,0,0,0,0,0
2025-04,파워링크,05.커튼set_확장_PC@naver_powerlink,05-3.신혼집2_PC@cpc_curtainset_h,0,3,0,0,0,0,0,0
2025-04,파워링크,05.커튼set_확장_PC@naver_powerlink,05-4.가정집1_PC@cpc_curtainset_h,0,4,0,0,0,0,0,0
2025-04,파워링크,05.커튼set_확장_PC@naver_powerlink,05-4.가정집2_PC@cpc_curtainset_h,0,32,0,0,0,0,0,0
2025-04,파워링크,05.커튼set_확장_PC@naver_powerlink,05-5.확장_PC@cpc_curtainset_h,6919,623,12,1,0,0,0.01926163724,0.08333333333
2025-04,파워링크,06.멀티탭_메인_MO@naver_powerlink,06-1.멀티탭_MO@cpc_ps03_h,23386,61840,36,0,0,0,0.0005821474774,0
2025-04,파워링크,06.멀티탭_메인_PC@naver_powerlink,06-1.멀티탭_PC@cpc_ps03_h,41250,50835,50,2,0,0,0.000983574309,0.04
2025-04,파워링크,07.MO_new전환@naver_powerlink,01.MO_기본_라인LED@cpc_ls06_h,990,57,2,0,0,0,0.0350877193,0
2025-04,파워링크,07.MO_new전환@naver_powerlink,01.MO_기본_스마트전구@cpc_lb03_h,8129,774,9,0,0,0,0.01162790698,0
2025-04,파워링크,07.PC_new전환@naver_powerlink,01.PC_기본_라인LED@cpc_ls06_h,1881,317,2,0,0,0,0.006309148265,0
2025-04,파워링크,07.PC_new전환@naver_powerlink,01.PC_기본_스마트전구@cpc_lb03_h,517,372,1,0,0,0,0.002688172043,0
2025-04,파워링크,08.전원_메인_MO@naver_powerlink,08-2.전원기기_MO@cpc_power_h,220979,42992,272,15,180500,0.8168196978,0.006326758467,0.05514705882
2025-04,파워링크,08.전원_메인_PC@naver_powerlink,8-2.전원기기_PC@cpc_power_h,117975,24197,154,23,382700,3.243907608,0.006364425342,0.1493506494
2025-04,파워링크,08.전원_확장_MO@naver_powerlink,08-4.전원기기+확장_MO@cpc_power_h,836,392,6,0,0,0,0.01530612245,0
2025-04,파워링크,08.전원_확장_PC@naver_powerlink,08-4.전원기기+확장_PC@cpc_power_h,1397,379,4,0,0,0,0.01055408971,0
2025-04,파워링크,09.센서_메인_MO@naver_powerlink,09-1.온습도계_MO@cpc_th14_h,14355,1360,27,11,59800,4.16579589,0.01985294118,0.4074074074
2025-04,파워링크,09.센서_메인_PC@naver_powerlink,09-1.온습도계_PC@cpc_th14_h,10890,2476,30,0,0,0,0.01211631664,0
2025-04,파워링크,09.센서_확장_MO@naver_powerlink,09-2.온습도계+확장1_MO@cpc_th14_h,8349,4112,23,1,29900,3.581267218,0.005593385214,0.04347826087
2025-04,파워링크,09.센서_확장_MO@naver_powerlink,09-2.온습도계+확장2_MO@cpc_th14_h,1122,425,5,0,0,0,0.01176470588,0
2025-04,파워링크,09.센서_확장_PC@naver_powerlink,09-2.온습도계+확장1_PC@cpc_th14_h,704,1352,3,0,0,0,0.002218934911,0
2025-04,파워링크,09.센서_확장_PC@naver_powerlink,09-2.온습도계+확장2_PC@cpc_th14_h,0,103,0,0,0,0,0,0
2025-05,브랜드검색/신제품검색,01.신규 자사명@naver_brandsearch,신규_MO_자사명@cpd_hejhome_h,0,57105,19006,7998,128548120,inf,0.3328254969,0.4208144796
2025-05,브랜드검색/신제품검색,01.신규 자사명@naver_brandsearch,신규_PC_자사명@cpd_hejhome_h,0,10262,4873,2298,43533980,inf,0.474858702,0.4715780833
2025-05,쇼핑검색,00.브랜드형@naver_shoppingbrand,00-0.자상호@cpc_mc05_h-s,1320,114,4,0,0,0,0.0350877193,0
2025-05,쇼핑검색,00.자상호_MO@naver_shoppingsearch,01-1.홈카메라_MO@cpc_mc05_h,15305147,247625,6936,2408,43513540,2.8430658,0.02801009591,0.3471741638
2025-05,쇼핑검색,00.자상호_MO@naver_shoppingsearch,01-4.펫캠_MO@cpc_mc059_h,527329,23702,276,55,1956700,3.710586749,0.01164458695,0.1992753623
2025-05,쇼핑검색,00.자상호_MO@naver_shoppingsearch,01-5.베이비캠_MO@cpc_mc05_h,230010,4455,141,25,947100,4.117647059,0.03164983165,0.1773049645
2025-05,쇼핑검색,00.자상호_MO@naver_shoppingsearch,02-1.전동커튼_MO@cpc_curtainset_h,25454,3495,20,0,0,0,0.005722460658,0
2025-05,쇼핑검색,00.자상호_MO@naver_shoppingsearch,03-2.전구_MO@cpc_lb03r_h,18612,2418,40,6,41800,2.245862884,0.01654259719,0.15
2025-05,쇼핑검색,00.자상호_MO@naver_shoppingsearch,04-1.온습도계_MO@cpc_th14_h,130449,9475,250,165,1636980,12.54881218,0.02638522427,0.66
2025-05,쇼핑검색,00.자상호_MO@naver_shoppingsearch,04-1.온습도센서_MO@cpc_th02_h,551826,19009,515,75,569570,1.032155063,0.0270924299,0.145631068
2025-05,쇼핑검색,00.자상호_PC@naver_shoppingsearch,01-1.홈카메라_PC@cpc_mc05_h,3768666,65634,1749,506,10921300,2.89792197,0.02664777402,0.2893081761
2025-05,쇼핑검색,00.자상호_PC@naver_shoppingsearch,01-4.펫캠_PC@cpc_mc059_h,150403,8851,91,6,174600,1.160881099,0.01028132414,0.06593406593
2025-05,쇼핑검색,00.자상호_PC@naver_shoppingsearch,01-5.베이비캠_PC@cpc_mc05_h,6930,2801,5,0,0,0,0.001785076758,0
2025-05,쇼핑검색,00.자상호_PC@naver_shoppingsearch,02-1.전동커튼_PC@cpc_curtainset_h,13332,300,10,0,0,0,0.03333333333,0
2025-05,쇼핑검색,00.자상호_PC@naver_shoppingsearch,03-2.전구_PC@cpc_lb03r_h,539,51,1,0,0,0,0.01960784314,0
2025-05,쇼핑검색,00.자상호_PC@naver_shoppingsearch,04-1.온습도센서_PC@cpc_th02_h,13068,941,31,1,53800,4.116926844,0.03294367694,0.03225806452
2025-05,쇼핑검색,01.브랜드형_쇼검@naver_shoppingbrand, 01-1.홈카메라@cpc_mc05_h-s,81477,163505,194,9,646600,7.935981934,0.001186508058,0.04639175258
2025-05,쇼핑검색,01.브랜드형_쇼검@naver_shoppingbrand,01-1.커튼@cpc_curtainset_h-s,227832,308066,272,1,229000,1.005126585,0.0008829276843,0.003676470588
2025-05,쇼핑검색,01.펫_MO@naver_shoppingbrand,00-0.브랜드형_급식기_MO@cpc_pf32_h-s,221155,154788,309,3,167100,0.7555786665,0.001996278781,0.009708737864
2025-05,쇼핑검색,01.펫_MO@naver_shoppingbrand,00-0.브랜드형_장난감_MO@cpc_pt40_h-s,6270,12543,13,1,32900,5.247208931,0.001036434665,0.07692307692
2025-05,쇼핑검색,01.펫_MO@naver_shoppingbrand,00-0.브랜드형_정수기_MO@cpc_pw30_h-s,8987,5706,25,0,0,0,0.004381352962,0
2025-05,쇼핑검색,01.펫_PC@naver_shoppingbrand,00-0.브랜드형_급식기_PC@cpc_pf32_h-s,0,32500,0,0,0,0,0,0
2025-05,쇼핑검색,01.펫_PC@naver_shoppingbrand,00-0.브랜드형_정수기_PC@cpc_pw30_h-s,671,1035,2,0,0,0,0.00193236715,0
2025-05,쇼핑검색,01.홈캠_MO@naver_shoppingsearch,1.A01_홈카메라_MO@cpc_mc05_h,8327,562,5,0,0,0,0.008896797153,0
2025-05,쇼핑검색,01.홈캠_MO@naver_shoppingsearch,1.A02_홈캠_MO@cpc_MC0510_h-s,16346,1199,17,0,0,0,0.01417848207,0
2025-05,쇼핑검색,01.홈캠_MO@naver_shoppingsearch,1.A02_홈캠_MO@cpc_MC0511_h-s,21769,2379,22,9,849520,39.02430061,0.009247583018,0.4090909091
2025-05,쇼핑검색,01.홈캠_MO@naver_shoppingsearch,1.A02_홈캠_MO@cpc_ic05_h-s,3245,1075,3,0,0,0,0.002790697674,0
2025-05,쇼핑검색,01.홈캠_MO@naver_shoppingsearch,1.A02_홈캠_MO@cpc_mc058_h-s,5951,847,6,0,0,0,0.007083825266,0
2025-05,쇼핑검색,01.홈캠_MO@naver_shoppingsearch,1.A02_홈캠_MO@cpc_mc059_h-s,4532,514,5,0,0,0,0.009727626459,0
2025-05,쇼핑검색,01.홈캠_MO@naver_shoppingsearch,1.A02_홈캠_MO@cpc_mc05_h,8631854,151551,3626,814,15042570,1.742681236,0.02392593912,0.2244897959
2025-05,쇼핑검색,01.홈캠_MO@naver_shoppingsearch,1.A02_홈캠_MO@cpc_mc05_h-s,5236,1351,6,0,0,0,0.0044411547,0
2025-05,쇼핑검색,01.홈캠_MO@naver_shoppingsearch,1.A03_홈CCTV_MO@cpc_mc05_h,500896,13595,215,118,2289700,4.571208395,0.01581463773,0.5488372093
2025-05,쇼핑검색,01.홈캠_MO@naver_shoppingsearch,1.B01_홈카메라_MO@cpc_mc05_h,33143,430,21,0,0,0,0.0488372093,0
2025-05,쇼핑검색,01.홈캠_MO@naver_shoppingsearch,1.B02_홈캠_MO@cpc_mc05_h,554356,8851,269,45,1323100,2.386733435,0.0303920461,0.1672862454
2025-05,쇼핑검색,01.홈캠_MO@naver_shoppingsearch,1.B03_홈CCTV_MO@cpc_mc05_h,210881,8781,138,6,144800,0.6866431779,0.01571574991,0.04347826087
2025-05,쇼핑검색,01.홈캠_MO@naver_shoppingsearch,1.B04_강아지캠_MO@cpc_mc05_h,747406,11405,473,88,2734100,3.658118881,0.04147303814,0.1860465116
2025-05,쇼핑검색,01.홈캠_MO@naver_shoppingsearch,1.B05_고양이캠_MO@cpc_mc05_h,70015,1867,47,0,0,0,0.02517407606,0
2025-05,쇼핑검색,01.홈캠_MO@naver_shoppingsearch,1.B06_육아캠_MO@cpc_mc05_h,409651,16596,331,58,1005400,2.454284257,0.01994456496,0.1752265861
2025-05,쇼핑검색,01.홈캠_MO@naver_shoppingsearch,1.B07_맞벌이부부캠_MO@cpc_mc05_h,2870813,66922,1653,382,10119510,3.524963138,0.02470039748,0.2310949788
2025-05,쇼핑검색,01.홈캠_MO@naver_shoppingsearch,1.B08_보안캠_MO@cpc_mc05_h,13706,1627,19,6,77800,5.676346126,0.01167793485,0.3157894737
2025-05,쇼핑검색,01.홈캠_MO@naver_shoppingsearch,1.B09_부모님캠_MO@cpc_mc05_h,52096,1263,68,7,115700,2.220899877,0.05384006334,0.1029411765
2025-05,쇼핑검색,01.홈캠_MO@naver_shoppingsearch,1.B10_스마트캠_MO@cpc_mc05_h,30096,2954,30,1,0,0,0.01015572106,0.03333333333
2025-05,쇼핑검색,01.홈캠_PC@naver_shoppingsearch, 1.A01_홈카메라_PC@cpc_MC0510_h-s,39567,4666,45,8,652000,16.47837845,0.009644234891,0.1777777778
2025-05,쇼핑검색,01.홈캠_PC@naver_shoppingsearch, 1.A01_홈카메라_PC@cpc_MC0511_h-s,37774,6984,58,4,338300,8.95589559,0.008304696449,0.06896551724
2025-05,쇼핑검색,01.홈캠_PC@naver_shoppingsearch, 1.A01_홈카메라_PC@cpc_ic05_h-s,16566,5118,27,1,49800,3.006157189,0.005275498242,0.03703703704
2025-05,쇼핑검색,01.홈캠_PC@naver_shoppingsearch, 1.A01_홈카메라_PC@cpc_mc058_h-s,8459,2626,12,2,274090,32.4021752,0.004569687738,0.1666666667
2025-05,쇼핑검색,01.홈캠_PC@naver_shoppingsearch, 1.A01_홈카메라_PC@cpc_mc059_h-s,37114,3568,49,4,312400,8.417308832,0.01373318386,0.08163265306
2025-05,쇼핑검색,01.홈캠_PC@naver_shoppingsearch, 1.A01_홈카메라_PC@cpc_mc05_h-s,11693,1330,12,2,241200,20.62772599,0.009022556391,0.1666666667
2025-05,쇼핑검색,01.홈캠_PC@naver_shoppingsearch,1.A01_홈카메라_PC@cpc_mc05,500632,14406,215,59,1455400,2.907125394,0.01492433708,0.2744186047
2025-05,쇼핑검색,01.홈캠_PC@naver_shoppingsearch,1.A02_홈캠_PC@cpc_mc05_h,333465,14680,179,34,1089000,3.265710045,0.01219346049,0.1899441341
2025-05,쇼핑검색,01.홈캠_PC@naver_shoppingsearch,1.A03_홈CCTV_PC@cpc_mc05,41316,4574,24,10,145800,3.528899216,0.005247048535,0.4166666667
2025-05,쇼핑검색,01.홈캠_PC@naver_shoppingsearch,1.B01_홈카메라_PC@cpc_mc05,92510,2604,38,3,92800,1.003134796,0.01459293395,0.07894736842
2025-05,쇼핑검색,01.홈캠_PC@naver_shoppingsearch,1.B02_홈캠_PC@cpc_mc05,24310,598,14,7,76700,3.155080214,0.02341137124,0.5
2025-05,쇼핑검색,01.홈캠_PC@naver_shoppingsearch,1.B03_홈CCTV_PC@cpc_mc05,219131,6886,125,6,564300,2.575171929,0.01815277374,0.048
2025-05,쇼핑검색,01.홈캠_PC@naver_shoppingsearch,1.B04_강아지캠_PC@cpc_mc05,4807,1040,7,0,0,0,0.006730769231,0
2025-05,쇼핑검색,01.홈캠_PC@naver_shoppingsearch,1.B05_고양이캠_PC@cpc_mc05,0,167,0,0,0,0,0,0
2025-05,쇼핑검색,01.홈캠_PC@naver_shoppingsearch,1.B06_육아캠_PC@cpc_mc05,654390,10731,330,78,1508900,2.305811519,0.03075202684,0.2363636364
2025-05,쇼핑검색,01.홈캠_PC@naver_shoppingsearch,1.B07_맞벌이부부캠_PC@cpc_mc05,0,1677,0,0,0,0,0,0
2025-05,쇼핑검색,01.홈캠_PC@naver_shoppingsearch,1.B08_보안캠_PC@cpc_mc05,2717,688,6,0,0,0,0.008720930233,0
2025-05,쇼핑검색,01.홈캠_PC@naver_shoppingsearch,1.B09_부모님캠_PC@cpc_mc05,6688,343,14,0,0,0,0.04081632653,0
2025-05,쇼핑검색,01.홈캠_PC@naver_shoppingsearch,1.B10_스마트캠_PC@cpc_mc05,29579,1271,24,6,0,0,0.01888276947,0.25
2025-05,쇼핑검색,02.커튼_MO@naver_shoppingsearch,1.A01_전동커튼_MO@cpc_curtainset,0,8,0,0,0,0,0,0
2025-05,쇼핑검색,02.커튼_MO@naver_shoppingsearch,1.A02_전동레일_MO@cpc_curtainset,990,21,1,0,0,0,0.04761904762,0
2025-05,쇼핑검색,02.커튼_MO@naver_shoppingsearch,1.A02_커튼_MO@cpc_curtainset_h-s,48697,15874,65,1,253900,5.213873545,0.004094746126,0.01538461538
2025-05,쇼핑검색,02.커튼_MO@naver_shoppingsearch,1.B01_전동커튼_MO@cpc_curtainset,0,11,0,0,0,0,0,0
2025-05,쇼핑검색,02.커튼_MO@naver_shoppingsearch,1.B07_자동커튼_MO@cpc_curtainset,0,2,0,0,0,0,0,0
2025-05,쇼핑검색,02.커튼_MO@naver_shoppingsearch,2.B01_우드블라인드_MO@cpc_bw15,17919,4562,54,0,0,0,0.01183691363,0
2025-05,쇼핑검색,02.커튼_MO@naver_shoppingsearch,2.B02_블라인드_MO@cpc_bm23,232122,9664,300,1,0,0,0.03104304636,0.003333333333
2025-05,쇼핑검색,02.커튼_PC@naver_shoppingsearch,1.A01_전동커튼_PC@cpc_curtainset,0,11,0,0,0,0,0,0
2025-05,쇼핑검색,02.커튼_PC@naver_shoppingsearch,1.A01_커튼_PC@cpc_curtainset_h-s,125433,23924,136,9,1837900,14.65244393,0.005684668116,0.06617647059
2025-05,쇼핑검색,02.커튼_PC@naver_shoppingsearch,1.A02_전동레일_PC@cpc_curtainset,0,5,0,0,0,0,0,0
2025-05,쇼핑검색,02.커튼_PC@naver_shoppingsearch,2.B01_우드블라인드PC@cpc_bw15,136081,17996,114,2,0,0,0.006334741054,0.01754385965
2025-05,쇼핑검색,02.커튼_PC@naver_shoppingsearch,2.B02_블라인드PC@cpc_bm23,175714,9533,128,2,0,0,0.0134270429,0.015625
2025-05,쇼핑검색,03.조명_MO@naver_shoppingsearch,03-1.라인LED_MO@cpc_ls06_h,320617,92723,265,25,524200,1.634972569,0.002857974828,0.09433962264
2025-05,쇼핑검색,03.조명_MO@naver_shoppingsearch,03-2.전구_MO@cpc_lb03_h-s,64702,4165,62,4,97500,1.506908596,0.01488595438,0.06451612903
2025-05,쇼핑검색,03.조명_MO@naver_shoppingsearch,03-2.전구_MO@cpc_lb03r_h,273966,22366,278,24,361200,1.318411774,0.01242958061,0.08633093525
2025-05,쇼핑검색,03.조명_MO@naver_shoppingsearch,03-3.무드등_MO@cpc_md08_h,127006,40795,171,15,319400,2.514841818,0.004191690158,0.08771929825
2025-05,쇼핑검색,03.조명_MO@naver_shoppingsearch,03-4.스타라이트_MO@cpc_sl24_h,119735,21953,155,6,99800,0.8335073287,0.007060538423,0.03870967742
2025-05,쇼핑검색,03.조명_MO@naver_shoppingsearch,03-4.스타라이트_MO@cpc_sl24_h-s,1892,1264,4,1,6900,3.646934461,0.003164556962,0.25
2025-05,쇼핑검색,03.조명_MO@naver_shoppingsearch,03-5.싱크라이트_MO@cpc_sy27_h,5841,1385,13,0,0,0,0.009386281588,0
2025-05,쇼핑검색,03.조명_MO@naver_shoppingsearch,03-5.싱크라이트_MO@cpc_sy27_h-s,0,27,0,0,0,0,0,0
2025-05,쇼핑검색,03.조명_PC@naver_shoppingsearch,03-1.라인LED_PC@cpc_ls06_h,63459,149437,78,6,160500,2.529192077,0.0005219590864,0.07692307692
2025-05,쇼핑검색,03.조명_PC@naver_shoppingsearch,03-2.전구_PC@cpc_lb03_h,139084,22658,125,8,113600,0.8167725979,0.005516815253,0.064
2025-05,쇼핑검색,03.조명_PC@naver_shoppingsearch,03-2.전구_PC@cpc_lb03r_h-s,36058,6166,38,1,19900,0.5518886239,0.006162828414,0.02631578947
2025-05,쇼핑검색,03.조명_PC@naver_shoppingsearch,03-3.무드등_PC@cpc_md08_h,19162,13256,29,1,0,0,0.002187688594,0.03448275862
2025-05,쇼핑검색,03.조명_PC@naver_shoppingsearch,03-4.스타라이트_PC@cpc_sl24_h,2816,2549,6,0,0,0,0.00235386426,0
2025-05,쇼핑검색,03.조명_PC@naver_shoppingsearch,03-4.스타라이트_PC@cpc_sl24_h-s,1573,969,2,1,49900,31.72282263,0.002063983488,0.5
2025-05,쇼핑검색,03.조명_PC@naver_shoppingsearch,03-5.싱크라이트_PC@cpc_sy27_h,2772,690,5,0,0,0,0.007246376812,0
2025-05,쇼핑검색,03.조명_PC@naver_shoppingsearch,03-5.싱크라이트_PC@cpc_sy27_h-s,0,203,0,0,0,0,0,0
2025-05,쇼핑검색,04.센서_PC@naver_shoppingsearch,04-1.스마트온습도계_PC@cpc_th14_h,113729,12306,135,29,358690,3.15390094,0.01097025841,0.2148148148
2025-05,쇼핑검색,04.센서_PC@naver_shoppingsearch,04-1.스마트온습도계_PC@cpc_th14_h-s,110,18,2,0,0,0,0.1111111111,0
2025-05,쇼핑검색,04.센서_PC@naver_shoppingsearch,04-2.온습도센서_PC@cpc_th02_h,129404,26626,168,5,29900,0.2310593181,0.006309622174,0.02976190476
2025-05,쇼핑검색,04.센서_PC@naver_shoppingsearch,04-3.냉장고온습도계_PC@cpc_th25_h,40711,7777,72,8,59800,1.468890472,0.009258068664,0.1111111111
2025-05,쇼핑검색,04.센서_PC@naver_shoppingsearch,04-4.도어센서_PC@cpc_do02_h,44000,1680,62,0,0,0,0.0369047619,0
2025-05,쇼핑검색,04.센서_PC@naver_shoppingsearch,04-5.모션센서_PC@cpc_mo02_h,49753,3797,61,0,0,0,0.01606531472,0
2025-05,쇼핑검색,04.센서_PC@naver_shoppingsearch,04-6.스마트사이렌_MO@cpc_sa14_h,9031,1886,23,0,0,0,0.01219512195,0
2025-05,쇼핑검색,04.센서_PC@naver_shoppingsearch,04-7.화재감지센서_PC@cpc_ss26_h,14729,1983,24,0,0,0,0.01210287443,0
2025-05,쇼핑검색,04.센서_PC@naver_shoppingsearch,04-8.가스감지센서_PC@cpc_gs26_h,1628,562,3,0,0,0,0.005338078292,0
2025-05,쇼핑검색,04.센서_PC@naver_shoppingsearch,04-9.누수감지센서_PC@cpc_ws26_h,31988,1326,50,4,89800,2.807302739,0.03770739065,0.08
2025-05,쇼핑검색,05.전원_MO@naver_shoppingsearch,05-3.플러그_MO@cpc_ep1_h-s,33099,3136,36,5,206700,6.244901659,0.01147959184,0.1388888889
2025-05,쇼핑검색,05.전원_MO@naver_shoppingsearch,05-3.플러그_MO@cpc_ep2_h,513612,92505,508,41,931900,1.814404648,0.005491595049,0.08070866142
2025-05,쇼핑검색,05.전원_MO@naver_shoppingsearch,05-3.플러그_MO@cpc_ep3_h-s,50842,6455,62,5,405500,7.975689391,0.009604957397,0.08064516129
2025-05,쇼핑검색,05.전원_MO@naver_shoppingsearch,05-4.멀티탭_MO@cpc_ps03_h,23408,39342,28,0,0,0,0.0007117075899,0
2025-05,쇼핑검색,05.전원_MO@naver_shoppingsearch,05-4.멀티탭_MO@cpc_ps03_h-s,3652,4841,4,0,0,0,0.0008262755629,0
2025-05,쇼핑검색,05.전원_MO@naver_shoppingsearch,05-4.푸시봇_MO@cpc_fb42_h,774565,53011,954,136,3309400,4.272591713,0.01799626493,0.142557652
2025-05,쇼핑검색,05.전원_PC@naver_shoppingsearch,05-3.플러그_PC@cpc_ep1_h-s,0,178,0,0,0,0,0,0
2025-05,쇼핑검색,05.전원_PC@naver_shoppingsearch,05-3.플러그_PC@cpc_ep2_h,72039,10492,88,13,234100,3.249628673,0.008387342737,0.1477272727
2025-05,쇼핑검색,05.전원_PC@naver_shoppingsearch,05-3.플러그_PC@cpc_ep3_h-s,15664,1298,22,2,455100,29.05388151,0.01694915254,0.09090909091
2025-05,쇼핑검색,05.전원_PC@naver_shoppingsearch,05-4.멀티탭_PC@cpc_ps03_h,35255,7422,40,8,215700,6.118281095,0.005389382916,0.2
2025-05,쇼핑검색,05.전원_PC@naver_shoppingsearch,05-4.멀티탭_PC@cpc_ps03_h-s,968,500,1,0,0,0,0.002,0
2025-05,쇼핑검색,05.전원_PC@naver_shoppingsearch,05-4.푸시봇_PC@cpc_fb42_h,376794,27335,395,45,1282700,3.404247414,0.01445033839,0.1139240506
2025-05,쇼핑검색,07.반려_MO@naver_shoppingsearch,1.B01_스마트급식기_MO@cpc_petcare,143550,42937,115,22,758100,5.281086729,0.002678342688,0.1913043478
2025-05,쇼핑검색,07.반려_MO@naver_shoppingsearch,1.B02_강아지급식기_MO@cpc_petcare,288772,34874,181,25,1022000,3.539124292,0.005190112978,0.138121547
2025-05,쇼핑검색,07.반려_MO@naver_shoppingsearch,1.B03_고양이급식기_MO@cpc_petcare,146014,20820,92,8,252400,1.728601367,0.00441882805,0.08695652174
2025-05,쇼핑검색,07.반려_MO@naver_shoppingsearch,1.B04_펫급식기_MO@cpc_petcare,4037,12020,4,0,0,0,0.0003327787022,0
2025-05,쇼핑검색,07.반려_MO@naver_shoppingsearch,1.B05_자동급식기_MO@cpc_petcare,0,11280,0,0,0,0,0,0
2025-05,쇼핑검색,07.반려_MO@naver_shoppingsearch,2.B01_펫정수기_MO@cpc_pw30,30932,2952,31,1,0,0,0.01050135501,0.03225806452
2025-05,쇼핑검색,07.반려_MO@naver_shoppingsearch,3.B01_고양이장난감_MO@cpc_pt40,240042,88243,269,42,587300,2.446655169,0.00304840044,0.156133829
2025-05,쇼핑검색,07.반려_MO@naver_shoppingsearch,3.B01_고양이장난감_MO@cpc_pt40_h-s,38489,13249,53,8,272700,7.085141209,0.00400030191,0.1509433962
2025-05,쇼핑검색,07.반려_MO@naver_shoppingsearch,★07-1.자동급식기_MO@cpc_petcare,77737,264678,232,0,0,0,0.000876536773,0
2025-05,쇼핑검색,07.반려_MO@naver_shoppingsearch,★07-1.자동급식기_MO@cpc_pf32_h-s,26466,8289,41,0,0,0,0.004946314393,0
2025-05,쇼핑검색,07.반려_MO@naver_shoppingsearch,★07-2.펫정수기_MO@cpc_pw30_h,87747,5659,85,4,71500,0.8148426727,0.01502032161,0.04705882353
2025-05,쇼핑검색,07.반려_MO@naver_shoppingsearch,★07-2.펫정수기_MO@cpc_pw30_h-s,48873,3095,48,2,95200,1.947905797,0.0155088853,0.04166666667
2025-05,쇼핑검색,07.반려_PC@naver_shoppingsearch,1.B01_스마트급식기_PC@cpc_petcare,8756,66665,16,0,0,0,0.0002400060002,0
2025-05,쇼핑검색,07.반려_PC@naver_shoppingsearch,1.B01_스마트급식기_PC@cpc_pf32_h-s,3190,1806,5,0,0,0,0.00276854928,0
2025-05,쇼핑검색,07.반려_PC@naver_shoppingsearch,1.B02_강아지급식기_PC@cpc_petcare,10230,42382,12,0,0,0,0.0002831390685,0
2025-05,쇼핑검색,07.반려_PC@naver_shoppingsearch,1.B03_고양이급식기_PC@cpc_petcare,22748,26344,14,0,0,0,0.0005314303067,0
2025-05,쇼핑검색,07.반려_PC@naver_shoppingsearch,1.B04_펫급식기_PC@cpc_petcare,33550,29031,34,8,13800,0.4113263785,0.001171161861,0.2352941176
2025-05,쇼핑검색,07.반려_PC@naver_shoppingsearch,1.B05_자동급식기_PC@cpc_petcare,0,57,0,0,0,0,0,0
2025-05,쇼핑검색,07.반려_PC@naver_shoppingsearch,2.B01_펫정수기_PC@cpc_pw30,23254,2290,20,1,49800,2.141567042,0.008733624454,0.05
2025-05,쇼핑검색,07.반려_PC@naver_shoppingsearch,3.B01_고양이장난감_PC@cpc_pt40,31526,53414,49,8,145100,4.602550276,0.0009173624892,0.1632653061
2025-05,쇼핑검색,07.반려_PC@naver_shoppingsearch,3.B01_고양이장난감_PC@cpc_pt40_h-s,5533,5108,9,0,0,0,0.001761942052,0
2025-05,쇼핑검색,07.반려_PC@naver_shoppingsearch,★07-1.펫급식기_PC@cpc_petcare,1859,36,1,0,0,0,0.02777777778,0
2025-05,쇼핑검색,07.반려_PC@naver_shoppingsearch,★07-2.펫정수기_PC@cpc_pw30_h,8679,436,11,0,0,0,0.0252293578,0
2025-05,쇼핑검색,07.반려_PC@naver_shoppingsearch,★07-2.펫정수기_PC@cpc_pw30_h-s,3674,349,5,0,0,0,0.01432664756,0
2025-05,쇼핑검색,08.리빙_MO@naver_shoppingsearch,08-1.체중계_MO@cpc_bs35_h,10461,10149,26,0,0,0,0.002561828752,0
2025-05,쇼핑검색,08.리빙_MO@naver_shoppingsearch,08-2.리모컨허브_MO@cpc_ir02_h,198561,30845,321,53,878000,4.421814959,0.01040687308,0.1651090343
2025-05,쇼핑검색,08.리빙_MO@naver_shoppingsearch,08-2.리모컨허브_MO@cpc_ir02_h-s,3212,589,3,0,0,0,0.005093378608,0
2025-05,쇼핑검색,08.리빙_MO@naver_shoppingsearch,08-2.리모컨허브_MO@cpc_ir441_h,477785,24804,383,49,413600,0.865661333,0.01544105789,0.1279373368
2025-05,쇼핑검색,08.리빙_MO@naver_shoppingsearch,08-2.리모컨허브_MO@cpc_ir441_h-s,19976,3199,28,2,51700,2.588105727,0.00875273523,0.07142857143
2025-05,쇼핑검색,08.리빙_PC@naver_shoppingsearch,08-1.체중계_PC@cpc_bs35_h,3443,4820,7,0,0,0,0.001452282158,0
2025-05,쇼핑검색,08.리빙_PC@naver_shoppingsearch,08-2.리모컨허브_PC@cpc_ir02_h-s,0,50,0,0,0,0,0,0
2025-05,쇼핑검색,08.리빙_PC@naver_shoppingsearch,08-2.리모컨허브_PC@cpc_ir441_h,205909,38340,213,56,408300,1.982914783,0.005555555556,0.2629107981
2025-05,쇼핑검색,08.리빙_PC@naver_shoppingsearch,08-2.리모컨허브_PC@cpc_ir441_h-s,114477,13507,146,19,519100,4.534535322,0.01080921004,0.1301369863
2025-05,파워링크,00.브랜드_MO@naver_powerlink,00-1.자사명_MO@cpc_hejhome_h,505879,50619,769,227,4610510,9.113859243,0.01519192398,0.2951885566
2025-05,파워링크,00.브랜드_MO@naver_powerlink,00-2.경쟁사_MO@cpc_hejhome_h,1485,2017,8,4,119800,80.67340067,0.003966286564,0.5
2025-05,파워링크,00.브랜드_PC@naver_powerlink,00-1.자사명_PC@cpc_hejhome_h,309331,21556,523,130,4426610,14.31026958,0.02426238634,0.2485659656
2025-05,파워링크,01.홈카메라_메인_MO@naver_powerlink,01-1.홈CCTV_MO@cpc_mc0511_h,341099,28124,262,62,173000,0.5071841313,0.009315886787,0.2366412214
2025-05,파워링크,01.홈카메라_메인_MO@naver_powerlink,01-1.홈카메라_MO@cpc_mc0511_h,310684,12075,211,26,378900,1.219567149,0.01747412008,0.1232227488
2025-05,파워링크,01.홈카메라_메인_MO@naver_powerlink,01-1.홈캠_MO@cpc_mc0511_h,479996,11716,250,40,998470,2.080163168,0.02133834073,0.16
2025-05,파워링크,01.홈카메라_메인_PC@naver_powerlink,01-1.홈CCTV_PC@cpc_mc0511_h,35420,8131,50,3,220700,6.23094297,0.006149305129,0.06
2025-05,파워링크,01.홈카메라_메인_PC@naver_powerlink,01-1.홈카메라_PC@cpc_mc0511_h,16709,2741,17,1,82700,4.949428452,0.006202116016,0.05882352941
2025-05,파워링크,01.홈카메라_메인_PC@naver_powerlink,01-1.홈캠_PC@cpc_mc0511_h,16148,1132,20,0,0,0,0.01766784452,0
2025-05,파워링크,01.홈카메라_쿠팡_MO@naver_powerlink,01-1 쿠팡+전환_1_MO@cpc_MC0511_h,2814559,267122,1679,330,6613620,2.349789079,0.006285517479,0.1965455628
2025-05,파워링크,01.홈카메라_쿠팡_MO@naver_powerlink,01-1 쿠팡+전환_2_MO@cpc_MC0511_h,384296,94466,598,13,474200,1.233944668,0.006330319903,0.02173913043
2025-05,파워링크,01.홈카메라_쿠팡_MO@naver_powerlink,01-1 쿠팡+전환_3_MO@cpc_MC0511_h,267399,41839,256,34,639600,2.391931159,0.006118693085,0.1328125
2025-05,파워링크,01.홈카메라_쿠팡_PC@naver_powerlink, 01-1 쿠팡+전환_1_PC@cpc_MC0511_h,665742,160519,464,108,881610,1.324251737,0.00289062354,0.2327586207
2025-05,파워링크,01.홈카메라_쿠팡_PC@naver_powerlink,01-1 쿠팡+전환_2_PC@cpc_MC0511_h,36718,82899,64,11,0,0,0.000772023788,0.171875
2025-05,파워링크,01.홈카메라_쿠팡_PC@naver_powerlink,01-1 쿠팡+전환_3_PC@cpc_MC0511_h,19646,29981,25,10,0,0,0.0008338614456,0.4
2025-05,파워링크,01.홈카메라_확장_MO@naver_powerlink,01-2.홈CCTV+반려1_MO@cpc_MC0511_h,0,124,0,0,0,0,0,0
2025-05,파워링크,01.홈카메라_확장_MO@naver_powerlink,01-2.홈CCTV+반려2_MO@cpc_mc0511_h,154,61,2,0,0,0,0.03278688525,0
2025-05,파워링크,01.홈카메라_확장_MO@naver_powerlink,01-2.홈CCTV+반려3_MO@cpc_mc0511_h,11264,620,10,0,0,0,0.01612903226,0
2025-05,파워링크,01.홈카메라_확장_MO@naver_powerlink,01-2.홈CCTV+반려4_MO@cpc_mc0511_h,23716,925,23,2,231900,9.778208804,0.02486486486,0.08695652174
2025-05,파워링크,01.홈카메라_확장_MO@naver_powerlink,01-2.홈CCTV+보안_1_MO@cpc_mc058_h,990,485,1,0,0,0,0.00206185567,0
2025-05,파워링크,01.홈카메라_확장_MO@naver_powerlink,01-2.홈CCTV+보안_2_MO@cpc_mc058_h,0,37,0,0,0,0,0,0
2025-05,파워링크,01.홈카메라_확장_MO@naver_powerlink,01-2.홈CCTV+보안_3_MO@cpc_mc058_h,0,49,0,0,0,0,0,0
2025-05,파워링크,01.홈카메라_확장_MO@naver_powerlink,01-2.홈CCTV+보안_4_MO@cpc_mc058_h,495,287,1,0,0,0,0.003484320557,0
2025-05,파워링크,01.홈카메라_확장_MO@naver_powerlink,01-2.홈CCTV+보안_5_MO@cpc_mc058_h,5236,513,7,0,0,0,0.01364522417,0
2025-05,파워링크,01.홈카메라_확장_MO@naver_powerlink,01-2.홈CCTV+보안_6_MO@cpc_mc058_h,7579,654,7,0,0,0,0.01070336391,0
2025-05,파워링크,01.홈카메라_확장_MO@naver_powerlink,01-2.홈CCTV+보안_7_MO@cpc_mc058_h,3993,803,4,0,0,0,0.00498132005,0
2025-05,파워링크,01.홈카메라_확장_MO@naver_powerlink,01-2.홈CCTV+보안_8_MO@cpc_mc058_h,8998,715,10,1,0,0,0.01398601399,0.1
2025-05,파워링크,01.홈카메라_확장_MO@naver_powerlink,01-2.홈CCTV+어른_1_MO@cpc_mc058_h,25839,1170,49,1,0,0,0.04188034188,0.02040816327
2025-05,파워링크,01.홈카메라_확장_MO@naver_powerlink,01-2.홈CCTV+어른_2_MO@cpc_mc058_h,4994,214,6,0,0,0,0.02803738318,0
2025-05,파워링크,01.홈카메라_확장_MO@naver_powerlink,01-2.홈CCTV+어른_3_MO@cpc_mc058_h,8613,512,24,0,0,0,0.046875,0
2025-05,파워링크,01.홈카메라_확장_MO@naver_powerlink,01-2.홈CCTV+육아_1_MO@cpc_mc058_h,352,40,1,0,0,0,0.025,0
2025-05,파워링크,01.홈카메라_확장_MO@naver_powerlink,01-2.홈CCTV+육아_2_MO@cpc_mc058_h,0,2,0,0,0,0,0,0
2025-05,파워링크,01.홈카메라_확장_MO@naver_powerlink,01-2.홈CCTV+육아_3_MO@cpc_mc058_h,0,1,0,0,0,0,0,0
2025-05,파워링크,01.홈카메라_확장_MO@naver_powerlink,01-2.홈CCTV+육아_4_MO@cpc_mc058_h,0,20,0,0,0,0,0,0
2025-05,파워링크,01.홈카메라_확장_MO@naver_powerlink,01-2.홈CCTV+육아_5_MO@cpc_mc058_h,2497,226,6,1,120000,48.0576692,0.02654867257,0.1666666667
2025-05,파워링크,01.홈카메라_확장_MO@naver_powerlink,01-2.홈CCTV+육아_6_MO@cpc_mc058_h,0,25,0,0,0,0,0,0
2025-05,파워링크,01.홈카메라_확장_MO@naver_powerlink,01-2.홈CCTV+육아_7_MO@cpc_mc058_h,154,106,2,0,0,0,0.01886792453,0
2025-05,파워링크,01.홈카메라_확장_MO@naver_powerlink,01-2.홈CCTV+육아_8_MO@cpc_mc058_h,473,61,1,0,0,0,0.01639344262,0
2025-05,파워링크,01.홈카메라_확장_MO@naver_powerlink,01-2.홈카메라+반려_1_MO@cpc_mc058_h,27852,1345,29,0,0,0,0.02156133829,0
2025-05,파워링크,01.홈카메라_확장_MO@naver_powerlink,01-2.홈카메라+반려_2_MO@cpc_mc058_h,924,80,3,0,0,0,0.0375,0
2025-05,파워링크,01.홈카메라_확장_MO@naver_powerlink,01-2.홈카메라+보안_1_MO@cpc_mc058_h,1958,1458,4,0,0,0,0.002743484225,0
2025-05,파워링크,01.홈카메라_확장_MO@naver_powerlink,01-2.홈카메라+보안_2_MO@cpc_mc058_h,3773,1043,9,0,0,0,0.008628954938,0
2025-05,파워링크,01.홈카메라_확장_MO@naver_powerlink,01-2.홈카메라+보안_3_MO@cpc_mc058_h,0,54,0,0,0,0,0,0
2025-05,파워링크,01.홈카메라_확장_MO@naver_powerlink,01-2.홈카메라+어른_MO@cpc_mc058_h,9658,1026,30,0,0,0,0.02923976608,0
2025-05,파워링크,01.홈카메라_확장_MO@naver_powerlink,01-2.홈카메라+육아_1_MO@cpc_mc058_h,3905,411,8,0,0,0,0.01946472019,0
2025-05,파워링크,01.홈카메라_확장_MO@naver_powerlink,01-2.홈카메라+육아_2_MO@cpc_mc058_h,7194,1362,14,1,124600,17.31998888,0.01027900147,0.07142857143
2025-05,파워링크,01.홈카메라_확장_MO@naver_powerlink,01-2.홈캠+반려_MO@cpc_mc058_h,134145,2969,95,9,579200,4.317715904,0.03199730549,0.09473684211
2025-05,파워링크,01.홈카메라_확장_MO@naver_powerlink,01-2.홈캠+보안_1_MO@cpc_mc058_h,1001,790,4,0,0,0,0.005063291139,0
2025-05,파워링크,01.홈카메라_확장_MO@naver_powerlink,01-2.홈캠+보안_2_MO@cpc_mc058_h,242,264,1,2,102800,424.7933884,0.003787878788,2
2025-05,파워링크,01.홈카메라_확장_MO@naver_powerlink,01-2.홈캠+어른_MO@cpc_mc058_h,6787,1253,24,0,0,0,0.01915403033,0
2025-05,파워링크,01.홈카메라_확장_MO@naver_powerlink,01-2.홈캠+육아_1_MO@cpc_mc058_h,8063,1786,15,0,0,0,0.008398656215,0
2025-05,파워링크,01.홈카메라_확장_MO@naver_powerlink,01-2.홈캠+육아_2_MO@cpc_mc058_h,24442,1950,24,0,0,0,0.01230769231,0
2025-05,파워링크,01.홈카메라_확장_MO@naver_powerlink,01-3.홈CCTV+대학생_MO@cpc_mc058_h,0,3,0,0,0,0,0,0
2025-05,파워링크,01.홈카메라_확장_MO@naver_powerlink,01-3.홈CCTV+신혼부부_MO@cpc_mc058_h,0,3,0,0,0,0,0,0
2025-05,파워링크,01.홈카메라_확장_MO@naver_powerlink,01-3.홈CCTV+임산부_MO@cpc_mc058_h,0,15,0,0,0,0,0,0
2025-05,파워링크,01.홈카메라_확장_MO@naver_powerlink,01-3.홈CCTV+자영업자_MO@cpc_mc058_h,154,199,2,0,0,0,0.01005025126,0
2025-05,파워링크,01.홈카메라_확장_MO@naver_powerlink,01-3.홈CCTV+자취생_MO@cpc_mc058_h,0,88,0,0,0,0,0,0
2025-05,파워링크,01.홈카메라_확장_MO@naver_powerlink,01-3.홈카메라+대학생_MO@cpc_mc058_h,0,53,0,0,0,0,0,0
2025-05,파워링크,01.홈카메라_확장_MO@naver_powerlink,01-3.홈카메라+신혼부부_MO@cpc_mc058_h,0,25,0,0,0,0,0,0
2025-05,파워링크,01.홈카메라_확장_MO@naver_powerlink,01-3.홈카메라+임산부_MO@cpc_mc058_h,0,6,0,0,0,0,0,0
2025-05,파워링크,01.홈카메라_확장_MO@naver_powerlink,01-3.홈카메라+자영업자_MO@cpc_mc058_h,0,93,0,0,0,0,0,0
2025-05,파워링크,01.홈카메라_확장_MO@naver_powerlink,01-3.홈카메라+자취생_MO@cpc_mc058_h,429,484,1,0,0,0,0.002066115702,0
2025-05,파워링크,01.홈카메라_확장_MO@naver_powerlink,01-3.홈캠+대학생_MO@cpc_mc058_h,0,17,0,0,0,0,0,0
2025-05,파워링크,01.홈카메라_확장_MO@naver_powerlink,01-3.홈캠+신혼부부_MO@cpc_mc058_h,0,4,0,0,0,0,0,0
2025-05,파워링크,01.홈카메라_확장_MO@naver_powerlink,01-3.홈캠+임산부_MO@cpc_mc058_h,154,6,2,0,0,0,0.3333333333,0
2025-05,파워링크,01.홈카메라_확장_MO@naver_powerlink,01-3.홈캠+자영업자_MO@cpc_mc058_h,0,1,0,0,0,0,0,0
2025-05,파워링크,01.홈카메라_확장_MO@naver_powerlink,01-3.홈캠+자취생_MO@cpc_mc058_h,781,32,1,0,0,0,0.03125,0
2025-05,파워링크,01.홈카메라_확장_PC@naver_powerlink,01-2.홈CCTV+반려1_PC@cpc_MC0511_h,0,8,0,0,0,0,0,0
2025-05,파워링크,01.홈카메라_확장_PC@naver_powerlink,01-2.홈CCTV+반려2_PC@cpc_mc0511_h,0,5,0,0,0,0,0,0
2025-05,파워링크,01.홈카메라_확장_PC@naver_powerlink,01-2.홈CCTV+반려3_PC@cpc_mc0511_h,2464,214,3,3,0,0,0.01401869159,1
2025-05,파워링크,01.홈카메라_확장_PC@naver_powerlink,01-2.홈CCTV+반려4_PC@cpc_mc0511_h,5775,520,8,2,0,0,0.01538461538,0.25
2025-05,파워링크,01.홈카메라_확장_PC@naver_powerlink,01-2.홈CCTV+보안1_PC@cpc_mc0511_h,869,74,1,0,0,0,0.01351351351,0
2025-05,파워링크,01.홈카메라_확장_PC@naver_powerlink,01-2.홈CCTV+보안2_PC@cpc_mc0511_h,0,9,0,0,0,0,0,0
2025-05,파워링크,01.홈카메라_확장_PC@naver_powerlink,01-2.홈CCTV+보안3_PC@cpc_mc0511_h,0,9,0,0,0,0,0,0
2025-05,파워링크,01.홈카메라_확장_PC@naver_powerlink,01-2.홈CCTV+보안4_PC@cpc_mc0511_h,0,29,0,0,0,0,0,0
2025-05,파워링크,01.홈카메라_확장_PC@naver_powerlink,01-2.홈CCTV+보안5_PC@cpc_mc0511_h,1089,144,2,0,0,0,0.01388888889,0
2025-05,파워링크,01.홈카메라_확장_PC@naver_powerlink,01-2.홈CCTV+보안6_PC@cpc_mc0511_h,913,223,1,0,0,0,0.004484304933,0
2025-05,파워링크,01.홈카메라_확장_PC@naver_powerlink,01-2.홈CCTV+보안7_PC@cpc_mc0511_h,1507,264,3,0,0,0,0.01136363636,0
2025-05,파워링크,01.홈카메라_확장_PC@naver_powerlink,01-2.홈CCTV+보안8_PC@cpc_mc0511_h,2090,288,3,0,0,0,0.01041666667,0
2025-05,파워링크,01.홈카메라_확장_PC@naver_powerlink,01-2.홈CCTV+어른1_PC@cpc_mc0511_h,2519,96,4,0,0,0,0.04166666667,0
2025-05,파워링크,01.홈카메라_확장_PC@naver_powerlink,01-2.홈CCTV+어른2_PC@cpc_mc0511_h,2376,247,5,0,0,0,0.02024291498,0
2025-05,파워링크,01.홈카메라_확장_PC@naver_powerlink,01-2.홈CCTV+어른3_PC@cpc_mc0511_h,9636,206,16,0,0,0,0.07766990291,0
2025-05,파워링크,01.홈카메라_확장_PC@naver_powerlink,01-2.홈CCTV+육아2_PC@cpc_mc0511_h,0,1,0,0,0,0,0,0
2025-05,파워링크,01.홈카메라_확장_PC@naver_powerlink,01-2.홈CCTV+육아4_PC@cpc_mc0511_h,0,2,0,0,0,0,0,0
2025-05,파워링크,01.홈카메라_확장_PC@naver_powerlink,01-2.홈CCTV+육아5_PC@cpc_mc0511_h,1452,163,2,0,0,0,0.01226993865,0
2025-05,파워링크,01.홈카메라_확장_PC@naver_powerlink,01-2.홈CCTV+육아6_PC@cpc_mc0511_h,0,2,0,0,0,0,0,0
2025-05,파워링크,01.홈카메라_확장_PC@naver_powerlink,01-2.홈CCTV+육아7_PC@cpc_mc0511_h,77,9,1,0,0,0,0.1111111111,0
2025-05,파워링크,01.홈카메라_확장_PC@naver_powerlink,01-2.홈CCTV+육아8_PC@cpc_mc0511_h,0,20,0,0,0,0,0,0
2025-05,파워링크,01.홈카메라_확장_PC@naver_powerlink,01-2.홈카메라+반려1_PC@cpc_mc0511_h,5775,283,6,8,240900,41.71428571,0.02120141343,1.333333333
2025-05,파워링크,01.홈카메라_확장_PC@naver_powerlink,01-2.홈카메라+반려2_PC@cpc_mc0511_h,440,13,2,0,0,0,0.1538461538,0
2025-05,파워링크,01.홈카메라_확장_PC@naver_powerlink,01-2.홈카메라+보안1_PC@cpc_mc0511_h,913,390,3,0,0,0,0.007692307692,0
2025-05,파워링크,01.홈카메라_확장_PC@naver_powerlink,01-2.홈카메라+보안2_PC@cpc_mc0511_h,1232,173,3,1,0,0,0.01734104046,0.3333333333
2025-05,파워링크,01.홈카메라_확장_PC@naver_powerlink,01-2.홈카메라+보안3_PC@cpc_mc0511_h,0,36,0,0,0,0,0,0
2025-05,파워링크,01.홈카메라_확장_PC@naver_powerlink,01-2.홈카메라+어른PC@cpc_mc0511_h,77,39,1,0,0,0,0.02564102564,0
2025-05,파워링크,01.홈카메라_확장_PC@naver_powerlink,01-2.홈카메라+육아_1_PC@cpc_mc058_h,473,32,1,0,0,0,0.03125,0
2025-05,파워링크,01.홈카메라_확장_PC@naver_powerlink,01-2.홈카메라+육아_2_PC@cpc_mc058_h,1529,691,4,0,0,0,0.005788712012,0
2025-05,파워링크,01.홈카메라_확장_PC@naver_powerlink,01-2.홈캠+반려_PC@cpc_mc058_h,34551,2157,27,7,140700,4.072241035,0.01251738526,0.2592592593
2025-05,파워링크,01.홈카메라_확장_PC@naver_powerlink,01-2.홈캠+보안_1_PC@cpc_mc058_h,1441,87,4,0,0,0,0.04597701149,0
2025-05,파워링크,01.홈카메라_확장_PC@naver_powerlink,01-2.홈캠+보안_2_PC@cpc_mc058_h,0,63,0,0,0,0,0,0
2025-05,파워링크,01.홈카메라_확장_PC@naver_powerlink,01-2.홈캠+어른_PC@cpc_mc058_h,154,229,2,0,0,0,0.008733624454,0
2025-05,파워링크,01.홈카메라_확장_PC@naver_powerlink,01-2.홈캠+육아_1_PC@cpc_mc058_h,1276,431,4,0,0,0,0.009280742459,0
2025-05,파워링크,01.홈카메라_확장_PC@naver_powerlink,01-2.홈캠+육아_2_PC@cpc_mc058_h,2002,822,5,0,0,0,0.006082725061,0
2025-05,파워링크,01.홈카메라_확장_PC@naver_powerlink,01-3.홈CCTV+자영업자_PC@cpc_mc058_h,0,16,0,0,0,0,0,0
2025-05,파워링크,01.홈카메라_확장_PC@naver_powerlink,01-3.홈CCTV+자취생_PC@cpc_mc058_h,0,39,0,0,0,0,0,0
2025-05,파워링크,01.홈카메라_확장_PC@naver_powerlink,01-3.홈카메라+대학생_PC@cpc_mc058_h,308,56,1,0,0,0,0.01785714286,0
2025-05,파워링크,01.홈카메라_확장_PC@naver_powerlink,01-3.홈카메라+신혼부부_PC@cpc_mc058_h,0,8,0,0,0,0,0,0
2025-05,파워링크,01.홈카메라_확장_PC@naver_powerlink,01-3.홈카메라+임산부_PC@cpc_mc058_h,0,2,0,0,0,0,0,0
2025-05,파워링크,01.홈카메라_확장_PC@naver_powerlink,01-3.홈카메라+자영업자_PC@cpc_mc058_h,0,55,0,0,0,0,0,0
2025-05,파워링크,01.홈카메라_확장_PC@naver_powerlink,01-3.홈카메라+자취생_PC@cpc_mc058_h,396,86,2,0,0,0,0.02325581395,0
2025-05,파워링크,01.홈카메라_확장_PC@naver_powerlink,01-3.홈캠+자취생_PC@cpc_mc058_h,0,13,0,0,0,0,0,0
2025-05,파워링크,02.로봇청소기_메인_MO@naver_powerlink,02-1.로봇청소기_MO@cpc_rc41_h,21692,7842,22,0,0,0,0.002805406784,0
2025-05,파워링크,02.로봇청소기_메인_PC@naver_powerlink,02-1.로봇청소기_PC@cpc_rc41_h,1595,26483,2,0,0,0,0.000075520145,0
2025-05,파워링크,02.로봇청소기_확장_MO@naver_powerlink,02-2.로봇청소기+서브_1_MO@cpc_rc41_h,0,165,0,0,0,0,0,0
2025-05,파워링크,02.로봇청소기_확장_MO@naver_powerlink,02-3.로봇청소기+확장_1_MO@cpc_rc41_h,0,12,0,0,0,0,0,0
2025-05,파워링크,02.로봇청소기_확장_MO@naver_powerlink,02-3.로봇청소기+확장_2_MO@cpc_rc41_h,0,42,0,0,0,0,0,0
2025-05,파워링크,02.로봇청소기_확장_MO@naver_powerlink,02-3.로봇청소기+확장_3_MO@cpc_rc41_h,0,6,0,0,0,0,0,0
2025-05,파워링크,02.로봇청소기_확장_MO@naver_powerlink,02-3.로봇청소기+확장_4_MO@cpc_rc41_h,0,16,0,0,0,0,0,0
2025-05,파워링크,02.로봇청소기_확장_MO@naver_powerlink,02-3.로봇청소기+확장_5_MO@cpc_rc41_h,495,11,2,0,0,0,0.1818181818,0
2025-05,파워링크,02.로봇청소기_확장_MO@naver_powerlink,02-3.로봇청소기+확장_6_MO@cpc_rc41_h,0,2,0,0,0,0,0,0
2025-05,파워링크,02.로봇청소기_확장_MO@naver_powerlink,02-3.로봇청소기+확장_7_MO@cpc_rc41_h,0,3,0,0,0,0,0,0
2025-05,파워링크,02.로봇청소기_확장_MO@naver_powerlink,02-3.로봇청소기+확장_8_MO@cpc_rc41_h,0,17,0,0,0,0,0,0
2025-05,파워링크,02.로봇청소기_확장_MO@naver_powerlink,02-3.로봇청소기+확장_9_MO@cpc_rc41_h,0,112,0,0,0,0,0,0
2025-05,파워링크,02.로봇청소기_확장_PC@naver_powerlink,02-2.로봇청소기+서브_1_PC@cpc_rc41_h,2717,390,3,0,0,0,0.007692307692,0
2025-05,파워링크,02.로봇청소기_확장_PC@naver_powerlink,02-3.로봇청소기+확장_1_PC@cpc_rc41_h,0,5,0,0,0,0,0,0
2025-05,파워링크,02.로봇청소기_확장_PC@naver_powerlink,02-3.로봇청소기+확장_2_PC@cpc_rc41_h,0,9,0,0,0,0,0,0
2025-05,파워링크,02.로봇청소기_확장_PC@naver_powerlink,02-3.로봇청소기+확장_3_PC@cpc_rc41_h,0,1,0,0,0,0,0,0
2025-05,파워링크,02.로봇청소기_확장_PC@naver_powerlink,02-3.로봇청소기+확장_4_PC@cpc_rc41_h,0,1,0,0,0,0,0,0
2025-05,파워링크,02.로봇청소기_확장_PC@naver_powerlink,02-3.로봇청소기+확장_5_PC@cpc_rc41_h,0,4,0,0,0,0,0,0
2025-05,파워링크,02.로봇청소기_확장_PC@naver_powerlink,02-3.로봇청소기+확장_6_PC@cpc_rc41_h,0,1,0,0,0,0,0,0
2025-05,파워링크,02.로봇청소기_확장_PC@naver_powerlink,02-3.로봇청소기+확장_7_PC@cpc_rc41_h,0,3,0,0,0,0,0,0
2025-05,파워링크,02.로봇청소기_확장_PC@naver_powerlink,02-3.로봇청소기+확장_9_PC@cpc_rc41_h,198,24,1,0,0,0,0.04166666667,0
2025-05,파워링크,03.반려_메인_MO@naver_powerlink,03-1.자동급식기_MO@cpc_petcare,185966,26517,237,4,430700,2.316014755,0.008937662632,0.01687763713
2025-05,파워링크,03.반려_메인_MO@naver_powerlink,03-2.펫정수기_MO@cpc_pw30_h,432377,27373,482,32,543500,1.257004882,0.01760859241,0.06639004149
2025-05,파워링크,03.반려_메인_MO@naver_powerlink,03-3.고양이 장난감_MO@cpc_pt40_h,759,1273,4,12,37400,49.27536232,0.003142183818,3
2025-05,파워링크,03.반려_메인_PC@naver_powerlink,03-1.자동급식기_PC@cpc_petcare,2244,9735,5,0,0,0,0.0005136106831,0
2025-05,파워링크,03.반려_메인_PC@naver_powerlink,03-2.펫정수기_PC@cpc_pw30_h,81554,12640,104,9,194800,2.388601417,0.008227848101,0.08653846154
2025-05,파워링크,03.반려_메인_PC@naver_powerlink,03-3.고양이 장난감_PC@cpc_pt40_h,561,446,7,5,37400,66.66666667,0.01569506726,0.7142857143
2025-05,파워링크,03.반려_확장_MO@naver_powerlink,03-3.자동급식기+확장_1_MO@cpc_petcare,159511,17737,197,0,0,0,0.01110672605,0
2025-05,파워링크,03.반려_확장_MO@naver_powerlink,03-3.자동급식기+확장_2_MO@cpc_petcare,154,157,2,0,0,0,0.0127388535,0
2025-05,파워링크,03.반려_확장_MO@naver_powerlink,03-3.자동급식기+확장_3_MO@cpc_petcare,363,159,1,0,0,0,0.006289308176,0
2025-05,파워링크,03.반려_확장_MO@naver_powerlink,03-3.자동급식기+확장_4_MO@cpc_petcare,3454,604,12,0,0,0,0.01986754967,0
2025-05,파워링크,03.반려_확장_MO@naver_powerlink,03-3.자동급식기+확장_5_MO@cpc_petcare,2189,682,5,0,0,0,0.007331378299,0
2025-05,파워링크,03.반려_확장_MO@naver_powerlink,03-4.펫정수기+확장_1_MO@cpc_pw30_h,27764,763,29,1,0,0,0.0380078637,0.03448275862
2025-05,파워링크,03.반려_확장_MO@naver_powerlink,03-4.펫정수기+확장_2_MO@cpc_pw30_h,8866,2618,27,0,0,0,0.0103132162,0
2025-05,파워링크,03.반려_확장_PC@naver_powerlink,03-3.자동급식기+확장_1_PC@cpc_petcare,92202,11005,87,0,0,0,0.007905497501,0
2025-05,파워링크,03.반려_확장_PC@naver_powerlink,03-3.자동급식기+확장_2_PC@cpc_petcare,0,119,0,0,0,0,0,0
2025-05,파워링크,03.반려_확장_PC@naver_powerlink,03-3.자동급식기+확장_3_PC@cpc_petcare,814,194,2,0,0,0,0.01030927835,0
2025-05,파워링크,03.반려_확장_PC@naver_powerlink,03-3.자동급식기+확장_4_PC@cpc_petcare,2365,190,6,0,0,0,0.03157894737,0
2025-05,파워링크,03.반려_확장_PC@naver_powerlink,03-3.자동급식기+확장_5_PC@cpc_petcare,429,112,1,0,0,0,0.008928571429,0
2025-05,파워링크,03.반려_확장_PC@naver_powerlink,03-4.펫정수기+확장_1_PC@cpc_pw30_h,3487,135,4,1,57700,16.54717522,0.02962962963,0.25
2025-05,파워링크,03.반려_확장_PC@naver_powerlink,03-4.펫정수기+확장_2_PC@cpc_pw30_h,2453,734,8,0,0,0,0.01089918256,0
2025-05,파워링크,04.리모컨허브_메인_MO@naver_powerlink,04-1.리모컨허브_MO@cpc_ir44_h,191169,37197,144,16,180500,0.9441907422,0.003871279942,0.1111111111
2025-05,파워링크,04.리모컨허브_메인_PC@naver_powerlink,04-1.리모컨허브_PC@cpc_ir44_h,10120,16996,22,0,0,0,0.001294422217,0
2025-05,파워링크,04.리모컨허브_확장_MO@naver_powerlink,04-2.리모컨허브+확장_MO@cpc_ir44_h,53504,12506,97,21,143600,2.683911483,0.007756276987,0.2164948454
2025-05,파워링크,04.리모컨허브_확장_PC@naver_powerlink,04-2.리모컨허브+확장_PC@cpc_ir44_h,73051,3980,42,7,42800,0.585892048,0.01055276382,0.1666666667
2025-05,파워링크,05.커튼set_메인_MO@naver_powerlink,05-1.커튼set_MO@cpc_curtainset_h,3311935,84604,1507,67,2358300,0.7120610761,0.01781239658,0.04445919044
2025-05,파워링크,05.커튼set_메인_PC@naver_powerlink,05-1.커튼set_PC@cpc_curtainset_h,285439,42471,263,43,2511000,8.796975886,0.006192460738,0.1634980989
2025-05,파워링크,05.커튼set_확장_MO@naver_powerlink,05-1.신혼부부1_MO@cpc_curtainset_h,66,21,1,0,0,0,0.04761904762,0
2025-05,파워링크,05.커튼set_확장_MO@naver_powerlink,05-1.신혼부부2_MO@cpc_curtainset_h,0,4,0,0,0,0,0,0
2025-05,파워링크,05.커튼set_확장_MO@naver_powerlink,05-2.원룸1_MO@cpc_curtainset_h,484,533,6,0,0,0,0.01125703565,0
2025-05,파워링크,05.커튼set_확장_MO@naver_powerlink,05-2.원룸2_MO@cpc_curtainset_h,77,56,1,0,0,0,0.01785714286,0
2025-05,파워링크,05.커튼set_확장_MO@naver_powerlink,05-3.신혼집1_MO@cpc_curtainset_h,275,183,1,0,0,0,0.005464480874,0
2025-05,파워링크,05.커튼set_확장_MO@naver_powerlink,05-3.신혼집2_MO@cpc_curtainset_h,0,1,0,0,0,0,0,0
2025-05,파워링크,05.커튼set_확장_MO@naver_powerlink,05-4.가정집1_MO@cpc_curtainset_h,77,10,1,0,0,0,0.1,0
2025-05,파워링크,05.커튼set_확장_MO@naver_powerlink,05-4.가정집2_MO@cpc_curtainset_h,0,1,0,0,0,0,0,0
2025-05,파워링크,05.커튼set_확장_MO@naver_powerlink,05-5.확장_MO@cpc_curtainset_h,23496,2431,55,8,598600,25.47667688,0.02262443439,0.1454545455
2025-05,파워링크,05.커튼set_확장_PC@naver_powerlink,05-1.신혼부부1_PC@cpc_curtainset_h,0,10,0,0,0,0,0,0
2025-05,파워링크,05.커튼set_확장_PC@naver_powerlink,05-2.원룸1_PC@cpc_curtainset_h,0,172,0,0,0,0,0,0
2025-05,파워링크,05.커튼set_확장_PC@naver_powerlink,05-2.원룸2_PC@cpc_curtainset_h,0,15,0,0,0,0,0,0
2025-05,파워링크,05.커튼set_확장_PC@naver_powerlink,05-3.신혼집1_PC@cpc_curtainset_h,0,49,0,0,0,0,0,0
2025-05,파워링크,05.커튼set_확장_PC@naver_powerlink,05-4.가정집1_PC@cpc_curtainset_h,0,3,0,0,0,0,0,0
2025-05,파워링크,05.커튼set_확장_PC@naver_powerlink,05-5.확장_PC@cpc_curtainset_h,10659,3533,17,0,0,0,0.004811774696,0
2025-05,파워링크,06.멀티탭_메인_MO@naver_powerlink,06-1.멀티탭_MO@cpc_ps03_h,186901,75948,179,2,0,0,0.002356875757,0.01117318436
2025-05,파워링크,06.멀티탭_메인_PC@naver_powerlink,06-1.멀티탭_PC@cpc_ps03_h,25971,37960,36,4,84100,3.238227253,0.0009483667018,0.1111111111
2025-05,파워링크,07.MO_new전환@naver_powerlink,01.MO_기본_라인LED@cpc_ls06_h,9636,1354,14,0,0,0,0.01033973412,0
2025-05,파워링크,07.MO_new전환@naver_powerlink,01.MO_기본_스마트전구@cpc_lb03_h,212146,34439,235,5,93300,0.4397914644,0.006823659224,0.02127659574
2025-05,파워링크,07.PC_new전환@naver_powerlink,01.PC_기본_라인LED@cpc_ls06_h,5731,2160,6,0,0,0,0.002777777778,0
2025-05,파워링크,07.PC_new전환@naver_powerlink,01.PC_기본_스마트전구@cpc_lb03_h,85701,9200,99,8,49900,0.5822569165,0.01076086957,0.08080808081
2025-05,파워링크,08.전원_메인_MO@naver_powerlink,08-2.전원기기_MO@cpc_power_h,259776,42325,316,9,323300,1.244533752,0.007466036621,0.02848101266
2025-05,파워링크,08.전원_메인_PC@naver_powerlink,8-2.전원기기_PC@cpc_power_h,90123,21385,119,3,15900,0.1764255517,0.005564648118,0.02521008403
2025-05,파워링크,08.전원_확장_MO@naver_powerlink,08-4.전원기기+확장_MO@cpc_power_h,2486,506,8,2,31800,12.79163315,0.01581027668,0.25
2025-05,파워링크,08.전원_확장_PC@naver_powerlink,08-4.전원기기+확장_PC@cpc_power_h,2013,232,5,0,0,0,0.02155172414,0
2025-05,파워링크,09.센서_메인_MO@naver_powerlink,09-1.온습도계_MO@cpc_th14_h,17347,1618,35,7,111600,6.433389059,0.021631644,0.2
2025-05,파워링크,09.센서_메인_PC@naver_powerlink,09-1.온습도계_PC@cpc_th14_h,13915,1858,34,1,29900,2.148760331,0.0182992465,0.02941176471
2025-05,파워링크,09.센서_확장_MO@naver_powerlink,09-2.온습도계+확장1_MO@cpc_th14_h,6798,4666,18,1,59800,8.796704913,0.003857693956,0.05555555556
2025-05,파워링크,09.센서_확장_MO@naver_powerlink,09-2.온습도계+확장2_MO@cpc_th14_h,583,586,3,0,0,0,0.005119453925,0
2025-05,파워링크,09.센서_확장_PC@naver_powerlink,09-2.온습도계+확장1_PC@cpc_th14_h,484,1068,1,0,0,0,0.000936329588,0
2025-05,파워링크,09.센서_확장_PC@naver_powerlink,09-2.온습도계+확장2_PC@cpc_th14_h,407,119,1,0,0,0,0.008403361345,0
2025-06,브랜드검색/신제품검색,01.신규 자사명@naver_brandsearch,신규_MO_자사명@cpd_hejhome_h,0,60628,17935,6410,102537930,inf,0.295820413,0.3574017285
2025-06,브랜드검색/신제품검색,01.신규 자사명@naver_brandsearch,신규_PC_자사명@cpd_hejhome_h,0,11978,5281,2718,49672970,inf,0.4408916347,0.5146752509
2025-06,쇼핑검색,00.브랜드형@naver_shoppingbrand,00-0.자상호@cpc_mc05_h-s,0,3,0,0,0,0,0,0
2025-06,쇼핑검색,00.자상호_MO@naver_shoppingsearch,01-1.홈카메라_MO@cpc_mc05_h,12608497,212391,5797,2131,48186170,3.821721971,0.02729400022,0.3676039331
2025-06,쇼핑검색,00.자상호_MO@naver_shoppingsearch,01-4.펫캠_MO@cpc_mc059_h,486651,22370,256,64,1253610,2.575993885,0.01144389808,0.25
2025-06,쇼핑검색,00.자상호_MO@naver_shoppingsearch,01-5.베이비캠_MO@cpc_mc05_h,158851,3640,98,41,1311100,8.253646499,0.02692307692,0.4183673469
2025-06,쇼핑검색,00.자상호_MO@naver_shoppingsearch,02-1.전동커튼_MO@cpc_curtainset_h,19789,2816,17,1,0,0,0.006036931818,0.05882352941
2025-06,쇼핑검색,00.자상호_MO@naver_shoppingsearch,03-2.전구_MO@cpc_lb03r_h,3553,924,9,0,0,0,0.00974025974,0
2025-06,쇼핑검색,00.자상호_MO@naver_shoppingsearch,04-1.온습도계_MO@cpc_th14_h,246059,15899,395,174,1752110,7.120690566,0.02484432983,0.4405063291
2025-06,쇼핑검색,00.자상호_MO@naver_shoppingsearch,04-1.온습도센서_MO@cpc_th02_h,732182,22436,622,61,1478170,2.018855968,0.02772330184,0.09807073955
2025-06,쇼핑검색,00.자상호_PC@naver_shoppingsearch,01-1.홈카메라_PC@cpc_mc05_h,3577431,67389,1634,529,12491970,3.491882862,0.02424728071,0.32374541
2025-06,쇼핑검색,00.자상호_PC@naver_shoppingsearch,01-4.펫캠_PC@cpc_mc059_h,106040,6697,62,4,250600,2.363259147,0.009257876661,0.06451612903
2025-06,쇼핑검색,00.자상호_PC@naver_shoppingsearch,01-5.베이비캠_PC@cpc_mc05_h,2871,1085,2,4,304300,105.9909439,0.001843317972,2
2025-06,쇼핑검색,00.자상호_PC@naver_shoppingsearch,02-1.전동커튼_PC@cpc_curtainset_h,10142,337,8,12,530800,52.3368172,0.0237388724,1.5
2025-06,쇼핑검색,00.자상호_PC@naver_shoppingsearch,03-2.전구_PC@cpc_lb03r_h,0,94,0,0,0,0,0,0
2025-06,쇼핑검색,00.자상호_PC@naver_shoppingsearch,04-1.온습도센서_PC@cpc_th02_h,14674,1008,31,7,74690,5.089955022,0.03075396825,0.2258064516
2025-06,쇼핑검색,01.브랜드형_쇼검@naver_shoppingbrand, 01-1.홈카메라@cpc_mc05_h-s,131956,205198,316,10,792440,6.005335112,0.001539976023,0.03164556962
2025-06,쇼핑검색,01.브랜드형_쇼검@naver_shoppingbrand,01-1.커튼@cpc_curtainset_h-s,183282,223947,224,3,2152100,11.74201504,0.001000236663,0.01339285714
2025-06,쇼핑검색,01.음처기_MO@naver_shoppingbrand,00-0.브랜드형_음처기_MO@cpc_fd471_h-s,562485,306183,223,0,0,0,0.0007283226045,0
2025-06,쇼핑검색,01.음처기_PC@naver_shoppingbrand,00-0.브랜드형_음처기_PC@cpc_fd471_h-s,12694,32533,4,0,0,0,0.0001229520794,0
2025-06,쇼핑검색,01.펫_MO@naver_shoppingbrand,00-0.브랜드형_급식기_MO@cpc_pf32_h-s,190795,111610,283,3,55700,0.2919363715,0.002535615088,0.01060070671
2025-06,쇼핑검색,01.펫_MO@naver_shoppingbrand,00-0.브랜드형_장난감_MO@cpc_pt40_h-s,21142,31032,44,1,32900,1.556144168,0.001417891209,0.02272727273
2025-06,쇼핑검색,01.펫_MO@naver_shoppingbrand,00-0.브랜드형_정수기_MO@cpc_pw30_h-s,29623,13635,74,1,55700,1.880295716,0.005427209388,0.01351351351
2025-06,쇼핑검색,01.펫_PC@naver_shoppingbrand,00-0.브랜드형_급식기_PC@cpc_pf32_h-s,1342,16293,3,0,0,0,0.0001841281532,0
2025-06,쇼핑검색,01.펫_PC@naver_shoppingbrand,00-0.브랜드형_정수기_PC@cpc_pw30_h-s,1001,1584,3,0,0,0,0.001893939394,0
2025-06,쇼핑검색,01.홈캠_MO@naver_shoppingsearch,1.A01_홈카메라_MO@cpc_mc05_h,0,301,0,0,0,0,0,0
2025-06,쇼핑검색,01.홈캠_MO@naver_shoppingsearch,1.A02_홈캠_MO@cpc_MC0510_h-s,80828,125568,82,7,629640,7.789874796,0.0006530326198,0.08536585366
2025-06,쇼핑검색,01.홈캠_MO@naver_shoppingsearch,1.A02_홈캠_MO@cpc_MC0511_h-s,121308,196098,139,6,522860,4.310185643,0.0007088292588,0.04316546763
2025-06,쇼핑검색,01.홈캠_MO@naver_shoppingsearch,1.A02_홈캠_MO@cpc_ic05_h-s,193303,200020,233,9,477160,2.468456258,0.001164883512,0.03862660944
2025-06,쇼핑검색,01.홈캠_MO@naver_shoppingsearch,1.A02_홈캠_MO@cpc_mc058_h-s,15752,180461,20,1,99800,6.335703403,0.0001108272702,0.05
2025-06,쇼핑검색,01.홈캠_MO@naver_shoppingsearch,1.A02_홈캠_MO@cpc_mc059_h-s,84667,29270,106,7,519900,6.140527006,0.003621455415,0.06603773585
2025-06,쇼핑검색,01.홈캠_MO@naver_shoppingsearch,1.A02_홈캠_MO@cpc_mc05_h,5637753,95083,2382,530,13482000,2.391378267,0.02505179685,0.2225020991
2025-06,쇼핑검색,01.홈캠_MO@naver_shoppingsearch,1.A02_홈캠_MO@cpc_mc05_h-s,2156,2370,3,0,0,0,0.001265822785,0
2025-06,쇼핑검색,01.홈캠_MO@naver_shoppingsearch,1.A03_홈CCTV_MO@cpc_mc05_h,563585,13060,246,68,1839900,3.264636213,0.01883614089,0.2764227642
2025-06,쇼핑검색,01.홈캠_MO@naver_shoppingsearch,1.B01_홈카메라_MO@cpc_mc05_h,8063,398,6,3,0,0,0.01507537688,0.5
2025-06,쇼핑검색,01.홈캠_MO@naver_shoppingsearch,1.B02_홈캠_MO@cpc_mc05_h,333091,7468,162,34,752200,2.258241742,0.0216925549,0.2098765432
2025-06,쇼핑검색,01.홈캠_MO@naver_shoppingsearch,1.B03_홈CCTV_MO@cpc_mc05_h,171765,7614,111,8,388200,2.260064623,0.0145784082,0.07207207207
2025-06,쇼핑검색,01.홈캠_MO@naver_shoppingsearch,1.B04_강아지캠_MO@cpc_mc05_h,297671,8045,184,24,1175600,3.949326606,0.02287134866,0.1304347826
2025-06,쇼핑검색,01.홈캠_MO@naver_shoppingsearch,1.B05_고양이캠_MO@cpc_mc05_h,46464,1559,31,1,99800,2.147899449,0.01988454137,0.03225806452
2025-06,쇼핑검색,01.홈캠_MO@naver_shoppingsearch,1.B06_육아캠_MO@cpc_mc05_h,370953,16818,279,27,795000,2.143128644,0.01658936853,0.09677419355
2025-06,쇼핑검색,01.홈캠_MO@naver_shoppingsearch,1.B07_맞벌이부부캠_MO@cpc_mc05_h,2453979,62563,1406,692,16553260,6.745477447,0.02247334687,0.4921763869
2025-06,쇼핑검색,01.홈캠_MO@naver_shoppingsearch,1.B08_보안캠_MO@cpc_mc05_h,7623,947,11,4,89800,11.78013905,0.0116156283,0.3636363636
2025-06,쇼핑검색,01.홈캠_MO@naver_shoppingsearch,1.B09_부모님캠_MO@cpc_mc05_h,49654,1431,57,0,0,0,0.03983228512,0
2025-06,쇼핑검색,01.홈캠_MO@naver_shoppingsearch,1.B10_스마트캠_MO@cpc_mc05_h,13662,1736,13,0,0,0,0.007488479263,0
2025-06,쇼핑검색,01.홈캠_PC@naver_shoppingsearch, 1.A01_홈카메라_PC@cpc_MC0510_h-s,148863,25609,201,34,2561510,17.20716363,0.007848803155,0.1691542289
2025-06,쇼핑검색,01.홈캠_PC@naver_shoppingsearch, 1.A01_홈카메라_PC@cpc_MC0511_h-s,165495,19179,184,13,1052310,6.358560682,0.009593826581,0.07065217391
2025-06,쇼핑검색,01.홈캠_PC@naver_shoppingsearch, 1.A01_홈카메라_PC@cpc_ic05_h-s,63767,15604,114,11,629320,9.869054527,0.007305819021,0.09649122807
2025-06,쇼핑검색,01.홈캠_PC@naver_shoppingsearch, 1.A01_홈카메라_PC@cpc_mc058_h-s,45265,13799,68,5,411600,9.093118303,0.004927893326,0.07352941176
2025-06,쇼핑검색,01.홈캠_PC@naver_shoppingsearch, 1.A01_홈카메라_PC@cpc_mc059_h-s,128458,131864,168,14,1565270,12.18507216,0.00127403992,0.08333333333
2025-06,쇼핑검색,01.홈캠_PC@naver_shoppingsearch, 1.A01_홈카메라_PC@cpc_mc05_h-s,19393,4646,20,5,349860,18.04053009,0.004304778304,0.25
2025-06,쇼핑검색,01.홈캠_PC@naver_shoppingsearch,1.A01_홈카메라_PC@cpc_mc05,542531,11667,228,54,1652800,3.046461861,0.01954229879,0.2368421053
2025-06,쇼핑검색,01.홈캠_PC@naver_shoppingsearch,1.A02_홈캠_PC@cpc_mc05_h,205502,11738,109,26,762200,3.708966336,0.0092860794,0.2385321101
2025-06,쇼핑검색,01.홈캠_PC@naver_shoppingsearch,1.A03_홈CCTV_PC@cpc_mc05,76384,4254,43,6,218000,2.854000838,0.01010813352,0.1395348837
2025-06,쇼핑검색,01.홈캠_PC@naver_shoppingsearch,1.B01_홈카메라_PC@cpc_mc05,50138,1288,20,2,0,0,0.01552795031,0.1
2025-06,쇼핑검색,01.홈캠_PC@naver_shoppingsearch,1.B02_홈캠_PC@cpc_mc05,10472,530,5,0,0,0,0.009433962264,0
2025-06,쇼핑검색,01.홈캠_PC@naver_shoppingsearch,1.B03_홈CCTV_PC@cpc_mc05,246851,7006,140,16,681900,2.762395129,0.01998287182,0.1142857143
2025-06,쇼핑검색,01.홈캠_PC@naver_shoppingsearch,1.B04_강아지캠_PC@cpc_mc05,4015,566,6,0,0,0,0.01060070671,0
2025-06,쇼핑검색,01.홈캠_PC@naver_shoppingsearch,1.B05_고양이캠_PC@cpc_mc05,0,99,0,0,0,0,0,0
2025-06,쇼핑검색,01.홈캠_PC@naver_shoppingsearch,1.B06_육아캠_PC@cpc_mc05,560769,11414,269,100,2400000,4.279837152,0.02356754862,0.3717472119
2025-06,쇼핑검색,01.홈캠_PC@naver_shoppingsearch,1.B07_맞벌이부부캠_PC@cpc_mc05,0,1840,0,0,0,0,0,0
2025-06,쇼핑검색,01.홈캠_PC@naver_shoppingsearch,1.B08_보안캠_PC@cpc_mc05,539,462,2,0,0,0,0.004329004329,0
2025-06,쇼핑검색,01.홈캠_PC@naver_shoppingsearch,1.B09_부모님캠_PC@cpc_mc05,3278,247,6,0,0,0,0.02429149798,0
2025-06,쇼핑검색,01.홈캠_PC@naver_shoppingsearch,1.B10_스마트캠_PC@cpc_mc05,25531,1176,23,1,82800,3.243116212,0.01955782313,0.04347826087
2025-06,쇼핑검색,02.커튼_MO@naver_shoppingsearch,1.A01_전동커튼_MO@cpc_curtainset,0,3,0,0,0,0,0,0
2025-06,쇼핑검색,02.커튼_MO@naver_shoppingsearch,1.A02_전동레일_MO@cpc_curtainset,792,32,2,0,0,0,0.0625,0
2025-06,쇼핑검색,02.커튼_MO@naver_shoppingsearch,1.A02_커튼_MO@cpc_curtainset_h-s,69289,16013,115,4,940900,13.57935603,0.007181664897,0.0347826087
2025-06,쇼핑검색,02.커튼_MO@naver_shoppingsearch,1.B01_전동커튼_MO@cpc_curtainset,0,13,0,0,0,0,0,0
2025-06,쇼핑검색,02.커튼_MO@naver_shoppingsearch,1.B07_자동커튼_MO@cpc_curtainset,0,6,0,0,0,0,0,0
2025-06,쇼핑검색,02.커튼_MO@naver_shoppingsearch,2.B01_우드블라인드_MO@cpc_bw15,21582,4580,57,0,0,0,0.01244541485,0
2025-06,쇼핑검색,02.커튼_MO@naver_shoppingsearch,2.B02_블라인드_MO@cpc_bm23,214038,9891,289,0,0,0,0.02921848145,0
2025-06,쇼핑검색,02.커튼_PC@naver_shoppingsearch,1.A01_전동커튼_PC@cpc_curtainset,0,6,0,0,0,0,0,0
2025-06,쇼핑검색,02.커튼_PC@naver_shoppingsearch,1.A01_커튼_PC@cpc_curtainset_h-s,16203,1964,33,1,229000,14.13318521,0.01680244399,0.0303030303
2025-06,쇼핑검색,02.커튼_PC@naver_shoppingsearch,1.A02_전동레일_PC@cpc_curtainset,0,4,0,0,0,0,0,0
2025-06,쇼핑검색,02.커튼_PC@naver_shoppingsearch,2.B01_우드블라인드PC@cpc_bw15,92389,10204,87,0,0,0,0.008526068209,0
2025-06,쇼핑검색,02.커튼_PC@naver_shoppingsearch,2.B02_블라인드PC@cpc_bm23,192379,13832,131,0,0,0,0.009470792366,0
2025-06,쇼핑검색,03.조명_MO@naver_shoppingsearch,03-1.라인LED_MO@cpc_ls06_h,232650,92081,183,6,127600,0.548463357,0.001987380676,0.03278688525
2025-06,쇼핑검색,03.조명_MO@naver_shoppingsearch,03-2.전구_MO@cpc_lb03_h-s,105688,13207,105,10,442630,4.188081901,0.007950329371,0.09523809524
2025-06,쇼핑검색,03.조명_MO@naver_shoppingsearch,03-2.전구_MO@cpc_lb03r_h,255794,22035,238,36,743900,2.908199567,0.01080099841,0.1512605042
2025-06,쇼핑검색,03.조명_MO@naver_shoppingsearch,03-3.무드등_MO@cpc_md08_h,138523,20497,178,10,408000,2.945359254,0.008684197687,0.05617977528
2025-06,쇼핑검색,03.조명_MO@naver_shoppingsearch,03-4.스타라이트_MO@cpc_sl24_h,77055,14746,99,5,170500,2.212705211,0.006713685067,0.05050505051
2025-06,쇼핑검색,03.조명_MO@naver_shoppingsearch,03-4.스타라이트_MO@cpc_sl24_h-s,10736,3354,17,3,149700,13.94374069,0.005068574836,0.1764705882
2025-06,쇼핑검색,03.조명_MO@naver_shoppingsearch,03-5.싱크라이트_MO@cpc_sy27_h,49148,5948,50,1,319000,6.490599821,0.008406186954,0.02
2025-06,쇼핑검색,03.조명_MO@naver_shoppingsearch,03-5.싱크라이트_MO@cpc_sy27_h-s,6864,2481,10,0,0,0,0.004030632809,0
2025-06,쇼핑검색,03.조명_PC@naver_shoppingsearch,03-1.라인LED_PC@cpc_ls06_h,40733,97087,50,13,99800,2.450101883,0.0005150020085,0.26
2025-06,쇼핑검색,03.조명_PC@naver_shoppingsearch,03-2.전구_PC@cpc_lb03_h,131054,17891,108,32,87600,0.6684267554,0.006036554692,0.2962962963
2025-06,쇼핑검색,03.조명_PC@naver_shoppingsearch,03-2.전구_PC@cpc_lb03r_h-s,146201,127214,161,6,359900,2.461679469,0.001265583977,0.03726708075
2025-06,쇼핑검색,03.조명_PC@naver_shoppingsearch,03-3.무드등_PC@cpc_md08_h,15752,6855,22,0,0,0,0.003209336251,0
2025-06,쇼핑검색,03.조명_PC@naver_shoppingsearch,03-4.스타라이트_PC@cpc_sl24_h,1518,2042,3,0,0,0,0.001469147894,0
2025-06,쇼핑검색,03.조명_PC@naver_shoppingsearch,03-4.스타라이트_PC@cpc_sl24_h-s,1496,1337,2,0,0,0,0.001495886313,0
2025-06,쇼핑검색,03.조명_PC@naver_shoppingsearch,03-5.싱크라이트_PC@cpc_sy27_h,6677,1370,10,0,0,0,0.007299270073,0
2025-06,쇼핑검색,03.조명_PC@naver_shoppingsearch,03-5.싱크라이트_PC@cpc_sy27_h-s,12771,7842,20,0,0,0,0.002550369804,0
2025-06,쇼핑검색,04.센서_PC@naver_shoppingsearch,04-1.스마트온습도계_PC@cpc_th14_h,156651,17325,183,53,1037880,6.6254285,0.01056277056,0.2896174863
2025-06,쇼핑검색,04.센서_PC@naver_shoppingsearch,04-1.스마트온습도계_PC@cpc_th14_h-s,660,948,12,1,29900,45.3030303,0.01265822785,0.08333333333
2025-06,쇼핑검색,04.센서_PC@naver_shoppingsearch,04-2.온습도센서_PC@cpc_th02_h,143803,10552,178,3,111600,0.7760616955,0.01686884003,0.01685393258
2025-06,쇼핑검색,04.센서_PC@naver_shoppingsearch,04-3.냉장고온습도계_PC@cpc_th25_h,26730,6914,41,16,452900,16.94350917,0.005929997107,0.3902439024
2025-06,쇼핑검색,04.센서_PC@naver_shoppingsearch,04-4.도어센서_PC@cpc_do02_h,52272,1905,80,12,244980,4.686639118,0.04199475066,0.15
2025-06,쇼핑검색,04.센서_PC@naver_shoppingsearch,04-5.모션센서_PC@cpc_mo02_h,51854,3420,57,3,0,0,0.01666666667,0.05263157895
2025-06,쇼핑검색,04.센서_PC@naver_shoppingsearch,04-6.스마트사이렌_MO@cpc_sa14_h,7667,1389,25,8,259680,33.86983175,0.01799856012,0.32
2025-06,쇼핑검색,04.센서_PC@naver_shoppingsearch,04-7.화재감지센서_PC@cpc_ss26_h,13893,1269,19,0,0,0,0.01497241923,0
2025-06,쇼핑검색,04.센서_PC@naver_shoppingsearch,04-8.가스감지센서_PC@cpc_gs26_h,0,593,0,0,0,0,0,0
2025-06,쇼핑검색,04.센서_PC@naver_shoppingsearch,04-9.누수감지센서_PC@cpc_ws26_h,15895,692,21,3,0,0,0.03034682081,0.1428571429
2025-06,쇼핑검색,05.전원_MO@naver_shoppingsearch,05-3.플러그_MO@cpc_ep1_h-s,118635,21326,172,47,1991800,16.78931175,0.008065272437,0.273255814
2025-06,쇼핑검색,05.전원_MO@naver_shoppingsearch,05-3.플러그_MO@cpc_ep2_h,493845,65266,482,105,1158800,2.346485233,0.007385162259,0.2178423237
2025-06,쇼핑검색,05.전원_MO@naver_shoppingsearch,05-3.플러그_MO@cpc_ep3_h-s,351989,63280,346,52,2424960,6.8893062,0.005467762326,0.1502890173
2025-06,쇼핑검색,05.전원_MO@naver_shoppingsearch,05-4.멀티탭_MO@cpc_ps03_h,27764,21416,29,0,0,0,0.001354127755,0
2025-06,쇼핑검색,05.전원_MO@naver_shoppingsearch,05-4.멀티탭_MO@cpc_ps03_h-s,23122,21625,35,3,114500,4.951993772,0.00161849711,0.08571428571
2025-06,쇼핑검색,05.전원_MO@naver_shoppingsearch,05-4.푸시봇_MO@cpc_fb42_h,748814,45397,690,41,918200,1.226205707,0.01519924224,0.05942028986
2025-06,쇼핑검색,05.전원_PC@naver_shoppingsearch,05-3.플러그_PC@cpc_ep1_h-s,220,1164,1,0,0,0,0.0008591065292,0
2025-06,쇼핑검색,05.전원_PC@naver_shoppingsearch,05-3.플러그_PC@cpc_ep2_h,88242,15893,102,17,616900,6.991002017,0.006417919839,0.1666666667
2025-06,쇼핑검색,05.전원_PC@naver_shoppingsearch,05-3.플러그_PC@cpc_ep3_h-s,847,123,2,2,85500,100.94451,0.0162601626,1
2025-06,쇼핑검색,05.전원_PC@naver_shoppingsearch,05-4.멀티탭_PC@cpc_ps03_h,26598,5425,28,6,236900,8.906684713,0.005161290323,0.2142857143
2025-06,쇼핑검색,05.전원_PC@naver_shoppingsearch,05-4.멀티탭_PC@cpc_ps03_h-s,1474,2310,3,0,0,0,0.001298701299,0
2025-06,쇼핑검색,05.전원_PC@naver_shoppingsearch,05-4.푸시봇_PC@cpc_fb42_h,229548,20963,229,54,934200,4.069737048,0.01092400897,0.2358078603
2025-06,쇼핑검색,07.반려_MO@naver_shoppingsearch,1.B01_스마트급식기_MO@cpc_petcare,254353,26986,173,44,1583300,6.224813547,0.00641073149,0.2543352601
2025-06,쇼핑검색,07.반려_MO@naver_shoppingsearch,1.B02_강아지급식기_MO@cpc_petcare,266354,42534,156,18,669000,2.511694962,0.003667654112,0.1153846154
2025-06,쇼핑검색,07.반려_MO@naver_shoppingsearch,1.B03_고양이급식기_MO@cpc_petcare,159060,13709,87,0,0,0,0.00634619593,0
2025-06,쇼핑검색,07.반려_MO@naver_shoppingsearch,1.B04_펫급식기_MO@cpc_petcare,8690,30645,7,0,0,0,0.0002284222549,0
2025-06,쇼핑검색,07.반려_MO@naver_shoppingsearch,1.B05_자동급식기_MO@cpc_petcare,2189,7797,2,0,0,0,0.0002565089137,0
2025-06,쇼핑검색,07.반려_MO@naver_shoppingsearch,2.B01_펫정수기_MO@cpc_pw30,67309,4626,64,20,452600,6.724212215,0.01383484652,0.3125
2025-06,쇼핑검색,07.반려_MO@naver_shoppingsearch,3.B01_고양이장난감_MO@cpc_pt40,139645,60210,153,36,407900,2.920978195,0.002541106129,0.2352941176
2025-06,쇼핑검색,07.반려_MO@naver_shoppingsearch,3.B01_고양이장난감_MO@cpc_pt40_h-s,71104,12954,108,17,630500,8.867292979,0.008337193145,0.1574074074
2025-06,쇼핑검색,07.반려_MO@naver_shoppingsearch,★07-1.자동급식기_MO@cpc_petcare,82093,237086,157,0,0,0,0.0006622069629,0
2025-06,쇼핑검색,07.반려_MO@naver_shoppingsearch,★07-1.자동급식기_MO@cpc_pf32_h-s,261932,142303,417,13,993500,3.792969168,0.002930366893,0.03117505995
2025-06,쇼핑검색,07.반려_MO@naver_shoppingsearch,★07-2.펫정수기_MO@cpc_pw30_h,24827,1719,27,15,65600,2.642284609,0.01570680628,0.5555555556
2025-06,쇼핑검색,07.반려_MO@naver_shoppingsearch,★07-2.펫정수기_MO@cpc_pw30_h-s,186285,14762,202,7,319800,1.716724374,0.01368378269,0.03465346535
2025-06,쇼핑검색,07.반려_PC@naver_shoppingsearch,1.B01_스마트급식기_PC@cpc_petcare,7502,42263,7,0,0,0,0.0001656295104,0
2025-06,쇼핑검색,07.반려_PC@naver_shoppingsearch,1.B01_스마트급식기_PC@cpc_pf32_h-s,30987,19798,51,0,0,0,0.00257601778,0
2025-06,쇼핑검색,07.반려_PC@naver_shoppingsearch,1.B02_강아지급식기_PC@cpc_petcare,26510,35260,18,7,182400,6.880422482,0.000510493477,0.3888888889
2025-06,쇼핑검색,07.반려_PC@naver_shoppingsearch,1.B03_고양이급식기_PC@cpc_petcare,30195,55818,24,4,146100,4.838549429,0.0004299688273,0.1666666667
2025-06,쇼핑검색,07.반려_PC@naver_shoppingsearch,1.B04_펫급식기_PC@cpc_petcare,27060,7357,19,5,412400,15.24020695,0.002582574419,0.2631578947
2025-06,쇼핑검색,07.반려_PC@naver_shoppingsearch,1.B05_자동급식기_PC@cpc_petcare,0,23,0,0,0,0,0,0
2025-06,쇼핑검색,07.반려_PC@naver_shoppingsearch,2.B01_펫정수기_PC@cpc_pw30,23958,968,18,2,87700,3.660572669,0.01859504132,0.1111111111
2025-06,쇼핑검색,07.반려_PC@naver_shoppingsearch,3.B01_고양이장난감_PC@cpc_pt40,29557,27458,44,12,140600,4.756910377,0.001602447374,0.2727272727
2025-06,쇼핑검색,07.반려_PC@naver_shoppingsearch,3.B01_고양이장난감_PC@cpc_pt40_h-s,9504,7633,17,0,0,0,0.002227171492,0
2025-06,쇼핑검색,07.반려_PC@naver_shoppingsearch,★07-1.펫급식기_PC@cpc_petcare,0,29,0,0,0,0,0,0
2025-06,쇼핑검색,07.반려_PC@naver_shoppingsearch,★07-2.펫정수기_PC@cpc_pw30_h,8811,531,9,0,0,0,0.01694915254,0
2025-06,쇼핑검색,07.반려_PC@naver_shoppingsearch,★07-2.펫정수기_PC@cpc_pw30_h-s,8690,1406,15,2,87700,10.09205984,0.0106685633,0.1333333333
2025-06,쇼핑검색,08.리빙_MO@naver_shoppingsearch,08-1.체중계_MO@cpc_bs35_h,11066,7178,26,1,29900,2.701969998,0.00362217888,0.03846153846
2025-06,쇼핑검색,08.리빙_MO@naver_shoppingsearch,08-2.리모컨허브_MO@cpc_ir441_h,548306,25857,696,218,2415600,4.405569153,0.02691727579,0.3132183908
2025-06,쇼핑검색,08.리빙_MO@naver_shoppingsearch,08-2.리모컨허브_MO@cpc_ir441_h-s,33440,6950,44,12,334400,10,0.006330935252,0.2727272727
2025-06,쇼핑검색,08.리빙_PC@naver_shoppingsearch,08-1.체중계_PC@cpc_bs35_h,3927,4078,8,0,0,0,0.001961745954,0
2025-06,쇼핑검색,08.리빙_PC@naver_shoppingsearch,08-2.리모컨허브_PC@cpc_ir441_h,149391,10963,166,40,339600,2.273229311,0.01514184074,0.2409638554
2025-06,쇼핑검색,08.리빙_PC@naver_shoppingsearch,08-2.리모컨허브_PC@cpc_ir441_h-s,435435,69030,653,101,3208080,7.367529023,0.009459655222,0.1546707504
2025-06,쇼핑검색,08.리빙_PC@naver_shoppingsearch,08-3.음식물처리기_PC@cpc_fd471_h-s,1012,658,2,0,0,0,0.003039513678,0
2025-06,쇼핑검색,09.로청_MO@naver_shoppingbrand,9.A01_로봇청소기_MO@cpc_rc41_h,571846,42693,216,1,0,0,0.005059377416,0.00462962963
2025-06,쇼핑검색,09.로청_MO@naver_shoppingbrand,9.B01_로봇청소기_MO@cpc_rc41_h,159665,20691,60,5,1356000,8.492781762,0.002899811512,0.08333333333
2025-06,쇼핑검색,09.로청_PC@naver_shoppingbrand,9.A01_로봇청소기_PC@cpc_rc41_h,2244,529,1,0,0,0,0.001890359168,0
2025-06,쇼핑검색,09.로청_PC@naver_shoppingbrand,9.B01_로봇청소기_PC@cpc_rc41_h,0,301,0,0,0,0,0,0
2025-06,쇼핑검색,음처기_MO@naver_shoppingsearch,음식물쓰레기MO@cpc_fd471_h,407,293,1,0,0,0,0.003412969283,0
2025-06,쇼핑검색,음처기_MO@naver_shoppingsearch,음식물처리기_MO@cpc_fd471_h-s,2650252,446273,1016,13,4116400,1.553210789,0.002276633361,0.01279527559
2025-06,쇼핑검색,음처기_MO@naver_shoppingsearch,음식물처리기분쇄_MO@cpc_fd471_h-s,244541,9766,87,0,0,0,0.008908457915,0
2025-06,쇼핑검색,음처기_MO@naver_shoppingsearch,음식물처리기분쇄기_MO@cpc_fd471_h-s,700766,29733,194,6,2171500,3.098751937,0.006524736824,0.03092783505
2025-06,쇼핑검색,음처기_PC@naver_shoppingsearch,음식물쓰레기PC@cpc_fd471_h,990,16815,3,0,0,0,0.000178412132,0
2025-06,쇼핑검색,음처기_PC@naver_shoppingsearch,음식물처리기_PC@cpc_fd471_h-s,445632,332626,217,2,718200,1.611643688,0.0006523843596,0.009216589862
2025-06,쇼핑검색,음처기_PC@naver_shoppingsearch,음식물처리기분쇄_PC@cpc_fd471_h-s,116523,9493,54,1,359100,3.08179501,0.00568840198,0.01851851852
2025-06,쇼핑검색,음처기_PC@naver_shoppingsearch,음식물처리기분쇄기_PC@cpc_fd471_h-s,104962,3191,41,2,715000,6.811989101,0.01284863679,0.0487804878
2025-06,쇼핑검색,음처기_PC@naver_shoppingsearch,음식쓰레기처리기PC@cpc_fd471_h,0,41,0,0,0,0,0,0
2025-06,쇼핑검색,음처기공식몰MO@naver_shoppingsearch,1위음식물분쇄기MO@cpc_fd471_h,825,2184,2,0,0,0,0.0009157509158,0
2025-06,쇼핑검색,음처기공식몰MO@naver_shoppingsearch,음식물쓰레기MO@cpc_fd471_h,479919,13399,105,4,738000,1.537759497,0.007836405702,0.0380952381
2025-06,쇼핑검색,음처기공식몰MO@naver_shoppingsearch,음식물처리기MO@cpc_fd471_h,12403556,841961,2750,90,9815400,0.7913375809,0.003266184538,0.03272727273
2025-06,쇼핑검색,음처기공식몰MO@naver_shoppingsearch,음식쓰레기처리기MO@cpc_fd471_h,0,380,0,0,0,0,0,0
2025-06,쇼핑검색,음처기공식몰PC@naver_shoppingsearch,음식물분쇄기PC@cpc_fd471_h,39226,109425,23,0,0,0,0.0002101896276,0
2025-06,쇼핑검색,음처기공식몰PC@naver_shoppingsearch,음식물쓰레기PC@cpc_fd471_h,0,1537,0,0,0,0,0,0
2025-06,쇼핑검색,음처기공식몰PC@naver_shoppingsearch,음식물처리기PC@cpc_fd471_h,1089869,661087,393,12,2154600,1.976934843,0.0005944754624,0.03053435115
2025-06,쇼핑검색,음처기공식몰PC@naver_shoppingsearch,음식물처리기분쇄PC@cpc_fd471_h,181324,210755,93,1,359100,1.980432816,0.0004412706697,0.01075268817
2025-06,쇼핑검색,음처기공식몰PC@naver_shoppingsearch,음식쓰레기처리기PC@cpc_fd471_h,5126,19797,4,0,0,0,0.0002020508158,0
2025-06,파워링크,00.브랜드_MO@naver_powerlink,00-1.자사명_MO@cpc_hejhome_h,1245838,54339,1564,468,8329750,6.686061912,0.02878227424,0.2992327366
2025-06,파워링크,00.브랜드_MO@naver_powerlink,00-2.경쟁사_MO@cpc_hejhome_h,2805,3240,28,10,77800,27.73618538,0.008641975309,0.3571428571
2025-06,파워링크,00.브랜드_PC@naver_powerlink,00-1.자사명_PC@cpc_hejhome_h,387068,20579,691,244,4232900,10.93580456,0.03357791924,0.3531114327
2025-06,파워링크,01.홈카메라_메인_MO@naver_powerlink,01-1.홈CCTV_MO@cpc_mc0511_h,451297,26068,311,50,1261100,2.79439039,0.01193033604,0.1607717042
2025-06,파워링크,01.홈카메라_메인_MO@naver_powerlink,01-1.홈카메라_MO@cpc_mc0511_h,442035,12549,346,49,969000,2.192134107,0.02757191808,0.1416184971
2025-06,파워링크,01.홈카메라_메인_MO@naver_powerlink,01-1.홈캠_MO@cpc_mc0511_h,543092,11719,296,41,409000,0.7530952398,0.02525812783,0.1385135135
2025-06,파워링크,01.홈카메라_메인_PC@naver_powerlink,01-1.홈CCTV_PC@cpc_mc0511_h,25663,8068,33,2,0,0,0.004090233019,0.06060606061
2025-06,파워링크,01.홈카메라_메인_PC@naver_powerlink,01-1.홈카메라_PC@cpc_mc0511_h,12419,3038,14,3,0,0,0.004608294931,0.2142857143
2025-06,파워링크,01.홈카메라_메인_PC@naver_powerlink,01-1.홈캠_PC@cpc_mc0511_h,19063,1309,23,3,141500,7.422756124,0.01757066463,0.1304347826
2025-06,파워링크,01.홈카메라_쿠팡_MO@naver_powerlink,01-1 쿠팡+전환_1_MO@cpc_MC0511_h,2844523,240967,1977,379,9030570,3.174722089,0.008204442932,0.1917046029
2025-06,파워링크,01.홈카메라_쿠팡_MO@naver_powerlink,01-1 쿠팡+전환_2_MO@cpc_MC0511_h,357346,94586,704,43,801200,2.242084702,0.007442961961,0.06107954545
2025-06,파워링크,01.홈카메라_쿠팡_MO@naver_powerlink,01-1 쿠팡+전환_3_MO@cpc_MC0511_h,319825,30594,249,17,105000,0.3283045415,0.008138850755,0.06827309237
2025-06,파워링크,01.홈카메라_쿠팡_PC@naver_powerlink, 01-1 쿠팡+전환_1_PC@cpc_MC0511_h,1003948,128665,644,76,1872600,1.865236048,0.005005246182,0.1180124224
2025-06,파워링크,01.홈카메라_쿠팡_PC@naver_powerlink,01-1 쿠팡+전환_2_PC@cpc_MC0511_h,51579,90771,87,10,151790,2.942864344,0.0009584558945,0.1149425287
2025-06,파워링크,01.홈카메라_쿠팡_PC@naver_powerlink,01-1 쿠팡+전환_3_PC@cpc_MC0511_h,17864,35184,27,1,59900,3.353112405,0.0007673942701,0.03703703704
2025-06,파워링크,01.홈카메라_확장_MO@naver_powerlink,01-2.홈CCTV+반려1_MO@cpc_MC0511_h,0,41,0,0,0,0,0,0
2025-06,파워링크,01.홈카메라_확장_MO@naver_powerlink,01-2.홈CCTV+반려2_MO@cpc_mc0511_h,154,59,2,0,0,0,0.03389830508,0
2025-06,파워링크,01.홈카메라_확장_MO@naver_powerlink,01-2.홈CCTV+반려3_MO@cpc_mc0511_h,14487,557,13,1,89800,6.198660868,0.02333931777,0.07692307692
2025-06,파워링크,01.홈카메라_확장_MO@naver_powerlink,01-2.홈CCTV+반려4_MO@cpc_mc0511_h,33726,1205,30,1,84900,2.517345668,0.02489626556,0.03333333333
2025-06,파워링크,01.홈카메라_확장_MO@naver_powerlink,01-2.홈CCTV+보안_1_MO@cpc_mc058_h,1540,300,2,0,0,0,0.006666666667,0
2025-06,파워링크,01.홈카메라_확장_MO@naver_powerlink,01-2.홈CCTV+보안_2_MO@cpc_mc058_h,0,29,0,0,0,0,0,0
2025-06,파워링크,01.홈카메라_확장_MO@naver_powerlink,01-2.홈CCTV+보안_3_MO@cpc_mc058_h,0,26,0,0,0,0,0,0
2025-06,파워링크,01.홈카메라_확장_MO@naver_powerlink,01-2.홈CCTV+보안_4_MO@cpc_mc058_h,1133,151,2,0,0,0,0.01324503311,0
2025-06,파워링크,01.홈카메라_확장_MO@naver_powerlink,01-2.홈CCTV+보안_5_MO@cpc_mc058_h,1474,517,4,0,0,0,0.007736943907,0
2025-06,파워링크,01.홈카메라_확장_MO@naver_powerlink,01-2.홈CCTV+보안_6_MO@cpc_mc058_h,3025,576,3,0,0,0,0.005208333333,0
2025-06,파워링크,01.홈카메라_확장_MO@naver_powerlink,01-2.홈CCTV+보안_7_MO@cpc_mc058_h,4884,764,5,0,0,0,0.006544502618,0
2025-06,파워링크,01.홈카메라_확장_MO@naver_powerlink,01-2.홈CCTV+보안_8_MO@cpc_mc058_h,5896,564,4,0,0,0,0.007092198582,0
2025-06,파워링크,01.홈카메라_확장_MO@naver_powerlink,01-2.홈CCTV+어른_1_MO@cpc_mc058_h,14872,852,26,0,0,0,0.03051643192,0
2025-06,파워링크,01.홈카메라_확장_MO@naver_powerlink,01-2.홈CCTV+어른_2_MO@cpc_mc058_h,6523,214,7,0,0,0,0.03271028037,0
2025-06,파워링크,01.홈카메라_확장_MO@naver_powerlink,01-2.홈CCTV+어른_3_MO@cpc_mc058_h,10296,404,27,0,0,0,0.06683168317,0
2025-06,파워링크,01.홈카메라_확장_MO@naver_powerlink,01-2.홈CCTV+육아_1_MO@cpc_mc058_h,0,45,0,0,0,0,0,0
2025-06,파워링크,01.홈카메라_확장_MO@naver_powerlink,01-2.홈CCTV+육아_2_MO@cpc_mc058_h,0,19,0,0,0,0,0,0
2025-06,파워링크,01.홈카메라_확장_MO@naver_powerlink,01-2.홈CCTV+육아_3_MO@cpc_mc058_h,0,11,0,0,0,0,0,0
2025-06,파워링크,01.홈카메라_확장_MO@naver_powerlink,01-2.홈CCTV+육아_4_MO@cpc_mc058_h,0,22,0,0,0,0,0,0
2025-06,파워링크,01.홈카메라_확장_MO@naver_powerlink,01-2.홈CCTV+육아_5_MO@cpc_mc058_h,770,179,2,0,0,0,0.01117318436,0
2025-06,파워링크,01.홈카메라_확장_MO@naver_powerlink,01-2.홈CCTV+육아_6_MO@cpc_mc058_h,1045,23,2,0,0,0,0.08695652174,0
2025-06,파워링크,01.홈카메라_확장_MO@naver_powerlink,01-2.홈CCTV+육아_7_MO@cpc_mc058_h,1914,91,4,0,0,0,0.04395604396,0
2025-06,파워링크,01.홈카메라_확장_MO@naver_powerlink,01-2.홈CCTV+육아_8_MO@cpc_mc058_h,0,70,0,0,0,0,0,0
2025-06,파워링크,01.홈카메라_확장_MO@naver_powerlink,01-2.홈카메라+반려_1_MO@cpc_mc058_h,32274,1027,31,0,0,0,0.03018500487,0
2025-06,파워링크,01.홈카메라_확장_MO@naver_powerlink,01-2.홈카메라+반려_2_MO@cpc_mc058_h,154,67,2,5,117600,763.6363636,0.02985074627,2.5
2025-06,파워링크,01.홈카메라_확장_MO@naver_powerlink,01-2.홈카메라+보안_1_MO@cpc_mc058_h,484,1141,2,0,0,0,0.001752848379,0
2025-06,파워링크,01.홈카메라_확장_MO@naver_powerlink,01-2.홈카메라+보안_2_MO@cpc_mc058_h,4378,720,7,0,0,0,0.009722222222,0
2025-06,파워링크,01.홈카메라_확장_MO@naver_powerlink,01-2.홈카메라+보안_3_MO@cpc_mc058_h,0,53,0,0,0,0,0,0
2025-06,파워링크,01.홈카메라_확장_MO@naver_powerlink,01-2.홈카메라+어른_MO@cpc_mc058_h,6490,791,22,9,223900,34.49922958,0.02781289507,0.4090909091
2025-06,파워링크,01.홈카메라_확장_MO@naver_powerlink,01-2.홈카메라+육아_1_MO@cpc_mc058_h,616,201,1,0,0,0,0.004975124378,0
2025-06,파워링크,01.홈카메라_확장_MO@naver_powerlink,01-2.홈카메라+육아_2_MO@cpc_mc058_h,3069,1089,6,0,0,0,0.005509641873,0
2025-06,파워링크,01.홈카메라_확장_MO@naver_powerlink,01-2.홈캠+반려_MO@cpc_mc058_h,147807,2865,97,4,401000,2.712997355,0.03385689354,0.0412371134
2025-06,파워링크,01.홈카메라_확장_MO@naver_powerlink,01-2.홈캠+보안_1_MO@cpc_mc058_h,990,472,3,0,0,0,0.006355932203,0
2025-06,파워링크,01.홈카메라_확장_MO@naver_powerlink,01-2.홈캠+보안_2_MO@cpc_mc058_h,374,253,2,0,0,0,0.00790513834,0
2025-06,파워링크,01.홈카메라_확장_MO@naver_powerlink,01-2.홈캠+어른_MO@cpc_mc058_h,6281,1199,26,2,0,0,0.02168473728,0.07692307692
2025-06,파워링크,01.홈카메라_확장_MO@naver_powerlink,01-2.홈캠+육아_1_MO@cpc_mc058_h,7216,1727,15,4,0,0,0.008685581934,0.2666666667
2025-06,파워링크,01.홈카메라_확장_MO@naver_powerlink,01-2.홈캠+육아_2_MO@cpc_mc058_h,20086,2202,21,4,194500,9.683361545,0.009536784741,0.1904761905
2025-06,파워링크,01.홈카메라_확장_MO@naver_powerlink,01-3.홈CCTV+대학생_MO@cpc_mc058_h,0,5,0,0,0,0,0,0
2025-06,파워링크,01.홈카메라_확장_MO@naver_powerlink,01-3.홈CCTV+신혼부부_MO@cpc_mc058_h,0,7,0,0,0,0,0,0
2025-06,파워링크,01.홈카메라_확장_MO@naver_powerlink,01-3.홈CCTV+임산부_MO@cpc_mc058_h,0,12,0,0,0,0,0,0
2025-06,파워링크,01.홈카메라_확장_MO@naver_powerlink,01-3.홈CCTV+자영업자_MO@cpc_mc058_h,0,148,0,0,0,0,0,0
2025-06,파워링크,01.홈카메라_확장_MO@naver_powerlink,01-3.홈CCTV+자취생_MO@cpc_mc058_h,0,142,0,0,0,0,0,0
2025-06,파워링크,01.홈카메라_확장_MO@naver_powerlink,01-3.홈카메라+대학생_MO@cpc_mc058_h,0,36,0,0,0,0,0,0
2025-06,파워링크,01.홈카메라_확장_MO@naver_powerlink,01-3.홈카메라+신혼부부_MO@cpc_mc058_h,0,21,0,0,0,0,0,0
2025-06,파워링크,01.홈카메라_확장_MO@naver_powerlink,01-3.홈카메라+임산부_MO@cpc_mc058_h,0,13,0,0,0,0,0,0
2025-06,파워링크,01.홈카메라_확장_MO@naver_powerlink,01-3.홈카메라+자영업자_MO@cpc_mc058_h,209,47,1,0,0,0,0.02127659574,0
2025-06,파워링크,01.홈카메라_확장_MO@naver_powerlink,01-3.홈카메라+자취생_MO@cpc_mc058_h,3091,460,8,2,89800,29.0520867,0.01739130435,0.25
2025-06,파워링크,01.홈카메라_확장_MO@naver_powerlink,01-3.홈캠+대학생_MO@cpc_mc058_h,0,13,0,0,0,0,0,0
2025-06,파워링크,01.홈카메라_확장_MO@naver_powerlink,01-3.홈캠+신혼부부_MO@cpc_mc058_h,0,7,0,0,0,0,0,0
2025-06,파워링크,01.홈카메라_확장_MO@naver_powerlink,01-3.홈캠+임산부_MO@cpc_mc058_h,0,100,0,0,0,0,0,0
2025-06,파워링크,01.홈카메라_확장_MO@naver_powerlink,01-3.홈캠+자영업자_MO@cpc_mc058_h,0,9,0,0,0,0,0,0
2025-06,파워링크,01.홈카메라_확장_MO@naver_powerlink,01-3.홈캠+자취생_MO@cpc_mc058_h,0,31,0,0,0,0,0,0
2025-06,파워링크,01.홈카메라_확장_PC@naver_powerlink,01-2.홈CCTV+반려1_PC@cpc_MC0511_h,0,9,0,0,0,0,0,0
2025-06,파워링크,01.홈카메라_확장_PC@naver_powerlink,01-2.홈CCTV+반려2_PC@cpc_mc0511_h,0,1,0,0,0,0,0,0
2025-06,파워링크,01.홈카메라_확장_PC@naver_powerlink,01-2.홈CCTV+반려3_PC@cpc_mc0511_h,7216,199,5,0,0,0,0.02512562814,0
2025-06,파워링크,01.홈카메라_확장_PC@naver_powerlink,01-2.홈CCTV+반려4_PC@cpc_mc0511_h,3861,465,5,1,69900,18.1041181,0.01075268817,0.2
2025-06,파워링크,01.홈카메라_확장_PC@naver_powerlink,01-2.홈CCTV+보안1_PC@cpc_mc0511_h,0,63,0,0,0,0,0,0
2025-06,파워링크,01.홈카메라_확장_PC@naver_powerlink,01-2.홈CCTV+보안2_PC@cpc_mc0511_h,0,4,0,0,0,0,0,0
2025-06,파워링크,01.홈카메라_확장_PC@naver_powerlink,01-2.홈CCTV+보안3_PC@cpc_mc0511_h,0,7,0,0,0,0,0,0
2025-06,파워링크,01.홈카메라_확장_PC@naver_powerlink,01-2.홈CCTV+보안4_PC@cpc_mc0511_h,0,18,0,0,0,0,0,0
2025-06,파워링크,01.홈카메라_확장_PC@naver_powerlink,01-2.홈CCTV+보안5_PC@cpc_mc0511_h,1353,185,2,0,0,0,0.01081081081,0
2025-06,파워링크,01.홈카메라_확장_PC@naver_powerlink,01-2.홈CCTV+보안6_PC@cpc_mc0511_h,0,241,0,0,0,0,0,0
2025-06,파워링크,01.홈카메라_확장_PC@naver_powerlink,01-2.홈CCTV+보안7_PC@cpc_mc0511_h,2497,223,3,0,0,0,0.0134529148,0
2025-06,파워링크,01.홈카메라_확장_PC@naver_powerlink,01-2.홈CCTV+보안8_PC@cpc_mc0511_h,1034,290,1,0,0,0,0.003448275862,0
2025-06,파워링크,01.홈카메라_확장_PC@naver_powerlink,01-2.홈CCTV+어른1_PC@cpc_mc0511_h,2035,102,4,0,0,0,0.03921568627,0
2025-06,파워링크,01.홈카메라_확장_PC@naver_powerlink,01-2.홈CCTV+어른2_PC@cpc_mc0511_h,3080,164,4,0,0,0,0.0243902439,0
2025-06,파워링크,01.홈카메라_확장_PC@naver_powerlink,01-2.홈CCTV+어른3_PC@cpc_mc0511_h,2464,159,5,0,0,0,0.03144654088,0
2025-06,파워링크,01.홈카메라_확장_PC@naver_powerlink,01-2.홈CCTV+육아4_PC@cpc_mc0511_h,0,1,0,0,0,0,0,0
2025-06,파워링크,01.홈카메라_확장_PC@naver_powerlink,01-2.홈CCTV+육아5_PC@cpc_mc0511_h,0,70,0,0,0,0,0,0
2025-06,파워링크,01.홈카메라_확장_PC@naver_powerlink,01-2.홈CCTV+육아6_PC@cpc_mc0511_h,0,4,0,0,0,0,0,0
2025-06,파워링크,01.홈카메라_확장_PC@naver_powerlink,01-2.홈CCTV+육아7_PC@cpc_mc0511_h,0,5,0,0,0,0,0,0
2025-06,파워링크,01.홈카메라_확장_PC@naver_powerlink,01-2.홈CCTV+육아8_PC@cpc_mc0511_h,0,8,0,0,0,0,0,0
2025-06,파워링크,01.홈카메라_확장_PC@naver_powerlink,01-2.홈카메라+반려1_PC@cpc_mc0511_h,5973,281,7,0,0,0,0.02491103203,0
2025-06,파워링크,01.홈카메라_확장_PC@naver_powerlink,01-2.홈카메라+반려2_PC@cpc_mc0511_h,0,10,0,0,0,0,0,0
2025-06,파워링크,01.홈카메라_확장_PC@naver_powerlink,01-2.홈카메라+보안1_PC@cpc_mc0511_h,0,330,0,0,0,0,0,0
2025-06,파워링크,01.홈카메라_확장_PC@naver_powerlink,01-2.홈카메라+보안2_PC@cpc_mc0511_h,253,144,1,0,0,0,0.006944444444,0
2025-06,파워링크,01.홈카메라_확장_PC@naver_powerlink,01-2.홈카메라+보안3_PC@cpc_mc0511_h,0,25,0,0,0,0,0,0
2025-06,파워링크,01.홈카메라_확장_PC@naver_powerlink,01-2.홈카메라+어른PC@cpc_mc0511_h,66,49,1,0,0,0,0.02040816327,0
2025-06,파워링크,01.홈카메라_확장_PC@naver_powerlink,01-2.홈카메라+육아_1_PC@cpc_mc058_h,0,19,0,0,0,0,0,0
2025-06,파워링크,01.홈카메라_확장_PC@naver_powerlink,01-2.홈카메라+육아_2_PC@cpc_mc058_h,1012,427,2,0,0,0,0.004683840749,0
2025-06,파워링크,01.홈카메라_확장_PC@naver_powerlink,01-2.홈캠+반려_PC@cpc_mc058_h,52844,2047,37,25,322100,6.095299372,0.01807523205,0.6756756757
2025-06,파워링크,01.홈카메라_확장_PC@naver_powerlink,01-2.홈캠+보안_1_PC@cpc_mc058_h,869,68,2,0,0,0,0.02941176471,0
2025-06,파워링크,01.홈카메라_확장_PC@naver_powerlink,01-2.홈캠+보안_2_PC@cpc_mc058_h,682,98,3,0,0,0,0.0306122449,0
2025-06,파워링크,01.홈카메라_확장_PC@naver_powerlink,01-2.홈캠+어른_PC@cpc_mc058_h,231,228,3,0,0,0,0.01315789474,0
2025-06,파워링크,01.홈카메라_확장_PC@naver_powerlink,01-2.홈캠+육아_1_PC@cpc_mc058_h,2772,440,4,0,0,0,0.009090909091,0
2025-06,파워링크,01.홈카메라_확장_PC@naver_powerlink,01-2.홈캠+육아_2_PC@cpc_mc058_h,7766,738,11,0,0,0,0.01490514905,0
2025-06,파워링크,01.홈카메라_확장_PC@naver_powerlink,01-3.홈CCTV+자영업자_PC@cpc_mc058_h,0,18,0,0,0,0,0,0
2025-06,파워링크,01.홈카메라_확장_PC@naver_powerlink,01-3.홈CCTV+자취생_PC@cpc_mc058_h,0,21,0,0,0,0,0,0
2025-06,파워링크,01.홈카메라_확장_PC@naver_powerlink,01-3.홈카메라+대학생_PC@cpc_mc058_h,0,47,0,0,0,0,0,0
2025-06,파워링크,01.홈카메라_확장_PC@naver_powerlink,01-3.홈카메라+신혼부부_PC@cpc_mc058_h,0,4,0,0,0,0,0,0
2025-06,파워링크,01.홈카메라_확장_PC@naver_powerlink,01-3.홈카메라+자영업자_PC@cpc_mc058_h,0,29,0,0,0,0,0,0
2025-06,파워링크,01.홈카메라_확장_PC@naver_powerlink,01-3.홈카메라+자취생_PC@cpc_mc058_h,0,58,0,0,0,0,0,0
2025-06,파워링크,01.홈카메라_확장_PC@naver_powerlink,01-3.홈캠+대학생_PC@cpc_mc058_h,0,1,0,0,0,0,0,0
2025-06,파워링크,01.홈카메라_확장_PC@naver_powerlink,01-3.홈캠+자취생_PC@cpc_mc058_h,0,2,0,0,0,0,0,0
2025-06,파워링크,02.로봇청소기_메인_MO@naver_powerlink,02-1.로봇청소기_MO@cpc_rc41_h,686279,40634,287,9,0,0,0.007063050647,0.03135888502
2025-06,파워링크,02.로봇청소기_메인_PC@naver_powerlink,02-1.로봇청소기_PC@cpc_rc41_h,388674,44927,193,0,0,0,0.004295857725,0
2025-06,파워링크,03.반려_메인_MO@naver_powerlink,03-1.자동급식기_MO@cpc_petcare,351098,25818,300,4,308800,0.879526514,0.01161980014,0.01333333333
2025-06,파워링크,03.반려_메인_MO@naver_powerlink,03-2.펫정수기_MO@cpc_pw30_h,526812,33784,558,49,626900,1.189988079,0.01651669429,0.08781362007
2025-06,파워링크,03.반려_메인_MO@naver_powerlink,03-3.고양이 장난감_MO@cpc_pt40_h,154,996,2,0,0,0,0.002008032129,0
2025-06,파워링크,03.반려_메인_PC@naver_powerlink,03-1.자동급식기_PC@cpc_petcare,3652,10915,4,0,0,0,0.0003664681631,0
2025-06,파워링크,03.반려_메인_PC@naver_powerlink,03-2.펫정수기_PC@cpc_pw30_h,81774,8374,110,9,201000,2.457993983,0.01313589682,0.08181818182
2025-06,파워링크,03.반려_메인_PC@naver_powerlink,03-3.고양이 장난감_PC@cpc_pt40_h,0,340,0,0,0,0,0,0
2025-06,파워링크,03.반려_확장_MO@naver_powerlink,03-3.자동급식기+확장_1_MO@cpc_petcare,172590,13201,183,0,0,0,0.01386258617,0
2025-06,파워링크,03.반려_확장_MO@naver_powerlink,03-3.자동급식기+확장_2_MO@cpc_petcare,99,107,1,0,0,0,0.009345794393,0
2025-06,파워링크,03.반려_확장_MO@naver_powerlink,03-3.자동급식기+확장_3_MO@cpc_petcare,77,140,1,0,0,0,0.007142857143,0
2025-06,파워링크,03.반려_확장_MO@naver_powerlink,03-3.자동급식기+확장_4_MO@cpc_petcare,4103,300,13,0,0,0,0.04333333333,0
2025-06,파워링크,03.반려_확장_MO@naver_powerlink,03-3.자동급식기+확장_5_MO@cpc_petcare,2046,413,6,0,0,0,0.01452784504,0
2025-06,파워링크,03.반려_확장_MO@naver_powerlink,03-4.펫정수기+확장_1_MO@cpc_pw30_h,15433,808,17,0,0,0,0.02103960396,0
2025-06,파워링크,03.반려_확장_MO@naver_powerlink,03-4.펫정수기+확장_2_MO@cpc_pw30_h,9878,3275,29,6,57700,5.841263414,0.008854961832,0.2068965517
2025-06,파워링크,03.반려_확장_PC@naver_powerlink,03-3.자동급식기+확장_1_PC@cpc_petcare,102630,5882,76,2,338700,3.300204619,0.01292077525,0.02631578947
2025-06,파워링크,03.반려_확장_PC@naver_powerlink,03-3.자동급식기+확장_2_PC@cpc_petcare,0,58,0,0,0,0,0,0
2025-06,파워링크,03.반려_확장_PC@naver_powerlink,03-3.자동급식기+확장_3_PC@cpc_petcare,1705,174,4,0,0,0,0.02298850575,0
2025-06,파워링크,03.반려_확장_PC@naver_powerlink,03-3.자동급식기+확장_4_PC@cpc_petcare,495,137,3,0,0,0,0.02189781022,0
2025-06,파워링크,03.반려_확장_PC@naver_powerlink,03-3.자동급식기+확장_5_PC@cpc_petcare,308,69,1,0,0,0,0.01449275362,0
2025-06,파워링크,03.반려_확장_PC@naver_powerlink,03-4.펫정수기+확장_1_PC@cpc_pw30_h,6215,205,6,0,0,0,0.02926829268,0
2025-06,파워링크,03.반려_확장_PC@naver_powerlink,03-4.펫정수기+확장_2_PC@cpc_pw30_h,1386,347,5,0,0,0,0.0144092219,0
2025-06,파워링크,04.리모컨허브_메인_MO@naver_powerlink,04-1.리모컨허브_MO@cpc_ir44_h,478720,42564,329,82,775700,1.620362634,0.007729536698,0.2492401216
2025-06,파워링크,04.리모컨허브_메인_PC@naver_powerlink,04-1.리모컨허브_PC@cpc_ir44_h,13750,21628,28,3,62700,4.56,0.001294618088,0.1071428571
2025-06,파워링크,04.리모컨허브_확장_MO@naver_powerlink,04-2.리모컨허브+확장_MO@cpc_ir44_h,158411,18633,199,19,208100,1.313671399,0.01067997639,0.09547738693
2025-06,파워링크,04.리모컨허브_확장_PC@naver_powerlink,04-2.리모컨허브+확장_PC@cpc_ir44_h,115687,5604,79,11,84800,0.7330123523,0.01409707352,0.1392405063
2025-06,파워링크,05.커튼set_메인_MO@naver_powerlink,05-1.커튼set_MO@cpc_curtainset_h,3125540,77283,1358,46,1265100,0.4047620571,0.01757178163,0.03387334315
2025-06,파워링크,05.커튼set_메인_PC@naver_powerlink,05-1.커튼set_PC@cpc_curtainset_h,454377,31282,337,8,817700,1.799606934,0.01077296848,0.0237388724
2025-06,파워링크,05.커튼set_확장_MO@naver_powerlink,05-1.신혼부부1_MO@cpc_curtainset_h,352,42,1,0,0,0,0.02380952381,0
2025-06,파워링크,05.커튼set_확장_MO@naver_powerlink,05-1.신혼부부2_MO@cpc_curtainset_h,0,1,0,0,0,0,0,0
2025-06,파워링크,05.커튼set_확장_MO@naver_powerlink,05-2.원룸1_MO@cpc_curtainset_h,1782,752,23,11,185000,103.8159371,0.03058510638,0.4782608696
2025-06,파워링크,05.커튼set_확장_MO@naver_powerlink,05-2.원룸2_MO@cpc_curtainset_h,0,68,0,0,0,0,0,0
2025-06,파워링크,05.커튼set_확장_MO@naver_powerlink,05-3.신혼집1_MO@cpc_curtainset_h,968,150,2,0,0,0,0.01333333333,0
2025-06,파워링크,05.커튼set_확장_MO@naver_powerlink,05-3.신혼집2_MO@cpc_curtainset_h,0,13,0,0,0,0,0,0
2025-06,파워링크,05.커튼set_확장_MO@naver_powerlink,05-4.가정집1_MO@cpc_curtainset_h,0,15,0,0,0,0,0,0
2025-06,파워링크,05.커튼set_확장_MO@naver_powerlink,05-4.가정집2_MO@cpc_curtainset_h,0,5,0,0,0,0,0,0
2025-06,파워링크,05.커튼set_확장_MO@naver_powerlink,05-5.확장_MO@cpc_curtainset_h,25432,2342,58,4,56100,2.205882353,0.02476515798,0.06896551724
2025-06,파워링크,05.커튼set_확장_PC@naver_powerlink,05-1.신혼부부1_PC@cpc_curtainset_h,0,7,0,0,0,0,0,0
2025-06,파워링크,05.커튼set_확장_PC@naver_powerlink,05-2.원룸1_PC@cpc_curtainset_h,77,95,1,0,0,0,0.01052631579,0
2025-06,파워링크,05.커튼set_확장_PC@naver_powerlink,05-2.원룸2_PC@cpc_curtainset_h,77,36,1,0,0,0,0.02777777778,0
2025-06,파워링크,05.커튼set_확장_PC@naver_powerlink,05-3.신혼집1_PC@cpc_curtainset_h,0,74,0,0,0,0,0,0
2025-06,파워링크,05.커튼set_확장_PC@naver_powerlink,05-4.가정집1_PC@cpc_curtainset_h,0,2,0,0,0,0,0,0
2025-06,파워링크,05.커튼set_확장_PC@naver_powerlink,05-5.확장_PC@cpc_curtainset_h,11418,943,17,0,0,0,0.01802757158,0
2025-06,파워링크,06.멀티탭_메인_MO@naver_powerlink,06-1.멀티탭_MO@cpc_ps03_h,327393,87625,382,1,59900,0.1829605398,0.004359486448,0.002617801047
2025-06,파워링크,06.멀티탭_메인_PC@naver_powerlink,06-1.멀티탭_PC@cpc_ps03_h,32890,29556,48,0,0,0,0.001624035729,0
2025-06,파워링크,07.MO_new전환@naver_powerlink,01.MO_기본_라인LED@cpc_ls06_h,7326,1264,11,0,0,0,0.008702531646,0
2025-06,파워링크,07.MO_new전환@naver_powerlink,01.MO_기본_스마트전구@cpc_lb03_h,173272,27034,210,8,0,0,0.007767995857,0.0380952381
2025-06,파워링크,07.PC_new전환@naver_powerlink,01.PC_기본_라인LED@cpc_ls06_h,8030,1102,10,0,0,0,0.009074410163,0
2025-06,파워링크,07.PC_new전환@naver_powerlink,01.PC_기본_스마트전구@cpc_lb03_h,58685,10797,68,1,0,0,0.006298045753,0.01470588235
2025-06,파워링크,08.전원_메인_MO@naver_powerlink,08-2.전원기기_MO@cpc_power_h,315579,39419,372,36,442500,1.402184556,0.009437073492,0.09677419355
2025-06,파워링크,08.전원_메인_PC@naver_powerlink,8-2.전원기기_PC@cpc_power_h,97328,20340,132,11,209800,2.155597567,0.006489675516,0.08333333333
2025-06,파워링크,08.전원_확장_MO@naver_powerlink,08-4.전원기기+확장_MO@cpc_power_h,3300,952,10,0,0,0,0.01050420168,0
2025-06,파워링크,08.전원_확장_PC@naver_powerlink,08-4.전원기기+확장_PC@cpc_power_h,2189,366,5,0,0,0,0.01366120219,0
2025-06,파워링크,09.센서_메인_MO@naver_powerlink,09-1.온습도계_MO@cpc_th14_h,62381,2428,90,19,495290,7.939757298,0.0370675453,0.2111111111
2025-06,파워링크,09.센서_메인_PC@naver_powerlink,09-1.온습도계_PC@cpc_th14_h,16192,1736,39,0,0,0,0.02246543779,0
2025-06,파워링크,09.센서_확장_MO@naver_powerlink,09-2.온습도계+확장1_MO@cpc_th14_h,7909,4125,29,1,0,0,0.00703030303,0.03448275862
2025-06,파워링크,09.센서_확장_MO@naver_powerlink,09-2.온습도계+확장2_MO@cpc_th14_h,792,592,6,0,0,0,0.01013513514,0
2025-06,파워링크,09.센서_확장_PC@naver_powerlink,09-2.온습도계+확장1_PC@cpc_th14_h,2299,1059,5,0,0,0,0.004721435316,0
2025-06,파워링크,09.센서_확장_PC@naver_powerlink,09-2.온습도계+확장2_PC@cpc_th14_h,0,109,0,0,0,0,0,0
2025-06,파워링크,음처기_MO@naver_powerlink,메인키워드_MO@cpc_fd471_h,11311267,246148,3110,33,3383610,0.2991362506,0.01263467507,0.01061093248
2025-06,파워링크,음처기_MO@naver_powerlink,자상호_MO@cpc_fd471_h,26048,3333,108,4,1017000,39.04330467,0.03240324032,0.03703703704
2025-06,파워링크,음처기_PC@naver_powerlink,메인키워드_PC@cpc_fd471_h,1667248,86386,442,5,1476300,0.8854711477,0.005116569815,0.01131221719
2025-06,파워링크,음처기_PC@naver_powerlink,자상호_PC@cpc_fd471_h,7238,898,40,5,1157100,159.8646035,0.04454342984,0.125
2025-07,브랜드검색/신제품검색,01.신규 자사명@naver_brandsearch,신규_MO_자사명@cpd_hejhome_h,0,49261,15397,7231,105162930,inf,0.3125596314,0.4696369423
2025-07,브랜드검색/신제품검색,01.신규 자사명@naver_brandsearch,신규_MO_자사명_키워드수정@cpd_hejhome_h,0,23322,7722,3127,50299950,inf,0.3311036789,0.4049469049
2025-07,브랜드검색/신제품검색,01.신규 자사명@naver_brandsearch,신규_PC_자사명@cpd_hejhome_h,0,10332,5072,2911,56573700,inf,0.4909020519,0.5739353312
2025-07,브랜드검색/신제품검색,01.신규 자사명@naver_brandsearch,신규_PC_자사명_키워드수정@cpd_hejhome_h,0,4994,2360,1040,14297510,inf,0.4725670805,0.4406779661
2025-07,브랜드검색/신제품검색,신제품검색#1@naver_cpp_fd471,신제품@naver_NEWDA_cpp_분쇄기,0,3362,125,0,0,0,0.03718024985,0
2025-07,쇼핑검색,00.브랜드형@naver_shoppingbrand,00-0.자상호@cpc_mc05_h-s,0,13,0,0,0,0,0,0
2025-07,쇼핑검색,00.자상호_MO@naver_shoppingsearch,01-1.홈카메라_MO@cpc_mc05_h,12531464,226258,5758,3267,59944020,4.783481004,0.02544882391,0.5673845085
2025-07,쇼핑검색,00.자상호_MO@naver_shoppingsearch,01-4.펫캠_MO@cpc_mc059_h,556677,23892,273,196,2210800,3.971423285,0.01142641888,0.7179487179
2025-07,쇼핑검색,00.자상호_MO@naver_shoppingsearch,01-5.베이비캠_MO@cpc_mc05_h,149116,4079,92,48,972900,6.524450763,0.02255454768,0.5217391304
2025-07,쇼핑검색,00.자상호_MO@naver_shoppingsearch,02-1.전동커튼_MO@cpc_curtainset_h,33957,987,20,3,30890,0.9096798893,0.02026342452,0.15
2025-07,쇼핑검색,00.자상호_MO@naver_shoppingsearch,03-2.전구_MO@cpc_lb03r_h,638,438,4,1,0,0,0.009132420091,0.25
2025-07,쇼핑검색,00.자상호_MO@naver_shoppingsearch,04-1.온습도계_MO@cpc_th14_h,28743,2427,41,24,163380,5.68416658,0.01689328389,0.5853658537
2025-07,쇼핑검색,00.자상호_MO@naver_shoppingsearch,04-1.온습도센서_MO@cpc_th02_h,410168,16883,407,75,824800,2.010883345,0.02410708997,0.1842751843
2025-07,쇼핑검색,00.자상호_MO@naver_shoppingsearch,07-1.펫급식기_MO@cpc_pf32_h,0,1,0,0,0,0,0,0
2025-07,쇼핑검색,00.자상호_PC@naver_shoppingsearch,01-1.홈카메라_PC@cpc_mc05_h,3494183,75908,1609,666,16827190,4.815772385,0.02119671181,0.4139216905
2025-07,쇼핑검색,00.자상호_PC@naver_shoppingsearch,01-4.펫캠_PC@cpc_mc059_h,77418,4918,48,27,646700,8.353354517,0.009760065067,0.5625
2025-07,쇼핑검색,00.자상호_PC@naver_shoppingsearch,01-5.베이비캠_PC@cpc_mc05_h,7623,122,5,1,72900,9.563164109,0.04098360656,0.2
2025-07,쇼핑검색,00.자상호_PC@naver_shoppingsearch,02-1.전동커튼_PC@cpc_curtainset_h,6424,321,6,0,0,0,0.01869158879,0
2025-07,쇼핑검색,00.자상호_PC@naver_shoppingsearch,03-2.전구_PC@cpc_lb03r_h,0,20,0,0,0,0,0,0
2025-07,쇼핑검색,00.자상호_PC@naver_shoppingsearch,04-1.온습도센서_PC@cpc_th02_h,17490,1470,39,2,0,0,0.02653061224,0.05128205128
2025-07,쇼핑검색,01.브랜드형_쇼검@naver_shoppingbrand, 01-1.홈카메라@cpc_mc05_h-s,139645,218583,326,12,863500,6.183536826,0.00149142431,0.03680981595
2025-07,쇼핑검색,01.브랜드형_쇼검@naver_shoppingbrand,01-1.커튼@cpc_curtainset_h-s,138567,228328,180,1,102800,0.7418793797,0.0007883395817,0.005555555556
2025-07,쇼핑검색,01.음처기_MO@naver_shoppingbrand,00-0.브랜드형_음처기_MO@cpc_fd471_h-s,1033967,538031,451,3,1077300,1.041909461,0.0008382416627,0.006651884701
2025-07,쇼핑검색,01.음처기_PC@naver_shoppingbrand,00-0.브랜드형_음처기_PC@cpc_fd471_h-s,22539,58453,12,0,0,0,0.0002052931415,0
2025-07,쇼핑검색,01.펫_MO@naver_shoppingbrand,00-0.브랜드형_급식기_MO@cpc_pf32_h-s,68970,63102,118,2,174800,2.534435262,0.001869988273,0.01694915254
2025-07,쇼핑검색,01.펫_MO@naver_shoppingbrand,00-0.브랜드형_장난감_MO@cpc_pt40_h-s,16764,27643,41,5,171000,10.20042949,0.001483196469,0.1219512195
2025-07,쇼핑검색,01.펫_MO@naver_shoppingbrand,00-0.브랜드형_정수기_MO@cpc_pw30_h-s,46035,32397,100,1,39900,0.8667318345,0.003086705559,0.01
2025-07,쇼핑검색,01.펫_PC@naver_shoppingbrand,00-0.브랜드형_급식기_PC@cpc_pf32_h-s,330,12245,1,0,0,0,0.00008166598612,0
2025-07,쇼핑검색,01.펫_PC@naver_shoppingbrand,00-0.브랜드형_정수기_PC@cpc_pw30_h-s,330,4084,1,0,0,0,0.0002448579824,0
2025-07,쇼핑검색,01.홈캠_MO@naver_shoppingsearch,1.A01_홈카메라_MO@cpc_mc05_h,22396,800,14,7,39900,1.781568137,0.0175,0.5
2025-07,쇼핑검색,01.홈캠_MO@naver_shoppingsearch,1.A02_홈캠_MO@cpc_MC0511_h-s,12331,1273,13,1,85000,6.89319601,0.01021209741,0.07692307692
2025-07,쇼핑검색,01.홈캠_MO@naver_shoppingsearch,1.A02_홈캠_MO@cpc_ic05_h-s,208395,25390,289,27,2374200,11.39278773,0.01138243403,0.09342560554
2025-07,쇼핑검색,01.홈캠_MO@naver_shoppingsearch,1.A02_홈캠_MO@cpc_mc059_h-s,78870,8346,98,15,1517300,19.23798656,0.01174215193,0.1530612245
2025-07,쇼핑검색,01.홈캠_MO@naver_shoppingsearch,1.A02_홈캠_MO@cpc_mc05_h,4680313,89031,2004,477,9732560,2.079467762,0.02250901371,0.2380239521
2025-07,쇼핑검색,01.홈캠_MO@naver_shoppingsearch,1.A02_홈캠_MO@cpc_mc05_h-s,13035,2451,14,3,396900,30.44879171,0.005711954304,0.2142857143
2025-07,쇼핑검색,01.홈캠_MO@naver_shoppingsearch,1.A03_홈CCTV_MO@cpc_mc05_h,433114,13292,185,83,1809900,4.178807427,0.01391814625,0.4486486486
2025-07,쇼핑검색,01.홈캠_MO@naver_shoppingsearch,1.B01_홈카메라_MO@cpc_mc05_h,21461,515,15,1,239600,11.16443782,0.02912621359,0.06666666667
2025-07,쇼핑검색,01.홈캠_MO@naver_shoppingsearch,1.B02_홈캠_MO@cpc_mc05_h,336127,7534,162,70,1141300,3.395442794,0.0215025219,0.4320987654
2025-07,쇼핑검색,01.홈캠_MO@naver_shoppingsearch,1.B03_홈CCTV_MO@cpc_mc05_h,71401,4524,46,4,334400,4.683407795,0.01016799293,0.08695652174
2025-07,쇼핑검색,01.홈캠_MO@naver_shoppingsearch,1.B04_강아지캠_MO@cpc_mc05_h,179685,5450,108,17,750500,4.176753764,0.01981651376,0.1574074074
2025-07,쇼핑검색,01.홈캠_MO@naver_shoppingsearch,1.B05_고양이캠_MO@cpc_mc05_h,30613,1426,20,2,132700,4.334759743,0.01402524544,0.1
2025-07,쇼핑검색,01.홈캠_MO@naver_shoppingsearch,1.B06_육아캠_MO@cpc_mc05_h,273812,14708,216,50,1607100,5.869355616,0.01468588523,0.2314814815
2025-07,쇼핑검색,01.홈캠_MO@naver_shoppingsearch,1.B07_맞벌이부부캠_MO@cpc_mc05_h,2663100,62142,1506,746,15602860,5.858908791,0.02423481703,0.4953519256
2025-07,쇼핑검색,01.홈캠_MO@naver_shoppingsearch,1.B08_보안캠_MO@cpc_mc05_h,12342,658,17,0,0,0,0.02583586626,0
2025-07,쇼핑검색,01.홈캠_MO@naver_shoppingsearch,1.B09_부모님캠_MO@cpc_mc05_h,63316,1429,79,3,92800,1.465664287,0.05528341498,0.03797468354
2025-07,쇼핑검색,01.홈캠_MO@naver_shoppingsearch,1.B10_스마트캠_MO@cpc_mc05_h,14476,1858,14,0,0,0,0.007534983854,0
2025-07,쇼핑검색,01.홈캠_PC@naver_shoppingsearch, 1.A01_홈카메라_PC@cpc_MC0511_h-s,346016,40386,420,49,4693300,13.56382364,0.01039964344,0.1166666667
2025-07,쇼핑검색,01.홈캠_PC@naver_shoppingsearch, 1.A01_홈카메라_PC@cpc_ic05_h-s,5335,1313,8,1,59900,11.22774133,0.006092916984,0.125
2025-07,쇼핑검색,01.홈캠_PC@naver_shoppingsearch, 1.A01_홈카메라_PC@cpc_mc058_h-s,44484,14236,68,13,1181000,26.5488715,0.004776622647,0.1911764706
2025-07,쇼핑검색,01.홈캠_PC@naver_shoppingsearch, 1.A01_홈카메라_PC@cpc_mc059_h-s,41690,5660,42,6,604290,14.49484289,0.0074204947,0.1428571429
2025-07,쇼핑검색,01.홈캠_PC@naver_shoppingsearch, 1.A01_홈카메라_PC@cpc_mc05_h-s,8657,2317,9,3,209700,24.223172,0.003884333189,0.3333333333
2025-07,쇼핑검색,01.홈캠_PC@naver_shoppingsearch,1.A01_홈카메라_PC@cpc_mc05,529903,11944,221,115,3000060,5.661526732,0.01850301407,0.520361991
2025-07,쇼핑검색,01.홈캠_PC@naver_shoppingsearch,1.A02_홈캠_PC@cpc_mc05_h,244508,11061,131,32,535900,2.191748327,0.0118434138,0.2442748092
2025-07,쇼핑검색,01.홈캠_PC@naver_shoppingsearch,1.A03_홈CCTV_PC@cpc_mc05,81224,1894,46,8,296600,3.65163006,0.02428722281,0.1739130435
2025-07,쇼핑검색,01.홈캠_PC@naver_shoppingsearch,1.B01_홈카메라_PC@cpc_mc05,55880,1963,26,3,0,0,0.01324503311,0.1153846154
2025-07,쇼핑검색,01.홈캠_PC@naver_shoppingsearch,1.B02_홈캠_PC@cpc_mc05,64009,1171,33,5,87700,1.370119827,0.02818104184,0.1515151515
2025-07,쇼핑검색,01.홈캠_PC@naver_shoppingsearch,1.B03_홈CCTV_PC@cpc_mc05,188584,6736,105,8,468400,2.483773809,0.01558788599,0.07619047619
2025-07,쇼핑검색,01.홈캠_PC@naver_shoppingsearch,1.B04_강아지캠_PC@cpc_mc05,3938,219,5,0,0,0,0.02283105023,0
2025-07,쇼핑검색,01.홈캠_PC@naver_shoppingsearch,1.B05_고양이캠_PC@cpc_mc05,0,24,0,0,0,0,0,0
2025-07,쇼핑검색,01.홈캠_PC@naver_shoppingsearch,1.B06_육아캠_PC@cpc_mc05,545512,13035,268,86,2320960,4.254645177,0.02056003069,0.3208955224
2025-07,쇼핑검색,01.홈캠_PC@naver_shoppingsearch,1.B07_맞벌이부부캠_PC@cpc_mc05,0,5462,0,0,0,0,0,0
2025-07,쇼핑검색,01.홈캠_PC@naver_shoppingsearch,1.B08_보안캠_PC@cpc_mc05,1353,263,4,0,0,0,0.01520912548,0
2025-07,쇼핑검색,01.홈캠_PC@naver_shoppingsearch,1.B09_부모님캠_PC@cpc_mc05,6061,333,12,1,84800,13.99109058,0.03603603604,0.08333333333
2025-07,쇼핑검색,01.홈캠_PC@naver_shoppingsearch,1.B10_스마트캠_PC@cpc_mc05,26532,1414,21,4,62900,2.370722147,0.01485148515,0.1904761905
2025-07,쇼핑검색,02.커튼_MO@naver_shoppingsearch,1.A01_전동커튼_MO@cpc_curtainset,0,1,0,0,0,0,0,0
2025-07,쇼핑검색,02.커튼_MO@naver_shoppingsearch,1.A02_전동레일_MO@cpc_curtainset,0,13,0,0,0,0,0,0
2025-07,쇼핑검색,02.커튼_MO@naver_shoppingsearch,1.A02_커튼_MO@cpc_curtainset_h-s,309474,113951,551,10,2293200,7.409992439,0.004835411712,0.01814882033
2025-07,쇼핑검색,02.커튼_MO@naver_shoppingsearch,1.B01_전동커튼_MO@cpc_curtainset,1166,27,1,0,0,0,0.03703703704,0
2025-07,쇼핑검색,02.커튼_MO@naver_shoppingsearch,1.B07_자동커튼_MO@cpc_curtainset,0,7,0,0,0,0,0,0
2025-07,쇼핑검색,02.커튼_MO@naver_shoppingsearch,2.B01_우드블라인드_MO@cpc_bw15,9108,2244,26,0,0,0,0.01158645276,0
2025-07,쇼핑검색,02.커튼_MO@naver_shoppingsearch,2.B02_블라인드_MO@cpc_bm23,161623,7866,211,23,922700,5.708964689,0.02682430714,0.1090047393
2025-07,쇼핑검색,02.커튼_PC@naver_shoppingsearch,1.A01_전동커튼_PC@cpc_curtainset,0,15,0,0,0,0,0,0
2025-07,쇼핑검색,02.커튼_PC@naver_shoppingsearch,1.A01_커튼_PC@cpc_curtainset_h-s,125708,17666,198,11,5497600,43.73309575,0.01120797011,0.05555555556
2025-07,쇼핑검색,02.커튼_PC@naver_shoppingsearch,1.A02_전동레일_PC@cpc_curtainset,0,10,0,0,0,0,0,0
2025-07,쇼핑검색,02.커튼_PC@naver_shoppingsearch,2.B01_우드블라인드PC@cpc_bw15,93115,8778,89,1,0,0,0.01013898382,0.01123595506
2025-07,쇼핑검색,02.커튼_PC@naver_shoppingsearch,2.B02_블라인드PC@cpc_bm23,177870,9457,123,3,574000,3.227075954,0.01300623876,0.0243902439
2025-07,쇼핑검색,03.조명_MO@naver_shoppingsearch,03-1.라인LED_MO@cpc_ls06_h,150568,64900,124,4,145100,0.9636841826,0.001910631741,0.03225806452
2025-07,쇼핑검색,03.조명_MO@naver_shoppingsearch,03-2.전구_MO@cpc_lb03_h-s,88242,13610,96,4,101500,1.150245915,0.007053637032,0.04166666667
2025-07,쇼핑검색,03.조명_MO@naver_shoppingsearch,03-2.전구_MO@cpc_lb03r_h,266354,11745,236,48,546700,2.052531593,0.02009365688,0.2033898305
2025-07,쇼핑검색,03.조명_MO@naver_shoppingsearch,03-3.무드등_MO@cpc_md08_h,58014,11744,79,23,529600,9.128830972,0.006726839237,0.2911392405
2025-07,쇼핑검색,03.조명_MO@naver_shoppingsearch,03-4.스타라이트_MO@cpc_sl24_h,31482,5893,43,5,49900,1.585032717,0.007296792805,0.1162790698
2025-07,쇼핑검색,03.조명_MO@naver_shoppingsearch,03-4.스타라이트_MO@cpc_sl24_h-s,7315,1828,11,1,49900,6.821599453,0.00601750547,0.09090909091
2025-07,쇼핑검색,03.조명_MO@naver_shoppingsearch,03-5.싱크라이트_MO@cpc_sy27_h,34199,5305,36,4,403200,11.78981842,0.006786050895,0.1111111111
2025-07,쇼핑검색,03.조명_MO@naver_shoppingsearch,03-5.싱크라이트_MO@cpc_sy27_h-s,8558,2294,16,1,10800,1.261977097,0.006974716652,0.0625
2025-07,쇼핑검색,03.조명_PC@naver_shoppingsearch,03-1.라인LED_PC@cpc_ls06_h,39292,26882,39,9,137700,3.504530184,0.001450784912,0.2307692308
2025-07,쇼핑검색,03.조명_PC@naver_shoppingsearch,03-2.전구_PC@cpc_lb03_h,94996,11670,78,14,320000,3.368562887,0.006683804627,0.1794871795
2025-07,쇼핑검색,03.조명_PC@naver_shoppingsearch,03-2.전구_PC@cpc_lb03r_h-s,97669,10767,100,5,134500,1.377100206,0.009287638154,0.05
2025-07,쇼핑검색,03.조명_PC@naver_shoppingsearch,03-3.무드등_PC@cpc_md08_h,10164,4308,14,2,0,0,0.003249767874,0.1428571429
2025-07,쇼핑검색,03.조명_PC@naver_shoppingsearch,03-4.스타라이트_PC@cpc_sl24_h,1331,1133,3,0,0,0,0.002647837599,0
2025-07,쇼핑검색,03.조명_PC@naver_shoppingsearch,03-4.스타라이트_PC@cpc_sl24_h-s,935,1266,2,0,0,0,0.001579778831,0
2025-07,쇼핑검색,03.조명_PC@naver_shoppingsearch,03-5.싱크라이트_PC@cpc_sy27_h,5258,2269,9,0,0,0,0.003966505068,0
2025-07,쇼핑검색,03.조명_PC@naver_shoppingsearch,03-5.싱크라이트_PC@cpc_sy27_h-s,3872,5621,8,0,0,0,0.0014232343,0
2025-07,쇼핑검색,04.센서_MO@naver_shoppingsearch,04-1.스마트온습도계_MO@cpc_th14_h,627011,24196,494,110,974680,1.554486285,0.02041659778,0.2226720648
2025-07,쇼핑검색,04.센서_MO@naver_shoppingsearch,04-1.스마트온습도계_MO@cpc_th14_h-s,89133,4761,105,18,1106070,12.40920871,0.0220541903,0.1714285714
2025-07,쇼핑검색,04.센서_MO@naver_shoppingsearch,04-2.온습도센서_MO@cpc_th02_h,28985,2554,37,2,0,0,0.01448707909,0.05405405405
2025-07,쇼핑검색,04.센서_MO@naver_shoppingsearch,04-3.냉장고온습도계_MO@cpc_th25_h,2464,320,12,9,224900,91.27435065,0.0375,0.75
2025-07,쇼핑검색,04.센서_MO@naver_shoppingsearch,04-4.도어센서_MO@cpc_do02_h,7887,1316,49,15,215300,27.29808546,0.03723404255,0.306122449
2025-07,쇼핑검색,04.센서_MO@naver_shoppingsearch,04-5.모션센서_MO@cpc_mo02_h,59598,3363,89,3,108580,1.821873217,0.02646446625,0.03370786517
2025-07,쇼핑검색,04.센서_MO@naver_shoppingsearch,04-6.스마트사이렌_MO@cpc_sa14_h,1155,120,3,0,0,0,0.025,0
2025-07,쇼핑검색,04.센서_MO@naver_shoppingsearch,04-8.가스감지센서_MO@cpc_gs26_h,2244,451,4,0,0,0,0.008869179601,0
2025-07,쇼핑검색,04.센서_PC@naver_shoppingsearch,04-1.스마트온습도계_PC@cpc_th14_h,195371,14852,222,58,1075940,5.507163294,0.01494748182,0.2612612613
2025-07,쇼핑검색,04.센서_PC@naver_shoppingsearch,04-1.스마트온습도계_PC@cpc_th14_h-s,220,84,4,1,29900,135.9090909,0.04761904762,0.25
2025-07,쇼핑검색,04.센서_PC@naver_shoppingsearch,04-2.온습도센서_PC@cpc_th02_h,132176,10050,149,3,51800,0.3919017068,0.01482587065,0.02013422819
2025-07,쇼핑검색,04.센서_PC@naver_shoppingsearch,04-3.냉장고온습도계_PC@cpc_th25_h,37191,2117,55,8,1050790,28.25387863,0.0259801606,0.1454545455
2025-07,쇼핑검색,04.센서_PC@naver_shoppingsearch,04-4.도어센서_PC@cpc_do02_h,53911,1876,76,3,43800,0.8124501493,0.04051172708,0.03947368421
2025-07,쇼핑검색,04.센서_PC@naver_shoppingsearch,04-5.모션센서_PC@cpc_mo02_h,50193,3585,51,13,173880,3.46422808,0.01422594142,0.2549019608
2025-07,쇼핑검색,04.센서_PC@naver_shoppingsearch,04-6.스마트사이렌_MO@cpc_sa14_h,5918,1008,16,5,96700,16.33997972,0.01587301587,0.3125
2025-07,쇼핑검색,04.센서_PC@naver_shoppingsearch,04-8.가스감지센서_PC@cpc_gs26_h,0,60,0,0,0,0,0,0
2025-07,쇼핑검색,05.전원_MO@naver_shoppingsearch,05-3.플러그_MO@cpc_ep1_h-s,150513,29685,160,26,2310290,15.34943825,0.005389927573,0.1625
2025-07,쇼핑검색,05.전원_MO@naver_shoppingsearch,05-3.플러그_MO@cpc_ep2_h,436106,20595,412,123,1949300,4.469784869,0.02000485555,0.2985436893
2025-07,쇼핑검색,05.전원_MO@naver_shoppingsearch,05-3.플러그_MO@cpc_ep3_h-s,324588,28057,337,44,3044400,9.37927465,0.01201126279,0.1305637982
2025-07,쇼핑검색,05.전원_MO@naver_shoppingsearch,05-4.멀티탭_MO@cpc_ps03_h,16203,1629,16,1,59900,3.696846263,0.009821976673,0.0625
2025-07,쇼핑검색,05.전원_MO@naver_shoppingsearch,05-4.멀티탭_MO@cpc_ps03_h-s,42361,18899,50,7,277000,6.539033545,0.002645642627,0.14
2025-07,쇼핑검색,05.전원_MO@naver_shoppingsearch,05-4.푸시봇_MO@cpc_fb42_h,666809,32600,617,88,1333990,2.000557881,0.01892638037,0.1426256078
2025-07,쇼핑검색,05.전원_PC@naver_shoppingsearch,05-3.플러그_PC@cpc_ep1_h-s,2156,348,3,0,0,0,0.008620689655,0
2025-07,쇼핑검색,05.전원_PC@naver_shoppingsearch,05-3.플러그_PC@cpc_ep2_h,105523,11754,124,33,487300,4.617950589,0.01054960014,0.2661290323
2025-07,쇼핑검색,05.전원_PC@naver_shoppingsearch,05-3.플러그_PC@cpc_ep3_h-s,7260,546,8,1,15900,2.190082645,0.01465201465,0.125
2025-07,쇼핑검색,05.전원_PC@naver_shoppingsearch,05-4.멀티탭_PC@cpc_ps03_h,7469,1631,9,1,16900,2.262685768,0.005518087063,0.1111111111
2025-07,쇼핑검색,05.전원_PC@naver_shoppingsearch,05-4.멀티탭_PC@cpc_ps03_h-s,0,11,0,0,0,0,0,0
2025-07,쇼핑검색,05.전원_PC@naver_shoppingsearch,05-4.푸시봇_PC@cpc_fb42_h,247071,22504,260,29,925100,3.744267842,0.0115535016,0.1115384615
2025-07,쇼핑검색,07.반려_MO@naver_shoppingsearch,1.B01_스마트급식기_MO@cpc_petcare,160732,39142,128,47,1607800,10.00298634,0.003270144602,0.3671875
2025-07,쇼핑검색,07.반려_MO@naver_shoppingsearch,1.B02_강아지급식기_MO@cpc_petcare,96712,31727,56,19,458700,4.742948135,0.001765058152,0.3392857143
2025-07,쇼핑검색,07.반려_MO@naver_shoppingsearch,1.B03_고양이급식기_MO@cpc_petcare,66880,24375,39,2,0,0,0.0016,0.05128205128
2025-07,쇼핑검색,07.반려_MO@naver_shoppingsearch,1.B04_펫급식기_MO@cpc_petcare,3762,2879,2,0,0,0,0.0006946856547,0
2025-07,쇼핑검색,07.반려_MO@naver_shoppingsearch,1.B05_자동급식기_MO@cpc_petcare,17424,8424,12,0,0,0,0.001424501425,0
2025-07,쇼핑검색,07.반려_MO@naver_shoppingsearch,2.B01_펫정수기_MO@cpc_pw30,68816,3792,65,1,7900,0.114798884,0.01714135021,0.01538461538
2025-07,쇼핑검색,07.반려_MO@naver_shoppingsearch,3.B01_고양이장난감_MO@cpc_pt40,95524,31065,107,45,702500,7.354172773,0.003444390793,0.4205607477
2025-07,쇼핑검색,07.반려_MO@naver_shoppingsearch,3.B01_고양이장난감_MO@cpc_pt40_h-s,52932,9083,71,12,434200,8.202977405,0.007816800617,0.1690140845
2025-07,쇼핑검색,07.반려_MO@naver_shoppingsearch,★07-1.자동급식기_MO@cpc_petcare,2838,4572,2,0,0,0,0.0004374453193,0
2025-07,쇼핑검색,07.반려_MO@naver_shoppingsearch,★07-1.자동급식기_MO@cpc_pf32_h-s,121704,39726,203,8,802900,6.59715375,0.005110003524,0.039408867
2025-07,쇼핑검색,07.반려_MO@naver_shoppingsearch,★07-1.펫급식기_MO@cpc_petcare,2717,197,2,0,0,0,0.01015228426,0
2025-07,쇼핑검색,07.반려_MO@naver_shoppingsearch,★07-2.펫정수기_MO@cpc_pw30_h,16126,1501,18,7,105800,6.560833437,0.01199200533,0.3888888889
2025-07,쇼핑검색,07.반려_MO@naver_shoppingsearch,★07-2.펫정수기_MO@cpc_pw30_h-s,118789,9435,136,2,87700,0.7382838478,0.01441441441,0.01470588235
2025-07,쇼핑검색,07.반려_PC@naver_shoppingsearch,1.B01_스마트급식기_PC@cpc_petcare,5247,47505,11,0,0,0,0.0002315545732,0
2025-07,쇼핑검색,07.반려_PC@naver_shoppingsearch,1.B01_스마트급식기_PC@cpc_pf32_h-s,17116,17202,31,0,0,0,0.001802116033,0
2025-07,쇼핑검색,07.반려_PC@naver_shoppingsearch,1.B02_강아지급식기_PC@cpc_petcare,22143,27993,17,0,0,0,0.0006072946808,0
2025-07,쇼핑검색,07.반려_PC@naver_shoppingsearch,1.B03_고양이급식기_PC@cpc_petcare,22044,30817,15,0,0,0,0.0004867443294,0
2025-07,쇼핑검색,07.반려_PC@naver_shoppingsearch,1.B04_펫급식기_PC@cpc_petcare,55561,10550,39,51,669400,12.04801929,0.003696682464,1.307692308
2025-07,쇼핑검색,07.반려_PC@naver_shoppingsearch,1.B05_자동급식기_PC@cpc_petcare,1265,1,1,0,0,0,1,0
2025-07,쇼핑검색,07.반려_PC@naver_shoppingsearch,2.B01_펫정수기_PC@cpc_pw30,27566,882,24,0,0,0,0.02721088435,0
2025-07,쇼핑검색,07.반려_PC@naver_shoppingsearch,3.B01_고양이장난감_PC@cpc_pt40,21582,11995,33,7,114700,5.31461403,0.002751146311,0.2121212121
2025-07,쇼핑검색,07.반려_PC@naver_shoppingsearch,3.B01_고양이장난감_PC@cpc_pt40_h-s,18601,5027,24,2,65800,3.537444223,0.004774219216,0.08333333333
2025-07,쇼핑검색,07.반려_PC@naver_shoppingsearch,★07-1.펫급식기_PC@cpc_petcare,440,13,1,0,0,0,0.07692307692,0
2025-07,쇼핑검색,07.반려_PC@naver_shoppingsearch,★07-2.펫정수기_PC@cpc_pw30_h,7293,581,8,1,47800,6.554230084,0.01376936317,0.125
2025-07,쇼핑검색,07.반려_PC@naver_shoppingsearch,★07-2.펫정수기_PC@cpc_pw30_h-s,14080,1272,19,0,0,0,0.01493710692,0
2025-07,쇼핑검색,08.리빙_MO@naver_shoppingsearch,08-1.체중계_MO@cpc_bs35_h,3135,3116,6,1,0,0,0.001925545571,0.1666666667
2025-07,쇼핑검색,08.리빙_MO@naver_shoppingsearch,08-2.리모컨허브_MO@cpc_ir441_h,907390,27289,970,251,2463000,2.714378602,0.03554545788,0.2587628866
2025-07,쇼핑검색,08.리빙_MO@naver_shoppingsearch,08-2.리모컨허브_MO@cpc_ir441_h-s,472659,38102,634,96,2622190,5.547741607,0.01663954648,0.1514195584
2025-07,쇼핑검색,08.리빙_PC@naver_shoppingsearch,08-1.체중계_PC@cpc_bs35_h,517,526,1,0,0,0,0.001901140684,0
2025-07,쇼핑검색,08.리빙_PC@naver_shoppingsearch,08-2.리모컨허브_PC@cpc_ir441_h,235455,12057,243,59,1034700,4.394470281,0.02015426723,0.2427983539
2025-07,쇼핑검색,08.리빙_PC@naver_shoppingsearch,08-2.리모컨허브_PC@cpc_ir441_h-s,376013,50582,644,233,5669380,15.077617,0.01273180183,0.3618012422
2025-07,쇼핑검색,09.로청_MO@naver_shoppingbrand,9.A01_로봇청소기_MO@cpc_rc41_h,97108,7845,28,0,0,0,0.003569152326,0
2025-07,쇼핑검색,09.로청_MO@naver_shoppingbrand,9.B01_로봇청소기_MO@cpc_rc41_h,58311,8317,20,0,0,0,0.002404713238,0
2025-07,쇼핑검색,음처기_MO@naver_shoppingsearch,음식물쓰레기MO@cpc_fd471_h,435545,14000,101,7,1077000,2.472764008,0.007214285714,0.06930693069
2025-07,쇼핑검색,음처기_MO@naver_shoppingsearch,음식물처리기_MO@cpc_fd471_h-s,5924259,635215,2764,52,19090520,3.2224317,0.004351282637,0.01881331404
2025-07,쇼핑검색,음처기_MO@naver_shoppingsearch,음식물처리기분쇄_MO@cpc_fd471_h-s,266112,9338,71,1,359100,1.349431818,0.007603341187,0.01408450704
2025-07,쇼핑검색,음처기_MO@naver_shoppingsearch,음식물처리기분쇄기_MO@cpc_fd471_h-s,2153888,75957,594,25,8249510,3.83005523,0.007820214068,0.04208754209
2025-07,쇼핑검색,음처기_MO@naver_shoppingsearch,음식쓰레기처리기MO@cpc_fd471_h,27478,829,6,0,0,0,0.007237635706,0
2025-07,쇼핑검색,음처기_PC@naver_shoppingsearch,음식물쓰레기PC@cpc_fd471_h,10615,73206,24,0,0,0,0.0003278419802,0
2025-07,쇼핑검색,음처기_PC@naver_shoppingsearch,음식물처리기_PC@cpc_fd471_h-s,870727,348237,509,4,1487100,1.707883183,0.001461648245,0.007858546169
2025-07,쇼핑검색,음처기_PC@naver_shoppingsearch,음식물처리기분쇄_PC@cpc_fd471_h-s,202763,109418,149,4,1520900,7.500875406,0.001361750352,0.02684563758
2025-07,쇼핑검색,음처기_PC@naver_shoppingsearch,음식물처리기분쇄기_PC@cpc_fd471_h-s,284174,27742,123,7,2001900,7.044627587,0.004433710619,0.05691056911
2025-07,쇼핑검색,음처기_PC@naver_shoppingsearch,음식쓰레기처리기PC@cpc_fd471_h,24277,108116,27,1,0,0,0.0002497317696,0.03703703704
2025-07,쇼핑검색,음처기공식몰MO@naver_shoppingsearch,1위음식물분쇄기MO@cpc_fd471_h,209429,5501,51,3,359100,1.714662248,0.009271041629,0.05882352941
2025-07,쇼핑검색,음처기공식몰MO@naver_shoppingsearch,음식물쓰레기MO@cpc_fd471_h,62381,2339,15,1,0,0,0.006412997007,0.06666666667
2025-07,쇼핑검색,음처기공식몰MO@naver_shoppingsearch,음식물처리기MO@cpc_fd471_h,13653717,1475630,3120,132,12028800,0.8809908686,0.002114351158,0.04230769231
2025-07,쇼핑검색,음처기공식몰MO@naver_shoppingsearch,음식물처리기분쇄MO@cpc_fd471_h,3005266,58408,694,28,2573100,0.8561970887,0.01188193398,0.04034582133
2025-07,쇼핑검색,음처기공식몰MO@naver_shoppingsearch,음식쓰레기처리기MO@cpc_fd471_h,14641,678,4,0,0,0,0.005899705015,0
2025-07,쇼핑검색,음처기공식몰PC@naver_shoppingsearch,음식물분쇄기PC@cpc_fd471_h,1242934,318655,368,28,2550900,2.052321362,0.001154853996,0.07608695652
2025-07,쇼핑검색,음처기공식몰PC@naver_shoppingsearch,음식물쓰레기PC@cpc_fd471_h,15301,189710,35,0,0,0,0.0001844921196,0
2025-07,쇼핑검색,음처기공식몰PC@naver_shoppingsearch,음식물처리기PC@cpc_fd471_h,921085,452430,309,13,1107200,1.202060613,0.0006829785823,0.04207119741
2025-07,쇼핑검색,음처기공식몰PC@naver_shoppingsearch,음식물처리기분쇄PC@cpc_fd471_h,144573,160651,60,2,0,0,0.0003734804016,0.03333333333
2025-07,쇼핑검색,음처기공식몰PC@naver_shoppingsearch,음식쓰레기처리기PC@cpc_fd471_h,24079,209829,45,2,741610,30.7990365,0.0002144603463,0.04444444444
2025-07,파워링크,00.브랜드_MO@naver_powerlink,00-1.자사명_MO@cpc_hejhome_h,1727242,70557,1954,694,10567500,6.118135154,0.02769392123,0.3551688843
2025-07,파워링크,00.브랜드_MO@naver_powerlink,00-2.경쟁사_MO@cpc_hejhome_h,5324,8029,43,2,307400,57.73854245,0.005355586001,0.04651162791
2025-07,파워링크,00.브랜드_PC@naver_powerlink,00-1.자사명_PC@cpc_hejhome_h,411499,24656,786,295,7671980,18.64398212,0.03187865023,0.3753180662
2025-07,파워링크,01.홈카메라_메인_MO@naver_powerlink,01-1.홈CCTV_MO@cpc_mc0511_h,350823,20990,222,61,958500,2.73214698,0.01057646498,0.2747747748
2025-07,파워링크,01.홈카메라_메인_MO@naver_powerlink,01-1.홈카메라_MO@cpc_mc0511_h,583319,10883,427,62,1343100,2.302513719,0.03923550492,0.1451990632
2025-07,파워링크,01.홈카메라_메인_MO@naver_powerlink,01-1.홈캠_MO@cpc_mc0511_h,738969,12084,384,54,1458710,1.973979964,0.0317775571,0.140625
2025-07,파워링크,01.홈카메라_메인_PC@naver_powerlink,01-1.홈CCTV_PC@cpc_mc0511_h,20482,6069,27,12,0,0,0.004448838359,0.4444444444
2025-07,파워링크,01.홈카메라_메인_PC@naver_powerlink,01-1.홈카메라_PC@cpc_mc0511_h,9966,1632,12,4,0,0,0.007352941176,0.3333333333
2025-07,파워링크,01.홈카메라_메인_PC@naver_powerlink,01-1.홈캠_PC@cpc_mc0511_h,30668,1604,28,0,0,0,0.0174563591,0
2025-07,파워링크,01.홈카메라_쿠팡_MO@naver_powerlink,01-1 쿠팡+전환_1_MO@cpc_MC0511_h,3223550,265333,2105,518,8561220,2.655835957,0.007933427052,0.2460807601
2025-07,파워링크,01.홈카메라_쿠팡_MO@naver_powerlink,01-1 쿠팡+전환_2_MO@cpc_MC0511_h,358787,66900,593,62,552500,1.539910866,0.008863976084,0.1045531197
2025-07,파워링크,01.홈카메라_쿠팡_MO@naver_powerlink,01-1 쿠팡+전환_3_MO@cpc_MC0511_h,167761,19388,139,12,165200,0.984734235,0.007169383124,0.08633093525
2025-07,파워링크,01.홈카메라_쿠팡_PC@naver_powerlink, 01-1 쿠팡+전환_1_PC@cpc_MC0511_h,1189177,94063,879,101,1265600,1.064265454,0.009344800825,0.1149032992
2025-07,파워링크,01.홈카메라_쿠팡_PC@naver_powerlink,01-1 쿠팡+전환_2_PC@cpc_MC0511_h,37037,40196,82,31,308500,8.32950833,0.00204000398,0.3780487805
2025-07,파워링크,01.홈카메라_쿠팡_PC@naver_powerlink,01-1 쿠팡+전환_3_PC@cpc_MC0511_h,15554,11147,20,2,0,0,0.001794204719,0.1
2025-07,파워링크,01.홈카메라_확장_MO@naver_powerlink,01-2.홈CCTV+반려1_MO@cpc_MC0511_h,0,23,0,0,0,0,0,0
2025-07,파워링크,01.홈카메라_확장_MO@naver_powerlink,01-2.홈CCTV+반려2_MO@cpc_mc0511_h,0,15,0,0,0,0,0,0
2025-07,파워링크,01.홈카메라_확장_MO@naver_powerlink,01-2.홈CCTV+반려3_MO@cpc_mc0511_h,22242,915,23,32,0,0,0.02513661202,1.391304348
2025-07,파워링크,01.홈카메라_확장_MO@naver_powerlink,01-2.홈CCTV+반려4_MO@cpc_mc0511_h,48125,1076,36,5,208710,4.336831169,0.03345724907,0.1388888889
2025-07,파워링크,01.홈카메라_확장_MO@naver_powerlink,01-2.홈CCTV+보안_1_MO@cpc_mc058_h,0,215,0,0,0,0,0,0
2025-07,파워링크,01.홈카메라_확장_MO@naver_powerlink,01-2.홈CCTV+보안_2_MO@cpc_mc058_h,0,58,0,0,0,0,0,0
2025-07,파워링크,01.홈카메라_확장_MO@naver_powerlink,01-2.홈CCTV+보안_3_MO@cpc_mc058_h,0,47,0,0,0,0,0,0
2025-07,파워링크,01.홈카메라_확장_MO@naver_powerlink,01-2.홈CCTV+보안_4_MO@cpc_mc058_h,77,42,1,0,0,0,0.02380952381,0
2025-07,파워링크,01.홈카메라_확장_MO@naver_powerlink,01-2.홈CCTV+보안_5_MO@cpc_mc058_h,1958,419,2,0,0,0,0.00477326969,0
2025-07,파워링크,01.홈카메라_확장_MO@naver_powerlink,01-2.홈CCTV+보안_6_MO@cpc_mc058_h,2079,503,4,0,0,0,0.007952286282,0
2025-07,파워링크,01.홈카메라_확장_MO@naver_powerlink,01-2.홈CCTV+보안_7_MO@cpc_mc058_h,5940,715,5,0,0,0,0.006993006993,0
2025-07,파워링크,01.홈카메라_확장_MO@naver_powerlink,01-2.홈CCTV+보안_8_MO@cpc_mc058_h,1232,488,3,0,0,0,0.006147540984,0
2025-07,파워링크,01.홈카메라_확장_MO@naver_powerlink,01-2.홈CCTV+어른_1_MO@cpc_mc058_h,12331,298,16,0,0,0,0.05369127517,0
2025-07,파워링크,01.홈카메라_확장_MO@naver_powerlink,01-2.홈CCTV+어른_2_MO@cpc_mc058_h,6292,180,10,0,0,0,0.05555555556,0
2025-07,파워링크,01.홈카메라_확장_MO@naver_powerlink,01-2.홈CCTV+어른_3_MO@cpc_mc058_h,1243,152,6,0,0,0,0.03947368421,0
2025-07,파워링크,01.홈카메라_확장_MO@naver_powerlink,01-2.홈CCTV+육아_1_MO@cpc_mc058_h,0,43,0,0,0,0,0,0
2025-07,파워링크,01.홈카메라_확장_MO@naver_powerlink,01-2.홈CCTV+육아_2_MO@cpc_mc058_h,0,19,0,0,0,0,0,0
2025-07,파워링크,01.홈카메라_확장_MO@naver_powerlink,01-2.홈CCTV+육아_3_MO@cpc_mc058_h,0,24,0,0,0,0,0,0
2025-07,파워링크,01.홈카메라_확장_MO@naver_powerlink,01-2.홈CCTV+육아_4_MO@cpc_mc058_h,0,24,0,0,0,0,0,0
2025-07,파워링크,01.홈카메라_확장_MO@naver_powerlink,01-2.홈CCTV+육아_5_MO@cpc_mc058_h,0,204,0,0,0,0,0,0
2025-07,파워링크,01.홈카메라_확장_MO@naver_powerlink,01-2.홈CCTV+육아_6_MO@cpc_mc058_h,77,86,1,0,0,0,0.01162790698,0
2025-07,파워링크,01.홈카메라_확장_MO@naver_powerlink,01-2.홈CCTV+육아_7_MO@cpc_mc058_h,396,46,1,0,0,0,0.02173913043,0
2025-07,파워링크,01.홈카메라_확장_MO@naver_powerlink,01-2.홈CCTV+육아_8_MO@cpc_mc058_h,0,81,0,0,0,0,0,0
2025-07,파워링크,01.홈카메라_확장_MO@naver_powerlink,01-2.홈카메라+반려_1_MO@cpc_mc058_h,41745,1022,35,4,182100,4.362199066,0.03424657534,0.1142857143
2025-07,파워링크,01.홈카메라_확장_MO@naver_powerlink,01-2.홈카메라+반려_2_MO@cpc_mc058_h,0,35,0,0,0,0,0,0
2025-07,파워링크,01.홈카메라_확장_MO@naver_powerlink,01-2.홈카메라+보안_1_MO@cpc_mc058_h,429,910,1,0,0,0,0.001098901099,0
2025-07,파워링크,01.홈카메라_확장_MO@naver_powerlink,01-2.홈카메라+보안_2_MO@cpc_mc058_h,4917,409,6,1,69900,14.21598536,0.01466992665,0.1666666667
2025-07,파워링크,01.홈카메라_확장_MO@naver_powerlink,01-2.홈카메라+보안_3_MO@cpc_mc058_h,0,66,0,0,0,0,0,0
2025-07,파워링크,01.홈카메라_확장_MO@naver_powerlink,01-2.홈카메라+어른_MO@cpc_mc058_h,2464,247,9,0,0,0,0.03643724696,0
2025-07,파워링크,01.홈카메라_확장_MO@naver_powerlink,01-2.홈카메라+육아_1_MO@cpc_mc058_h,0,144,0,0,0,0,0,0
2025-07,파워링크,01.홈카메라_확장_MO@naver_powerlink,01-2.홈카메라+육아_2_MO@cpc_mc058_h,2717,920,5,0,0,0,0.005434782609,0
2025-07,파워링크,01.홈카메라_확장_MO@naver_powerlink,01-2.홈캠+반려_MO@cpc_mc058_h,167629,3245,131,17,817200,4.875051453,0.04036979969,0.1297709924
2025-07,파워링크,01.홈카메라_확장_MO@naver_powerlink,01-2.홈캠+보안_1_MO@cpc_mc058_h,770,350,3,1,0,0,0.008571428571,0.3333333333
2025-07,파워링크,01.홈카메라_확장_MO@naver_powerlink,01-2.홈캠+보안_2_MO@cpc_mc058_h,1496,196,3,0,0,0,0.01530612245,0
2025-07,파워링크,01.홈카메라_확장_MO@naver_powerlink,01-2.홈캠+어른_MO@cpc_mc058_h,16775,849,42,0,0,0,0.04946996466,0
2025-07,파워링크,01.홈카메라_확장_MO@naver_powerlink,01-2.홈캠+육아_1_MO@cpc_mc058_h,5346,1752,17,0,0,0,0.009703196347,0
2025-07,파워링크,01.홈카메라_확장_MO@naver_powerlink,01-2.홈캠+육아_2_MO@cpc_mc058_h,37994,4469,41,15,279300,7.35116071,0.009174311927,0.3658536585
2025-07,파워링크,01.홈카메라_확장_MO@naver_powerlink,01-3.홈CCTV+대학생_MO@cpc_mc058_h,0,4,0,0,0,0,0,0
2025-07,파워링크,01.홈카메라_확장_MO@naver_powerlink,01-3.홈CCTV+신혼부부_MO@cpc_mc058_h,0,14,0,0,0,0,0,0
2025-07,파워링크,01.홈카메라_확장_MO@naver_powerlink,01-3.홈CCTV+임산부_MO@cpc_mc058_h,0,14,0,0,0,0,0,0
2025-07,파워링크,01.홈카메라_확장_MO@naver_powerlink,01-3.홈CCTV+자영업자_MO@cpc_mc058_h,550,194,1,0,0,0,0.005154639175,0
2025-07,파워링크,01.홈카메라_확장_MO@naver_powerlink,01-3.홈CCTV+자취생_MO@cpc_mc058_h,451,43,1,0,0,0,0.02325581395,0
2025-07,파워링크,01.홈카메라_확장_MO@naver_powerlink,01-3.홈카메라+대학생_MO@cpc_mc058_h,0,41,0,0,0,0,0,0
2025-07,파워링크,01.홈카메라_확장_MO@naver_powerlink,01-3.홈카메라+신혼부부_MO@cpc_mc058_h,0,19,0,0,0,0,0,0
2025-07,파워링크,01.홈카메라_확장_MO@naver_powerlink,01-3.홈카메라+임산부_MO@cpc_mc058_h,0,17,0,0,0,0,0,0
2025-07,파워링크,01.홈카메라_확장_MO@naver_powerlink,01-3.홈카메라+자영업자_MO@cpc_mc058_h,0,65,0,0,0,0,0,0
2025-07,파워링크,01.홈카메라_확장_MO@naver_powerlink,01-3.홈카메라+자취생_MO@cpc_mc058_h,0,133,0,0,0,0,0,0
2025-07,파워링크,01.홈카메라_확장_MO@naver_powerlink,01-3.홈캠+대학생_MO@cpc_mc058_h,0,9,0,0,0,0,0,0
2025-07,파워링크,01.홈카메라_확장_MO@naver_powerlink,01-3.홈캠+신혼부부_MO@cpc_mc058_h,0,18,0,0,0,0,0,0
2025-07,파워링크,01.홈카메라_확장_MO@naver_powerlink,01-3.홈캠+임산부_MO@cpc_mc058_h,77,73,1,0,0,0,0.01369863014,0
2025-07,파워링크,01.홈카메라_확장_MO@naver_powerlink,01-3.홈캠+자영업자_MO@cpc_mc058_h,0,51,0,0,0,0,0,0
2025-07,파워링크,01.홈카메라_확장_MO@naver_powerlink,01-3.홈캠+자취생_MO@cpc_mc058_h,0,20,0,0,0,0,0,0
2025-07,파워링크,01.홈카메라_확장_PC@naver_powerlink,01-2.홈CCTV+반려1_PC@cpc_MC0511_h,0,5,0,0,0,0,0,0
2025-07,파워링크,01.홈카메라_확장_PC@naver_powerlink,01-2.홈CCTV+반려3_PC@cpc_mc0511_h,4829,247,6,1,0,0,0.02429149798,0.1666666667
2025-07,파워링크,01.홈카메라_확장_PC@naver_powerlink,01-2.홈CCTV+반려4_PC@cpc_mc0511_h,1507,366,2,1,89800,59.5885866,0.005464480874,0.5
2025-07,파워링크,01.홈카메라_확장_PC@naver_powerlink,01-2.홈CCTV+보안1_PC@cpc_mc0511_h,946,50,1,0,0,0,0.02,0
2025-07,파워링크,01.홈카메라_확장_PC@naver_powerlink,01-2.홈CCTV+보안2_PC@cpc_mc0511_h,0,1,0,0,0,0,0,0
2025-07,파워링크,01.홈카메라_확장_PC@naver_powerlink,01-2.홈CCTV+보안3_PC@cpc_mc0511_h,0,1,0,0,0,0,0,0
2025-07,파워링크,01.홈카메라_확장_PC@naver_powerlink,01-2.홈CCTV+보안4_PC@cpc_mc0511_h,0,19,0,0,0,0,0,0
2025-07,파워링크,01.홈카메라_확장_PC@naver_powerlink,01-2.홈CCTV+보안5_PC@cpc_mc0511_h,396,107,1,0,0,0,0.009345794393,0
2025-07,파워링크,01.홈카메라_확장_PC@naver_powerlink,01-2.홈CCTV+보안6_PC@cpc_mc0511_h,1067,123,1,0,0,0,0.008130081301,0
2025-07,파워링크,01.홈카메라_확장_PC@naver_powerlink,01-2.홈CCTV+보안7_PC@cpc_mc0511_h,0,247,0,0,0,0,0,0
2025-07,파워링크,01.홈카메라_확장_PC@naver_powerlink,01-2.홈CCTV+보안8_PC@cpc_mc0511_h,913,286,1,0,0,0,0.003496503497,0
2025-07,파워링크,01.홈카메라_확장_PC@naver_powerlink,01-2.홈CCTV+어른1_PC@cpc_mc0511_h,3113,121,5,0,0,0,0.04132231405,0
2025-07,파워링크,01.홈카메라_확장_PC@naver_powerlink,01-2.홈CCTV+어른2_PC@cpc_mc0511_h,1001,21,1,0,0,0,0.04761904762,0
2025-07,파워링크,01.홈카메라_확장_PC@naver_powerlink,01-2.홈CCTV+어른3_PC@cpc_mc0511_h,3344,94,6,0,0,0,0.06382978723,0
2025-07,파워링크,01.홈카메라_확장_PC@naver_powerlink,01-2.홈CCTV+육아1_PC@cpc_mc0511_h,0,1,0,0,0,0,0,0
2025-07,파워링크,01.홈카메라_확장_PC@naver_powerlink,01-2.홈CCTV+육아5_PC@cpc_mc0511_h,0,66,0,0,0,0,0,0
2025-07,파워링크,01.홈카메라_확장_PC@naver_powerlink,01-2.홈CCTV+육아6_PC@cpc_mc0511_h,935,7,1,0,0,0,0.1428571429,0
2025-07,파워링크,01.홈카메라_확장_PC@naver_powerlink,01-2.홈CCTV+육아8_PC@cpc_mc0511_h,0,12,0,0,0,0,0,0
2025-07,파워링크,01.홈카메라_확장_PC@naver_powerlink,01-2.홈카메라+반려1_PC@cpc_mc0511_h,9867,261,9,4,0,0,0.03448275862,0.4444444444
2025-07,파워링크,01.홈카메라_확장_PC@naver_powerlink,01-2.홈카메라+반려2_PC@cpc_mc0511_h,0,4,0,0,0,0,0,0
2025-07,파워링크,01.홈카메라_확장_PC@naver_powerlink,01-2.홈카메라+보안1_PC@cpc_mc0511_h,77,185,1,0,0,0,0.005405405405,0
2025-07,파워링크,01.홈카메라_확장_PC@naver_powerlink,01-2.홈카메라+보안2_PC@cpc_mc0511_h,3146,105,4,0,0,0,0.0380952381,0
2025-07,파워링크,01.홈카메라_확장_PC@naver_powerlink,01-2.홈카메라+보안3_PC@cpc_mc0511_h,77,11,1,0,0,0,0.09090909091,0
2025-07,파워링크,01.홈카메라_확장_PC@naver_powerlink,01-2.홈카메라+어른PC@cpc_mc0511_h,77,37,1,0,0,0,0.02702702703,0
2025-07,파워링크,01.홈카메라_확장_PC@naver_powerlink,01-2.홈카메라+육아_1_PC@cpc_mc058_h,0,5,0,0,0,0,0,0
2025-07,파워링크,01.홈카메라_확장_PC@naver_powerlink,01-2.홈카메라+육아_2_PC@cpc_mc058_h,748,420,1,0,0,0,0.002380952381,0
2025-07,파워링크,01.홈카메라_확장_PC@naver_powerlink,01-2.홈캠+반려_PC@cpc_mc058_h,34870,3314,31,11,0,0,0.009354254677,0.3548387097
2025-07,파워링크,01.홈카메라_확장_PC@naver_powerlink,01-2.홈캠+보안_1_PC@cpc_mc058_h,0,58,0,0,0,0,0,0
2025-07,파워링크,01.홈카메라_확장_PC@naver_powerlink,01-2.홈캠+보안_2_PC@cpc_mc058_h,231,69,2,0,0,0,0.02898550725,0
2025-07,파워링크,01.홈카메라_확장_PC@naver_powerlink,01-2.홈캠+어른_PC@cpc_mc058_h,77,185,1,0,0,0,0.005405405405,0
2025-07,파워링크,01.홈카메라_확장_PC@naver_powerlink,01-2.홈캠+육아_1_PC@cpc_mc058_h,3135,886,6,0,0,0,0.006772009029,0
2025-07,파워링크,01.홈카메라_확장_PC@naver_powerlink,01-2.홈캠+육아_2_PC@cpc_mc058_h,11638,1043,11,9,144900,12.45059289,0.01054650048,0.8181818182
2025-07,파워링크,01.홈카메라_확장_PC@naver_powerlink,01-3.홈CCTV+자영업자_PC@cpc_mc058_h,0,9,0,0,0,0,0,0
2025-07,파워링크,01.홈카메라_확장_PC@naver_powerlink,01-3.홈CCTV+자취생_PC@cpc_mc058_h,0,9,0,0,0,0,0,0
2025-07,파워링크,01.홈카메라_확장_PC@naver_powerlink,01-3.홈카메라+대학생_PC@cpc_mc058_h,0,10,0,0,0,0,0,0
2025-07,파워링크,01.홈카메라_확장_PC@naver_powerlink,01-3.홈카메라+자영업자_PC@cpc_mc058_h,0,2,0,0,0,0,0,0
2025-07,파워링크,01.홈카메라_확장_PC@naver_powerlink,01-3.홈카메라+자취생_PC@cpc_mc058_h,330,9,1,0,0,0,0.1111111111,0
2025-07,파워링크,01.홈카메라_확장_PC@naver_powerlink,01-3.홈캠+자취생_PC@cpc_mc058_h,0,3,0,0,0,0,0,0
2025-07,파워링크,02.로봇청소기_메인_MO@naver_powerlink,02-1.로봇청소기_MO@cpc_rc41_h,1225114,46395,396,0,0,0,0.008535402522,0
2025-07,파워링크,02.로봇청소기_메인_PC@naver_powerlink,02-1.로봇청소기_PC@cpc_rc41_h,499433,50281,211,1,678000,1.35753945,0.004196416141,0.004739336493
2025-07,파워링크,03.반려_메인_MO@naver_powerlink,03-1.자동급식기_MO@cpc_petcare,403887,32548,371,6,764500,1.89285617,0.01139854983,0.01617250674
2025-07,파워링크,03.반려_메인_MO@naver_powerlink,03-2.펫정수기_MO@cpc_pw30_h,489764,28312,561,27,543700,1.11012651,0.01981491947,0.04812834225
2025-07,파워링크,03.반려_메인_MO@naver_powerlink,03-3.고양이 장난감_MO@cpc_pt40_h,825,590,5,0,0,0,0.008474576271,0
2025-07,파워링크,03.반려_메인_PC@naver_powerlink,03-1.자동급식기_PC@cpc_petcare,11187,7751,17,0,0,0,0.002193265385,0
2025-07,파워링크,03.반려_메인_PC@naver_powerlink,03-2.펫정수기_PC@cpc_pw30_h,115885,10404,154,6,324400,2.799326919,0.01480199923,0.03896103896
2025-07,파워링크,03.반려_메인_PC@naver_powerlink,03-3.고양이 장난감_PC@cpc_pt40_h,385,260,5,0,0,0,0.01923076923,0
2025-07,파워링크,03.반려_확장_MO@naver_powerlink,03-3.자동급식기+확장_1_MO@cpc_petcare,213631,11623,237,2,154000,0.7208691622,0.02039060484,0.008438818565
2025-07,파워링크,03.반려_확장_MO@naver_powerlink,03-3.자동급식기+확장_2_MO@cpc_petcare,77,88,1,0,0,0,0.01136363636,0
2025-07,파워링크,03.반려_확장_MO@naver_powerlink,03-3.자동급식기+확장_3_MO@cpc_petcare,0,45,0,0,0,0,0,0
2025-07,파워링크,03.반려_확장_MO@naver_powerlink,03-3.자동급식기+확장_4_MO@cpc_petcare,1540,530,5,0,0,0,0.009433962264,0
2025-07,파워링크,03.반려_확장_MO@naver_powerlink,03-3.자동급식기+확장_5_MO@cpc_petcare,0,58,0,0,0,0,0,0
2025-07,파워링크,03.반려_확장_MO@naver_powerlink,03-4.펫정수기+확장_1_MO@cpc_pw30_h,19140,1149,26,3,0,0,0.0226283725,0.1153846154
2025-07,파워링크,03.반려_확장_MO@naver_powerlink,03-4.펫정수기+확장_2_MO@cpc_pw30_h,14487,2287,37,6,103500,7.144336302,0.01617839965,0.1621621622
2025-07,파워링크,03.반려_확장_PC@naver_powerlink,03-3.자동급식기+확장_1_PC@cpc_petcare,97218,5887,90,0,0,0,0.01528792254,0
2025-07,파워링크,03.반려_확장_PC@naver_powerlink,03-3.자동급식기+확장_2_PC@cpc_petcare,154,36,2,0,0,0,0.05555555556,0
2025-07,파워링크,03.반려_확장_PC@naver_powerlink,03-3.자동급식기+확장_3_PC@cpc_petcare,1353,215,4,0,0,0,0.01860465116,0
2025-07,파워링크,03.반려_확장_PC@naver_powerlink,03-3.자동급식기+확장_4_PC@cpc_petcare,77,104,1,0,0,0,0.009615384615,0
2025-07,파워링크,03.반려_확장_PC@naver_powerlink,03-3.자동급식기+확장_5_PC@cpc_petcare,0,25,0,0,0,0,0,0
2025-07,파워링크,03.반려_확장_PC@naver_powerlink,03-4.펫정수기+확장_1_PC@cpc_pw30_h,7942,343,7,0,0,0,0.02040816327,0
2025-07,파워링크,03.반려_확장_PC@naver_powerlink,03-4.펫정수기+확장_2_PC@cpc_pw30_h,1694,187,5,0,0,0,0.02673796791,0
2025-07,파워링크,04.리모컨허브_메인_MO@naver_powerlink,04-1.리모컨허브_MO@cpc_ir44_h,734261,34656,399,79,845800,1.151906475,0.01151315789,0.1979949875
2025-07,파워링크,04.리모컨허브_메인_PC@naver_powerlink,04-1.리모컨허브_PC@cpc_ir44_h,24871,13049,51,22,339600,13.654457,0.003908345467,0.431372549
2025-07,파워링크,04.리모컨허브_확장_MO@naver_powerlink,04-2.리모컨허브+확장_MO@cpc_ir44_h,181082,21954,257,131,749050,4.136523785,0.01170629498,0.5097276265
2025-07,파워링크,04.리모컨허브_확장_PC@naver_powerlink,04-2.리모컨허브+확장_PC@cpc_ir44_h,122133,6572,106,9,157700,1.291215314,0.01612903226,0.08490566038
2025-07,파워링크,05.커튼set_메인_MO@naver_powerlink,05-1.커튼set_MO@cpc_curtainset_h,3265328,72461,1430,253,4397100,1.346602853,0.01973475387,0.1769230769
2025-07,파워링크,05.커튼set_메인_PC@naver_powerlink,05-1.커튼set_PC@cpc_curtainset_h,425392,17967,325,108,3280700,7.712180765,0.01808871821,0.3323076923
2025-07,파워링크,05.커튼set_확장_MO@naver_powerlink,05-1.신혼부부1_MO@cpc_curtainset_h,77,66,1,0,0,0,0.01515151515,0
2025-07,파워링크,05.커튼set_확장_MO@naver_powerlink,05-1.신혼부부2_MO@cpc_curtainset_h,0,8,0,0,0,0,0,0
2025-07,파워링크,05.커튼set_확장_MO@naver_powerlink,05-2.원룸1_MO@cpc_curtainset_h,528,494,7,0,0,0,0.01417004049,0
2025-07,파워링크,05.커튼set_확장_MO@naver_powerlink,05-2.원룸2_MO@cpc_curtainset_h,0,77,0,0,0,0,0,0
2025-07,파워링크,05.커튼set_확장_MO@naver_powerlink,05-3.신혼집1_MO@cpc_curtainset_h,1045,186,3,0,0,0,0.01612903226,0
2025-07,파워링크,05.커튼set_확장_MO@naver_powerlink,05-3.신혼집2_MO@cpc_curtainset_h,0,88,0,0,0,0,0,0
2025-07,파워링크,05.커튼set_확장_MO@naver_powerlink,05-4.가정집1_MO@cpc_curtainset_h,0,16,0,0,0,0,0,0
2025-07,파워링크,05.커튼set_확장_MO@naver_powerlink,05-4.가정집2_MO@cpc_curtainset_h,0,20,0,0,0,0,0,0
2025-07,파워링크,05.커튼set_확장_MO@naver_powerlink,05-5.확장_MO@cpc_curtainset_h,24871,3479,57,3,1260500,50.68151663,0.0163840184,0.05263157895
2025-07,파워링크,05.커튼set_확장_PC@naver_powerlink,05-1.신혼부부1_PC@cpc_curtainset_h,0,4,0,0,0,0,0,0
2025-07,파워링크,05.커튼set_확장_PC@naver_powerlink,05-2.원룸1_PC@cpc_curtainset_h,121,102,1,0,0,0,0.009803921569,0
2025-07,파워링크,05.커튼set_확장_PC@naver_powerlink,05-2.원룸2_PC@cpc_curtainset_h,0,12,0,0,0,0,0,0
2025-07,파워링크,05.커튼set_확장_PC@naver_powerlink,05-3.신혼집1_PC@cpc_curtainset_h,0,65,0,0,0,0,0,0
2025-07,파워링크,05.커튼set_확장_PC@naver_powerlink,05-3.신혼집2_PC@cpc_curtainset_h,0,4,0,0,0,0,0,0
2025-07,파워링크,05.커튼set_확장_PC@naver_powerlink,05-4.가정집1_PC@cpc_curtainset_h,0,4,0,0,0,0,0,0
2025-07,파워링크,05.커튼set_확장_PC@naver_powerlink,05-4.가정집2_PC@cpc_curtainset_h,0,2,0,0,0,0,0,0
2025-07,파워링크,05.커튼set_확장_PC@naver_powerlink,05-5.확장_PC@cpc_curtainset_h,5225,524,6,1,0,0,0.01145038168,0.1666666667
2025-07,파워링크,06.멀티탭_메인_MO@naver_powerlink,06-1.멀티탭_MO@cpc_ps03_h,497376,95062,476,0,0,0,0.005007258421,0
2025-07,파워링크,06.멀티탭_메인_PC@naver_powerlink,06-1.멀티탭_PC@cpc_ps03_h,59213,36259,81,4,19900,0.3360748484,0.002233928128,0.04938271605
2025-07,파워링크,07.MO_new전환@naver_powerlink,01.MO_기본_라인LED@cpc_ls06_h,8514,1800,12,0,0,0,0.006666666667,0
2025-07,파워링크,07.MO_new전환@naver_powerlink,01.MO_기본_스마트전구@cpc_lb03_h,183073,26727,208,19,84700,0.4626569729,0.007782392337,0.09134615385
2025-07,파워링크,07.PC_new전환@naver_powerlink,01.PC_기본_라인LED@cpc_ls06_h,7150,1353,10,0,0,0,0.007390983001,0
2025-07,파워링크,07.PC_new전환@naver_powerlink,01.PC_기본_스마트전구@cpc_lb03_h,50094,14455,56,0,0,0,0.00387409201,0
2025-07,파워링크,08.전원_메인_MO@naver_powerlink,08-1.스위치_MO@cpc_bds_h,394526,29669,373,9,160090,0.4057780729,0.0125720449,0.02412868633
2025-07,파워링크,08.전원_메인_MO@naver_powerlink,08-2.전원기기_MO@cpc_power_h,390060,43751,399,34,574690,1.473337435,0.009119791548,0.08521303258
2025-07,파워링크,08.전원_메인_PC@naver_powerlink,08-1.스위치_PC@cpc_bds_h,95931,22003,105,24,272200,2.837456088,0.004772076535,0.2285714286
2025-07,파워링크,08.전원_메인_PC@naver_powerlink,8-2.전원기기_PC@cpc_power_h,194128,23682,218,22,464300,2.391720926,0.009205303606,0.1009174312
2025-07,파워링크,08.전원_확장_MO@naver_powerlink,08-4.전원기기+확장_MO@cpc_power_h,3168,805,8,0,0,0,0.009937888199,0
2025-07,파워링크,08.전원_확장_PC@naver_powerlink,08-4.전원기기+확장_PC@cpc_power_h,1694,484,5,0,0,0,0.01033057851,0
2025-07,파워링크,09.센서_메인_MO@naver_powerlink,09-1.온습도계_MO@cpc_th14_h,167948,3919,159,22,357900,2.131016743,0.04057157438,0.1383647799
2025-07,파워링크,09.센서_메인_PC@naver_powerlink,09-1.온습도계_PC@cpc_th14_h,42130,3671,64,1,0,0,0.01743394171,0.015625
2025-07,파워링크,09.센서_확장_MO@naver_powerlink,09-2.온습도계+확장1_MO@cpc_th14_h,7579,3326,26,0,0,0,0.007817197835,0
2025-07,파워링크,09.센서_확장_MO@naver_powerlink,09-2.온습도계+확장2_MO@cpc_th14_h,297,362,3,0,0,0,0.008287292818,0
2025-07,파워링크,09.센서_확장_PC@naver_powerlink,09-2.온습도계+확장1_PC@cpc_th14_h,583,821,2,0,0,0,0.002436053593,0
2025-07,파워링크,09.센서_확장_PC@naver_powerlink,09-2.온습도계+확장2_PC@cpc_th14_h,77,124,1,0,0,0,0.008064516129,0
2025-07,파워링크,음처기_MO@naver_powerlink,메인키워드_MO@cpc_fd471_h,9810119,254468,2853,49,4554710,0.4642869266,0.01121162582,0.01717490361
2025-07,파워링크,음처기_MO@naver_powerlink,자상호_MO@cpc_fd471_h,44517,9254,286,41,3403600,76.45618528,0.03090555435,0.1433566434
2025-07,파워링크,음처기_PC@naver_powerlink,메인키워드_PC@cpc_fd471_h,1414666,64981,388,1,359100,0.2538408359,0.005970976131,0.002577319588
2025-07,파워링크,음처기_PC@naver_powerlink,자상호_PC@cpc_fd471_h,11143,2199,69,6,1411410,126.6633761,0.03137789905,0.08695652174
2025-08,브랜드검색/신제품검색,01.신규 자사명@naver_brandsearch,신규_MO_자사명_키워드수정@cpd_hejhome_h,0,70730,22784,10388,189915730,inf,0.3221263962,0.4559339888
2025-08,브랜드검색/신제품검색,01.신규 자사명@naver_brandsearch,신규_PC_자사명@cpd_hejhome_h,0,0,0,1,94700,inf,0,inf
2025-08,브랜드검색/신제품검색,01.신규 자사명@naver_brandsearch,신규_PC_자사명_키워드수정@cpd_hejhome_h,0,13645,6485,3185,61759450,inf,0.4752656651,0.4911333847
2025-08,쇼핑검색,00.브랜드형@naver_shoppingbrand,00-0.자상호@cpc_mc05_h-s,0,2,0,0,0,0,0,0
2025-08,쇼핑검색,00.자상호_MO@naver_shoppingsearch,01-1.홈카메라_MO@cpc_mc05_h,16647213,286574,7530,2572,54748060,3.288722262,0.02627593571,0.3415670651
2025-08,쇼핑검색,00.자상호_MO@naver_shoppingsearch,01-4.펫캠_MO@cpc_mc059_h,560439,28272,278,36,791100,1.411572,0.009833050368,0.1294964029
2025-08,쇼핑검색,00.자상호_MO@naver_shoppingsearch,01-5.베이비캠_MO@cpc_mc05_h,152020,5095,92,31,490500,3.226549138,0.01805691855,0.3369565217
2025-08,쇼핑검색,00.자상호_MO@naver_shoppingsearch,02-1.전동커튼_MO@cpc_curtainset_h,763180,146618,497,9,491000,0.6433606751,0.003389761148,0.01810865191
2025-08,쇼핑검색,00.자상호_MO@naver_shoppingsearch,03-2.전구_MO@cpc_lb03r_h,2387,700,6,0,0,0,0.008571428571,0
2025-08,쇼핑검색,00.자상호_MO@naver_shoppingsearch,04-1.온습도계_MO@cpc_th14_h,0,127,0,0,0,0,0,0
2025-08,쇼핑검색,00.자상호_MO@naver_shoppingsearch,04-1.온습도센서_MO@cpc_th02_h,146993,12581,165,38,438970,2.986332683,0.0131150147,0.2303030303
2025-08,쇼핑검색,00.자상호_PC@naver_shoppingsearch,01-1.홈카메라_PC@cpc_mc05_h,3404082,58084,1553,390,10584600,3.109384557,0.02673713932,0.2511268513
2025-08,쇼핑검색,00.자상호_PC@naver_shoppingsearch,01-4.펫캠_PC@cpc_mc059_h,78716,4464,50,8,145800,1.852228264,0.01120071685,0.16
2025-08,쇼핑검색,00.자상호_PC@naver_shoppingsearch,01-5.베이비캠_PC@cpc_mc05_h,8261,251,6,0,0,0,0.02390438247,0
2025-08,쇼핑검색,00.자상호_PC@naver_shoppingsearch,02-1.전동커튼_PC@cpc_curtainset_h,209374,55559,161,1,0,0,0.002897820335,0.006211180124
2025-08,쇼핑검색,00.자상호_PC@naver_shoppingsearch,03-2.전구_PC@cpc_lb03r_h,0,59,0,0,0,0,0,0
2025-08,쇼핑검색,00.자상호_PC@naver_shoppingsearch,04-1.온습도센서_PC@cpc_th02_h,8030,804,19,9,493800,61.49439601,0.0236318408,0.4736842105
2025-08,쇼핑검색,01.브랜드형_쇼검@naver_shoppingbrand, 01-1.홈카메라@cpc_mc05_h-s,117029,196349,279,5,482520,4.123080604,0.001420939246,0.01792114695
2025-08,쇼핑검색,01.브랜드형_쇼검@naver_shoppingbrand,01-1.커튼@cpc_curtainset_h-s,126731,185787,165,0,0,0,0.0008881138077,0
2025-08,쇼핑검색,01.음처기_MO@naver_shoppingbrand,00-0.브랜드형_음처기_MO@cpc_fd471_h-s,944570,397149,404,2,733410,0.7764485427,0.001017250453,0.00495049505
2025-08,쇼핑검색,01.음처기_PC@naver_shoppingbrand,00-0.브랜드형_음처기_PC@cpc_fd471_h-s,18227,53584,11,0,0,0,0.0002052851597,0
2025-08,쇼핑검색,01.펫_MO@naver_shoppingbrand,00-0.브랜드형_급식기_MO@cpc_pf32_h-s,14168,8019,20,0,0,0,0.002494076568,0
2025-08,쇼핑검색,01.펫_MO@naver_shoppingbrand,00-0.브랜드형_장난감_MO@cpc_pt40_h-s,22880,28150,50,2,65800,2.875874126,0.001776198934,0.04
2025-08,쇼핑검색,01.펫_MO@naver_shoppingbrand,00-0.브랜드형_정수기_MO@cpc_pw30_h-s,41558,40902,106,3,74410,1.790509649,0.002591560315,0.02830188679
2025-08,쇼핑검색,01.펫_PC@naver_shoppingbrand,00-0.브랜드형_급식기_PC@cpc_pf32_h-s,0,1719,0,0,0,0,0,0
2025-08,쇼핑검색,01.펫_PC@naver_shoppingbrand,00-0.브랜드형_정수기_PC@cpc_pw30_h-s,660,6535,2,0,0,0,0.0003060443764,0
2025-08,쇼핑검색,01.홈캠_MO@naver_shoppingsearch,1.A01_홈카메라_MO@cpc_mc05_h,13959,676,9,0,0,0,0.01331360947,0
2025-08,쇼핑검색,01.홈캠_MO@naver_shoppingsearch,1.A02_홈캠_MO@cpc_IC021_h-s,55,707,1,0,0,0,0.001414427157,0
2025-08,쇼핑검색,01.홈캠_MO@naver_shoppingsearch,1.A02_홈캠_MO@cpc_MC0510_h-s,192423,10399,183,17,1575400,8.187170972,0.01759784595,0.09289617486
2025-08,쇼핑검색,01.홈캠_MO@naver_shoppingsearch,1.A02_홈캠_MO@cpc_MC0511_h-s,17303,3043,27,2,333280,19.26139976,0.008872822872,0.07407407407
2025-08,쇼핑검색,01.홈캠_MO@naver_shoppingsearch,1.A02_홈캠_MO@cpc_ic05_h-s,330275,26946,384,54,4514610,13.66924533,0.01425072367,0.140625
2025-08,쇼핑검색,01.홈캠_MO@naver_shoppingsearch,1.A02_홈캠_MO@cpc_mc058_h-s,3080,1034,4,1,155400,50.45454545,0.003868471954,0.25
2025-08,쇼핑검색,01.홈캠_MO@naver_shoppingsearch,1.A02_홈캠_MO@cpc_mc059_h-s,74943,8123,97,6,530900,7.084050545,0.01194140096,0.0618556701
2025-08,쇼핑검색,01.홈캠_MO@naver_shoppingsearch,1.A02_홈캠_MO@cpc_mc05_h,2352702,66014,1020,251,4508900,1.91647731,0.01545126791,0.2460784314
2025-08,쇼핑검색,01.홈캠_MO@naver_shoppingsearch,1.A02_홈캠_MO@cpc_mc05_h-s,18304,4655,27,1,59900,3.272508741,0.005800214823,0.03703703704
2025-08,쇼핑검색,01.홈캠_MO@naver_shoppingsearch,1.A03_홈CCTV_MO@cpc_mc05_h,545138,18019,238,103,2030200,3.724194608,0.01320828015,0.4327731092
2025-08,쇼핑검색,01.홈캠_MO@naver_shoppingsearch,1.B01_홈카메라_MO@cpc_mc05_h,12892,531,10,0,0,0,0.01883239171,0
2025-08,쇼핑검색,01.홈캠_MO@naver_shoppingsearch,1.B02_홈캠_MO@cpc_mc05_h,447073,9952,210,36,883500,1.976187334,0.02110128617,0.1714285714
2025-08,쇼핑검색,01.홈캠_MO@naver_shoppingsearch,1.B03_홈CCTV_MO@cpc_mc05_h,89309,6054,57,40,162700,1.821764884,0.009415262636,0.701754386
2025-08,쇼핑검색,01.홈캠_MO@naver_shoppingsearch,1.B04_강아지캠_MO@cpc_mc05_h,371250,9756,225,50,1174500,3.163636364,0.02306273063,0.2222222222
2025-08,쇼핑검색,01.홈캠_MO@naver_shoppingsearch,1.B05_고양이캠_MO@cpc_mc05_h,98153,2228,64,8,219500,2.236304545,0.02872531418,0.125
2025-08,쇼핑검색,01.홈캠_MO@naver_shoppingsearch,1.B06_육아캠_MO@cpc_mc05_h,252890,12329,194,22,972800,3.846731781,0.01573525833,0.1134020619
2025-08,쇼핑검색,01.홈캠_MO@naver_shoppingsearch,1.B07_맞벌이부부캠_MO@cpc_mc05_h,3149036,79378,1796,783,18152600,5.764494277,0.0226259165,0.4359688196
2025-08,쇼핑검색,01.홈캠_MO@naver_shoppingsearch,1.B08_보안캠_MO@cpc_mc05_h,11253,1767,18,0,0,0,0.01018675722,0
2025-08,쇼핑검색,01.홈캠_MO@naver_shoppingsearch,1.B09_부모님캠_MO@cpc_mc05_h,31339,1067,44,3,78300,2.498484317,0.0412371134,0.06818181818
2025-08,쇼핑검색,01.홈캠_MO@naver_shoppingsearch,1.B10_스마트캠_MO@cpc_mc05_h,12771,1722,12,1,179700,14.07094198,0.006968641115,0.08333333333
2025-08,쇼핑검색,01.홈캠_PC@naver_shoppingsearch, 1.A01_홈카메라_PC@cpc_MC0510_h-s,121484,17913,148,15,1279800,10.53472062,0.008262155976,0.1013513514
2025-08,쇼핑검색,01.홈캠_PC@naver_shoppingsearch, 1.A01_홈카메라_PC@cpc_MC0511_h-s,261525,49787,344,52,5061310,19.35306376,0.00690943419,0.1511627907
2025-08,쇼핑검색,01.홈캠_PC@naver_shoppingsearch, 1.A01_홈카메라_PC@cpc_ic05_h-s,11253,2999,22,0,0,0,0.007335778593,0
2025-08,쇼핑검색,01.홈캠_PC@naver_shoppingsearch, 1.A01_홈카메라_PC@cpc_mc058_h-s,49698,17307,62,9,1137290,22.88401948,0.003582365517,0.1451612903
2025-08,쇼핑검색,01.홈캠_PC@naver_shoppingsearch, 1.A01_홈카메라_PC@cpc_mc059_h-s,11858,2661,13,1,89700,7.564513409,0.004885381436,0.07692307692
2025-08,쇼핑검색,01.홈캠_PC@naver_shoppingsearch, 1.A01_홈카메라_PC@cpc_mc05_h-s,17578,2400,18,5,491680,27.9713278,0.0075,0.2777777778
2025-08,쇼핑검색,01.홈캠_PC@naver_shoppingsearch,1.A01_홈카메라_PC@cpc_mc05,539880,10613,223,31,1512700,2.801918945,0.02101196646,0.1390134529
2025-08,쇼핑검색,01.홈캠_PC@naver_shoppingsearch,1.A02_홈캠_PC@cpc_IC021_h-s,55,1714,1,0,0,0,0.0005834305718,0
2025-08,쇼핑검색,01.홈캠_PC@naver_shoppingsearch,1.A02_홈캠_PC@cpc_mc05_h,162778,9784,85,26,726000,4.460062171,0.008687653312,0.3058823529
2025-08,쇼핑검색,01.홈캠_PC@naver_shoppingsearch,1.A03_홈CCTV_PC@cpc_mc05,62876,965,34,4,0,0,0.03523316062,0.1176470588
2025-08,쇼핑검색,01.홈캠_PC@naver_shoppingsearch,1.B01_홈카메라_PC@cpc_mc05,60148,1608,25,8,150600,2.503823901,0.01554726368,0.32
2025-08,쇼핑검색,01.홈캠_PC@naver_shoppingsearch,1.B02_홈캠_PC@cpc_mc05,61831,933,31,0,0,0,0.0332261522,0
2025-08,쇼핑검색,01.홈캠_PC@naver_shoppingsearch,1.B03_홈CCTV_PC@cpc_mc05,193248,5968,106,18,449000,2.323439311,0.0177613941,0.1698113208
2025-08,쇼핑검색,01.홈캠_PC@naver_shoppingsearch,1.B04_강아지캠_PC@cpc_mc05,7722,247,10,0,0,0,0.04048582996,0
2025-08,쇼핑검색,01.홈캠_PC@naver_shoppingsearch,1.B05_고양이캠_PC@cpc_mc05,0,23,0,0,0,0,0,0
2025-08,쇼핑검색,01.홈캠_PC@naver_shoppingsearch,1.B06_육아캠_PC@cpc_mc05,610467,12078,294,30,1363100,2.232880729,0.02434177844,0.1020408163
2025-08,쇼핑검색,01.홈캠_PC@naver_shoppingsearch,1.B07_맞벌이부부캠_PC@cpc_mc05,0,3360,0,0,0,0,0,0
2025-08,쇼핑검색,01.홈캠_PC@naver_shoppingsearch,1.B08_보안캠_PC@cpc_mc05,2552,164,6,0,0,0,0.03658536585,0
2025-08,쇼핑검색,01.홈캠_PC@naver_shoppingsearch,1.B09_부모님캠_PC@cpc_mc05,3047,343,7,4,0,0,0.02040816327,0.5714285714
2025-08,쇼핑검색,01.홈캠_PC@naver_shoppingsearch,1.B10_스마트캠_PC@cpc_mc05,44407,1282,33,3,155600,3.50395208,0.02574102964,0.09090909091
2025-08,쇼핑검색,02.커튼_MO@naver_shoppingsearch,1.A01_전동커튼_MO@cpc_curtainset,47905,1492,36,1,229000,4.780294333,0.02412868633,0.02777777778
2025-08,쇼핑검색,02.커튼_MO@naver_shoppingsearch,1.A02_전동레일_MO@cpc_curtainset,0,12,0,0,0,0,0,0
2025-08,쇼핑검색,02.커튼_MO@naver_shoppingsearch,1.A02_커튼_MO@cpc_curtainset_h-s,313621,105709,461,27,7261560,23.15393421,0.004361028862,0.05856832972
2025-08,쇼핑검색,02.커튼_MO@naver_shoppingsearch,1.B01_전동커튼_MO@cpc_curtainset,19316,2092,14,0,0,0,0.006692160612,0
2025-08,쇼핑검색,02.커튼_MO@naver_shoppingsearch,1.B07_자동커튼_MO@cpc_curtainset,0,6,0,0,0,0,0,0
2025-08,쇼핑검색,02.커튼_MO@naver_shoppingsearch,2.B01_우드블라인드_MO@cpc_bw15,7139,1434,28,0,0,0,0.01952580195,0
2025-08,쇼핑검색,02.커튼_MO@naver_shoppingsearch,2.B02_블라인드_MO@cpc_bm23,165286,5937,215,1,310000,1.875536948,0.03621357588,0.004651162791
2025-08,쇼핑검색,02.커튼_PC@naver_shoppingsearch,1.A01_전동커튼_PC@cpc_curtainset,12683,2311,9,0,0,0,0.003894418001,0
2025-08,쇼핑검색,02.커튼_PC@naver_shoppingsearch,1.A01_커튼_PC@cpc_curtainset_h-s,146872,26354,193,8,2527600,17.209543,0.007323366472,0.0414507772
2025-08,쇼핑검색,02.커튼_PC@naver_shoppingsearch,1.A02_전동레일_PC@cpc_curtainset,0,10,0,0,0,0,0,0
2025-08,쇼핑검색,02.커튼_PC@naver_shoppingsearch,2.B01_우드블라인드PC@cpc_bw15,105028,7918,99,0,0,0,0.01250315736,0
2025-08,쇼핑검색,02.커튼_PC@naver_shoppingsearch,2.B02_블라인드PC@cpc_bm23,190300,8156,126,0,0,0,0.01544874939,0
2025-08,쇼핑검색,02.커튼남_MO@naver_shoppingsearch,1.A01_전동커튼_MO@cpc_curtainset,13475,316,9,7,229000,16.99443414,0.02848101266,0.7777777778
2025-08,쇼핑검색,02.커튼남_MO@naver_shoppingsearch,1.A02_커튼_MO@cpc_curtainset_h-s,68574,30500,76,0,0,0,0.002491803279,0
2025-08,쇼핑검색,02.커튼남_MO@naver_shoppingsearch,1.B01_전동커튼_MO@cpc_curtainset,2123,208,1,0,0,0,0.004807692308,0
2025-08,쇼핑검색,02.커튼남_MO@naver_shoppingsearch,1.B07_자동커튼_MO@cpc_curtainset,0,4,0,0,0,0,0,0
2025-08,쇼핑검색,02.커튼남_MO@naver_shoppingsearch,2.B01_우드블라인드_MO@cpc_bw15,528,41,1,0,0,0,0.0243902439,0
2025-08,쇼핑검색,02.커튼남_MO@naver_shoppingsearch,2.B02_블라인드_MO@cpc_bm23,4598,238,6,0,0,0,0.02521008403,0
2025-08,쇼핑검색,02.커튼남_PC@naver_shoppingsearch,1.A01_전동커튼_PC@cpc_curtainset,0,28,0,0,0,0,0,0
2025-08,쇼핑검색,02.커튼남_PC@naver_shoppingsearch,1.A01_커튼_PC@cpc_curtainset_h-s,23672,5421,32,2,433000,18.29165259,0.005902969932,0.0625
2025-08,쇼핑검색,02.커튼남_PC@naver_shoppingsearch,1.A02_전동레일_PC@cpc_curtainset,0,1,0,0,0,0,0,0
2025-08,쇼핑검색,02.커튼남_PC@naver_shoppingsearch,2.B01_우드블라인드PC@cpc_bw15,0,15,0,0,0,0,0,0
2025-08,쇼핑검색,02.커튼남_PC@naver_shoppingsearch,2.B02_블라인드PC@cpc_bm23,3124,172,2,0,0,0,0.01162790698,0
2025-08,쇼핑검색,02.커튼여_MO@naver_shoppingsearch,1.A01_전동커튼_MO@cpc_curtainset,9724,2002,7,0,0,0,0.003496503497,0
2025-08,쇼핑검색,02.커튼여_MO@naver_shoppingsearch,1.A02_전동레일_MO@cpc_curtainset,0,10,0,0,0,0,0,0
2025-08,쇼핑검색,02.커튼여_MO@naver_shoppingsearch,1.A02_커튼_MO@cpc_curtainset_h-s,74767,38606,86,1,248900,3.329008787,0.00222763301,0.01162790698
2025-08,쇼핑검색,02.커튼여_MO@naver_shoppingsearch,1.B01_전동커튼_MO@cpc_curtainset,2123,88,1,0,0,0,0.01136363636,0
2025-08,쇼핑검색,02.커튼여_MO@naver_shoppingsearch,1.B07_자동커튼_MO@cpc_curtainset,0,2,0,0,0,0,0,0
2025-08,쇼핑검색,02.커튼여_MO@naver_shoppingsearch,2.B01_우드블라인드_MO@cpc_bw15,110,36,1,0,0,0,0.02777777778,0
2025-08,쇼핑검색,02.커튼여_MO@naver_shoppingsearch,2.B02_블라인드_MO@cpc_bm23,2442,226,3,0,0,0,0.01327433628,0
2025-08,쇼핑검색,02.커튼여_PC@naver_shoppingsearch,1.A01_전동커튼_PC@cpc_curtainset,0,5,0,0,0,0,0,0
2025-08,쇼핑검색,02.커튼여_PC@naver_shoppingsearch,1.A01_커튼_PC@cpc_curtainset_h-s,8910,951,10,0,0,0,0.01051524711,0
2025-08,쇼핑검색,02.커튼여_PC@naver_shoppingsearch,1.A02_전동레일_PC@cpc_curtainset,0,1,0,0,0,0,0,0
2025-08,쇼핑검색,02.커튼여_PC@naver_shoppingsearch,2.B01_우드블라인드PC@cpc_bw15,0,2,0,0,0,0,0,0
2025-08,쇼핑검색,02.커튼여_PC@naver_shoppingsearch,2.B02_블라인드PC@cpc_bm23,1584,114,1,0,0,0,0.008771929825,0
2025-08,쇼핑검색,03.조명_MO@naver_shoppingsearch,03-1.라인LED_MO@cpc_ls06_h,171754,83308,129,8,285600,1.662843369,0.001548470735,0.06201550388
2025-08,쇼핑검색,03.조명_MO@naver_shoppingsearch,03-1.라인LED_MO@cpc_ls06_h-s,1419,209,1,0,0,0,0.004784688995,0
2025-08,쇼핑검색,03.조명_MO@naver_shoppingsearch,03-2.전구_MO@cpc_lb03_h-s,166474,24924,176,10,618400,3.714694186,0.007061466859,0.05681818182
2025-08,쇼핑검색,03.조명_MO@naver_shoppingsearch,03-2.전구_MO@cpc_lb03r_h,276969,23092,246,36,355100,1.282092942,0.01065304001,0.1463414634
2025-08,쇼핑검색,03.조명_MO@naver_shoppingsearch,03-3.무드등_MO@cpc_md08_h,63294,17360,82,5,170400,2.692198313,0.004723502304,0.06097560976
2025-08,쇼핑검색,03.조명_MO@naver_shoppingsearch,03-3.무드등_MO@cpc_md08_h-s,759,203,1,0,0,0,0.004926108374,0
2025-08,쇼핑검색,03.조명_MO@naver_shoppingsearch,03-4.스타라이트_MO@cpc_sl24_h,49555,9085,63,2,99800,2.013923923,0.00693450743,0.03174603175
2025-08,쇼핑검색,03.조명_MO@naver_shoppingsearch,03-4.스타라이트_MO@cpc_sl24_h-s,7194,1814,14,0,0,0,0.007717750827,0
2025-08,쇼핑검색,03.조명_MO@naver_shoppingsearch,03-5.싱크라이트_MO@cpc_sy27_h,28171,6939,31,0,0,0,0.004467502522,0
2025-08,쇼핑검색,03.조명_MO@naver_shoppingsearch,03-5.싱크라이트_MO@cpc_sy27_h-s,7667,2427,12,1,51800,6.75622799,0.004944375773,0.08333333333
2025-08,쇼핑검색,03.조명_PC@naver_shoppingsearch,03-1.라인LED_PC@cpc_ls06_h,37499,25671,40,3,162500,4.333448892,0.001558178489,0.075
2025-08,쇼핑검색,03.조명_PC@naver_shoppingsearch,03-1.라인LED_PC@cpc_ls06_h-s,0,15,0,0,0,0,0,0
2025-08,쇼핑검색,03.조명_PC@naver_shoppingsearch,03-2.전구_PC@cpc_lb03_h,121737,11325,97,2,43800,0.3597920106,0.008565121413,0.0206185567
2025-08,쇼핑검색,03.조명_PC@naver_shoppingsearch,03-2.전구_PC@cpc_lb03r_h-s,31680,6764,43,0,0,0,0.006357185098,0
2025-08,쇼핑검색,03.조명_PC@naver_shoppingsearch,03-3.무드등_PC@cpc_md08_h,9097,7343,12,0,0,0,0.001634209451,0
2025-08,쇼핑검색,03.조명_PC@naver_shoppingsearch,03-3.무드등_PC@cpc_md08_h-s,715,30,1,0,0,0,0.03333333333,0
2025-08,쇼핑검색,03.조명_PC@naver_shoppingsearch,03-4.스타라이트_PC@cpc_sl24_h,880,1404,2,0,0,0,0.001424501425,0
2025-08,쇼핑검색,03.조명_PC@naver_shoppingsearch,03-4.스타라이트_PC@cpc_sl24_h-s,1122,822,2,0,0,0,0.002433090024,0
2025-08,쇼핑검색,03.조명_PC@naver_shoppingsearch,03-5.싱크라이트_PC@cpc_sy27_h,10384,2602,16,24,100800,9.707241911,0.006149116065,1.5
2025-08,쇼핑검색,03.조명_PC@naver_shoppingsearch,03-5.싱크라이트_PC@cpc_sy27_h-s,4301,2624,8,2,89800,20.87886538,0.003048780488,0.25
2025-08,쇼핑검색,04.센서_MO@naver_shoppingsearch,04-1.스마트온습도계_MO@cpc_th14_h,400609,19399,309,45,640550,1.598940613,0.01592865612,0.145631068
2025-08,쇼핑검색,04.센서_MO@naver_shoppingsearch,04-1.스마트온습도계_MO@cpc_th14_h-s,55286,2615,76,7,304980,5.5164056,0.02906309751,0.09210526316
2025-08,쇼핑검색,04.센서_MO@naver_shoppingsearch,04-2.온습도센서_MO@cpc_th02_h,1155,332,1,0,0,0,0.003012048193,0
2025-08,쇼핑검색,04.센서_MO@naver_shoppingsearch,04-2.온습도센서_MO@cpc_th02_h-s,0,102,0,0,0,0,0,0
2025-08,쇼핑검색,04.센서_MO@naver_shoppingsearch,04-4.도어센서_MO@cpc_do02_h,15917,3816,67,14,148390,9.322736697,0.01755765199,0.2089552239
2025-08,쇼핑검색,04.센서_MO@naver_shoppingsearch,04-4.도어센서_MO@cpc_do02_h-s,0,21,0,0,0,0,0,0
2025-08,쇼핑검색,04.센서_MO@naver_shoppingsearch,04-5.모션센서_MO@cpc_mo02_h,47399,3574,77,11,0,0,0.02154448797,0.1428571429
2025-08,쇼핑검색,04.센서_MO@naver_shoppingsearch,04-5.모션센서_MO@cpc_mo02_h-s,0,13,0,0,0,0,0,0
2025-08,쇼핑검색,04.센서_MO@naver_shoppingsearch,04-6.스마트사이렌_MO@cpc_sa14_h,0,65,0,0,0,0,0,0
2025-08,쇼핑검색,04.센서_MO@naver_shoppingsearch,04-7.화재감지센서_MO@cpc_ss26_h,0,10,0,0,0,0,0,0
2025-08,쇼핑검색,04.센서_MO@naver_shoppingsearch,04-7.화재감지센서_MO@cpc_ss26_h-s,0,9,0,0,0,0,0,0
2025-08,쇼핑검색,04.센서_MO@naver_shoppingsearch,04-8.가스감지센서_MO@cpc_gs26_h,495,360,1,0,0,0,0.002777777778,0
2025-08,쇼핑검색,04.센서_MO@naver_shoppingsearch,04-8.가스감지센서_MO@cpc_gs26_h-s,0,11,0,0,0,0,0,0
2025-08,쇼핑검색,04.센서_PC@naver_shoppingsearch,04-1.스마트온습도계_PC@cpc_th14_h,58938,5541,79,8,403570,6.847365028,0.01425735427,0.1012658228
2025-08,쇼핑검색,04.센서_PC@naver_shoppingsearch,04-1.스마트온습도계_PC@cpc_th14_h-s,0,63,0,0,0,0,0,0
2025-08,쇼핑검색,04.센서_PC@naver_shoppingsearch,04-2.온습도센서_PC@cpc_th02_h,66165,6518,74,4,87600,1.32396282,0.01135317582,0.05405405405
2025-08,쇼핑검색,04.센서_PC@naver_shoppingsearch,04-2.온습도센서_PC@cpc_th02_h-s,187,17,1,0,0,0,0.05882352941,0
2025-08,쇼핑검색,04.센서_PC@naver_shoppingsearch,04-4.도어센서_PC@cpc_do02_h,57805,5453,81,19,295790,5.117031399,0.01485420869,0.2345679012
2025-08,쇼핑검색,04.센서_PC@naver_shoppingsearch,04-4.도어센서_PC@cpc_do02_h-s,0,9,0,0,0,0,0,0
2025-08,쇼핑검색,04.센서_PC@naver_shoppingsearch,04-5.모션센서_PC@cpc_mo02_h,71082,3197,68,3,0,0,0.02126994057,0.04411764706
2025-08,쇼핑검색,04.센서_PC@naver_shoppingsearch,04-5.모션센서_PC@cpc_mo02_h-s,0,8,0,0,0,0,0,0
2025-08,쇼핑검색,04.센서_PC@naver_shoppingsearch,04-6.스마트사이렌_MO@cpc_sa14_h,6930,1892,20,0,0,0,0.01057082452,0
2025-08,쇼핑검색,04.센서_PC@naver_shoppingsearch,04-7.화재감지센서_PC@cpc_ss26_h,0,4,0,0,0,0,0,0
2025-08,쇼핑검색,04.센서_PC@naver_shoppingsearch,04-7.화재감지센서_PC@cpc_ss26_h-s,0,29,0,0,0,0,0,0
2025-08,쇼핑검색,04.센서_PC@naver_shoppingsearch,04-8.가스감지센서_PC@cpc_gs26_h,0,20,0,0,0,0,0,0
2025-08,쇼핑검색,05.전원_MO@naver_shoppingsearch,05-3.플러그_MO@cpc_ep1_h-s,157388,25432,158,7,215200,1.367321524,0.006212645486,0.04430379747
2025-08,쇼핑검색,05.전원_MO@naver_shoppingsearch,05-3.플러그_MO@cpc_ep2_h,238194,16867,224,30,2050400,8.608109356,0.01328036995,0.1339285714
2025-08,쇼핑검색,05.전원_MO@naver_shoppingsearch,05-3.플러그_MO@cpc_ep3_h-s,683276,39513,789,85,3079970,4.507651374,0.01996811176,0.1077313054
2025-08,쇼핑검색,05.전원_MO@naver_shoppingsearch,05-4.멀티탭_MO@cpc_ps03_h,24288,1220,24,4,611900,25.1935112,0.01967213115,0.1666666667
2025-08,쇼핑검색,05.전원_MO@naver_shoppingsearch,05-4.멀티탭_MO@cpc_ps03_h-s,51557,38873,89,2,90700,1.759217953,0.002289506856,0.02247191011
2025-08,쇼핑검색,05.전원_MO@naver_shoppingsearch,05-4.푸시봇_MO@cpc_fb42_h,720478,28419,630,24,846600,1.175053229,0.02216826771,0.0380952381
2025-08,쇼핑검색,05.전원_MO@naver_shoppingsearch,05-4.푸시봇_MO@cpc_fb42_h-s,11154,1305,8,0,0,0,0.006130268199,0
2025-08,쇼핑검색,05.전원_PC@naver_shoppingsearch,05-3.플러그_PC@cpc_ep1_h-s,0,21,0,0,0,0,0,0
2025-08,쇼핑검색,05.전원_PC@naver_shoppingsearch,05-3.플러그_PC@cpc_ep2_h,39886,6610,48,5,125600,3.148974578,0.00726172466,0.1041666667
2025-08,쇼핑검색,05.전원_PC@naver_shoppingsearch,05-3.플러그_PC@cpc_ep3_h-s,22308,555,29,2,60600,2.716514255,0.05225225225,0.06896551724
2025-08,쇼핑검색,05.전원_PC@naver_shoppingsearch,05-4.멀티탭_PC@cpc_ps03_h,1947,644,3,0,0,0,0.004658385093,0
2025-08,쇼핑검색,05.전원_PC@naver_shoppingsearch,05-4.멀티탭_PC@cpc_ps03_h-s,0,13,0,0,0,0,0,0
2025-08,쇼핑검색,05.전원_PC@naver_shoppingsearch,05-4.푸시봇_PC@cpc_fb42_h,224774,19698,230,57,493600,2.195983521,0.01167631232,0.247826087
2025-08,쇼핑검색,05.전원_PC@naver_shoppingsearch,05-4.푸시봇_PC@cpc_fb42_h-s,4730,253,4,0,0,0,0.01581027668,0
2025-08,쇼핑검색,07.반려_MO@naver_shoppingsearch,1.B01_스마트급식기_MO@cpc_petcare,144639,19437,106,6,272200,1.881926728,0.005453516489,0.05660377358
2025-08,쇼핑검색,07.반려_MO@naver_shoppingsearch,1.B02_강아지급식기_MO@cpc_petcare,87934,13335,46,3,134600,1.530693475,0.003449568804,0.0652173913
2025-08,쇼핑검색,07.반려_MO@naver_shoppingsearch,1.B03_고양이급식기_MO@cpc_petcare,71929,14567,42,5,305800,4.251414589,0.002883229217,0.119047619
2025-08,쇼핑검색,07.반려_MO@naver_shoppingsearch,1.B04_펫급식기_MO@cpc_petcare,10153,7175,7,0,0,0,0.0009756097561,0
2025-08,쇼핑검색,07.반려_MO@naver_shoppingsearch,1.B05_자동급식기_MO@cpc_petcare,18040,5144,12,0,0,0,0.00233281493,0
2025-08,쇼핑검색,07.반려_MO@naver_shoppingsearch,2.B01_펫정수기_MO@cpc_pw30,58344,2282,56,1,39900,0.6838749486,0.0245398773,0.01785714286
2025-08,쇼핑검색,07.반려_MO@naver_shoppingsearch,3.B01_고양이장난감_MO@cpc_pt40,142967,49039,162,28,435300,3.044758581,0.003303493138,0.1728395062
2025-08,쇼핑검색,07.반려_MO@naver_shoppingsearch,3.B01_고양이장난감_MO@cpc_pt40_h-s,80916,10284,112,13,420410,5.195634979,0.01089070401,0.1160714286
2025-08,쇼핑검색,07.반려_MO@naver_shoppingsearch,★07-1.자동급식기_MO@cpc_petcare,1661,2652,1,0,0,0,0.0003770739065,0
2025-08,쇼핑검색,07.반려_MO@naver_shoppingsearch,★07-1.펫급식기_MO@cpc_petcare,4884,297,3,0,0,0,0.0101010101,0
2025-08,쇼핑검색,07.반려_MO@naver_shoppingsearch,★07-2.펫정수기_MO@cpc_pw30_h,13156,908,15,0,0,0,0.01651982379,0
2025-08,쇼핑검색,07.반려_MO@naver_shoppingsearch,★07-2.펫정수기_MO@cpc_pw30_h-s,103191,6656,120,4,329330,3.191460496,0.01802884615,0.03333333333
2025-08,쇼핑검색,07.반려_PC@naver_shoppingsearch,1.B01_스마트급식기_PC@cpc_petcare,2244,16729,5,0,0,0,0.0002988821806,0
2025-08,쇼핑검색,07.반려_PC@naver_shoppingsearch,1.B02_강아지급식기_PC@cpc_petcare,16841,17657,11,4,0,0,0.0006229823866,0.3636363636
2025-08,쇼핑검색,07.반려_PC@naver_shoppingsearch,1.B03_고양이급식기_PC@cpc_petcare,24222,7190,14,0,0,0,0.001947148818,0
2025-08,쇼핑검색,07.반려_PC@naver_shoppingsearch,1.B04_펫급식기_PC@cpc_petcare,17347,2908,12,2,0,0,0.004126547455,0.1666666667
2025-08,쇼핑검색,07.반려_PC@naver_shoppingsearch,1.B05_자동급식기_PC@cpc_petcare,0,2,0,0,0,0,0,0
2025-08,쇼핑검색,07.반려_PC@naver_shoppingsearch,2.B01_펫정수기_PC@cpc_pw30,19360,726,15,3,39900,2.060950413,0.02066115702,0.2
2025-08,쇼핑검색,07.반려_PC@naver_shoppingsearch,3.B01_고양이장난감_PC@cpc_pt40,20724,16654,28,2,72800,3.51283536,0.001681277771,0.07142857143
2025-08,쇼핑검색,07.반려_PC@naver_shoppingsearch,3.B01_고양이장난감_PC@cpc_pt40_h-s,19404,8185,29,4,130810,6.741393527,0.003543066585,0.1379310345
2025-08,쇼핑검색,07.반려_PC@naver_shoppingsearch,★07-1.펫급식기_PC@cpc_petcare,0,15,0,0,0,0,0,0
2025-08,쇼핑검색,07.반려_PC@naver_shoppingsearch,★07-2.펫정수기_PC@cpc_pw30_h,1672,350,2,0,0,0,0.005714285714,0
2025-08,쇼핑검색,07.반려_PC@naver_shoppingsearch,★07-2.펫정수기_PC@cpc_pw30_h-s,17435,1325,22,2,71500,4.100946372,0.01660377358,0.09090909091
2025-08,쇼핑검색,08.리빙_MO@naver_shoppingsearch,08-2.리모컨허브_MO@cpc_ir441_h,5929,1333,6,3,109700,18.50227694,0.004501125281,0.5
2025-08,쇼핑검색,08.리빙_MO@naver_shoppingsearch,08-2.리모컨허브_MO@cpc_ir441_h-s,15862,2342,19,2,59700,3.763712016,0.008112724167,0.1052631579
2025-08,쇼핑검색,08.리빙_PC@naver_shoppingsearch,08-2.리모컨허브_PC@cpc_ir441_h,1892,290,2,0,0,0,0.006896551724,0
2025-08,쇼핑검색,08.리빙_PC@naver_shoppingsearch,08-2.리모컨허브_PC@cpc_ir441_h-s,0,3,0,0,0,0,0,0
2025-08,쇼핑검색,음처기_MO@naver_shoppingsearch,음식물쓰레기MO@cpc_fd471_h,97911,11319,25,0,0,0,0.002208675678,0
2025-08,쇼핑검색,음처기_MO@naver_shoppingsearch,음식물처리기_MO@cpc_fd471_h-s,5616314,867351,2561,21,6606040,1.176223409,0.002952668528,0.008199921906
2025-08,쇼핑검색,음처기_MO@naver_shoppingsearch,음식물처리기분쇄_MO@cpc_fd471_h-s,590909,109619,212,2,844590,1.429306374,0.001933971301,0.009433962264
2025-08,쇼핑검색,음처기_MO@naver_shoppingsearch,음식물처리기분쇄기_MO@cpc_fd471_h-s,3313783,169970,883,17,6192470,1.868701119,0.005195034418,0.01925254813
2025-08,쇼핑검색,음처기_MO@naver_shoppingsearch,음식쓰레기처리기MO@cpc_fd471_h,84029,7357,21,0,0,0,0.002854424358,0
2025-08,쇼핑검색,음처기_PC@naver_shoppingsearch,음식물쓰레기PC@cpc_fd471_h,980650,373818,310,11,1852200,1.888747259,0.000829280559,0.03548387097
2025-08,쇼핑검색,음처기_PC@naver_shoppingsearch,음식물처리기_PC@cpc_fd471_h-s,853743,402379,516,7,2597880,3.042929781,0.001282373086,0.01356589147
2025-08,쇼핑검색,음처기_PC@naver_shoppingsearch,음식물처리기분쇄_PC@cpc_fd471_h-s,243705,205245,209,0,0,0,0.001018295208,0
2025-08,쇼핑검색,음처기_PC@naver_shoppingsearch,음식물처리기분쇄기_PC@cpc_fd471_h-s,74734,87050,82,2,733100,9.809457543,0.0009419873636,0.0243902439
2025-08,쇼핑검색,음처기_PC@naver_shoppingsearch,음식쓰레기처리기PC@cpc_fd471_h,136433,23786,38,1,392580,2.877456334,0.001597578407,0.02631578947
2025-08,쇼핑검색,음처기공식몰MO@naver_shoppingsearch,1위음식물분쇄기MO@cpc_fd471_h,113058,61423,35,0,0,0,0.0005698191231,0
2025-08,쇼핑검색,음처기공식몰MO@naver_shoppingsearch,음식물쓰레기MO@cpc_fd471_h,126599,12448,34,1,339000,2.67774627,0.002731362468,0.02941176471
2025-08,쇼핑검색,음처기공식몰MO@naver_shoppingsearch,음식물처리기MO@cpc_fd471_h,6307961,1346024,1490,64,8279390,1.312530309,0.001106963917,0.04295302013
2025-08,쇼핑검색,음처기공식몰MO@naver_shoppingsearch,음식물처리기분쇄MO@cpc_fd471_h,12659405,890841,2773,57,8166100,0.6450619125,0.003112788926,0.02055535521
2025-08,쇼핑검색,음처기공식몰MO@naver_shoppingsearch,음식쓰레기처리기MO@cpc_fd471_h,378301,22953,96,3,374310,0.9894501997,0.004182459809,0.03125
2025-08,쇼핑검색,음처기공식몰PC@naver_shoppingsearch,음식물분쇄기PC@cpc_fd471_h,95964,212839,78,1,0,0,0.0003664741894,0.01282051282
2025-08,쇼핑검색,음처기공식몰PC@naver_shoppingsearch,음식물쓰레기PC@cpc_fd471_h,71456,110783,34,0,0,0,0.0003069062943,0
2025-08,쇼핑검색,음처기공식몰PC@naver_shoppingsearch,음식물처리기PC@cpc_fd471_h,882552,385678,279,13,2224680,2.520735322,0.0007234013866,0.04659498208
2025-08,쇼핑검색,음처기공식몰PC@naver_shoppingsearch,음식물처리기분쇄PC@cpc_fd471_h,60313,416793,82,0,0,0,0.0001967403483,0
2025-08,쇼핑검색,음처기공식몰PC@naver_shoppingsearch,음식쓰레기처리기PC@cpc_fd471_h,25872,194653,43,0,0,0,0.0002209059198,0
2025-08,파워링크,00.브랜드_MO@naver_powerlink,00-1.자사명_MO@cpc_hejhome_h,1537943,58274,1648,606,10292310,6.692257125,0.02828019357,0.3677184466
2025-08,파워링크,00.브랜드_MO@naver_powerlink,00-2.경쟁사_MO@cpc_hejhome_h,6655,7565,46,22,215200,32.33658903,0.006080634501,0.4782608696
2025-08,파워링크,00.브랜드_PC@naver_powerlink,00-1.자사명_PC@cpc_hejhome_h,294151,15547,663,321,7158270,24.33535837,0.04264488326,0.4841628959
2025-08,파워링크,01.홈카메라_메인_MO@naver_powerlink,01-1.홈CCTV_MO@cpc_mc0511_h,433840,22656,275,42,435600,1.004056795,0.01213806497,0.1527272727
2025-08,파워링크,01.홈카메라_메인_MO@naver_powerlink,01-1.홈카메라_MO@cpc_mc0511_h,641476,13808,454,134,2155210,3.359767162,0.03287949015,0.295154185
2025-08,파워링크,01.홈카메라_메인_MO@naver_powerlink,01-1.홈캠_MO@cpc_MC0511_h-s(삭제),0,23,0,0,0,0,0,0
2025-08,파워링크,01.홈카메라_메인_MO@naver_powerlink,01-1.홈캠_MO@cpc_mc0511_h,695310,15317,392,36,1327610,1.909378551,0.02559247894,0.09183673469
2025-08,파워링크,01.홈카메라_메인_PC@naver_powerlink,01-1.홈CCTV_PC@cpc_mc0511_h,17127,5370,20,0,0,0,0.003724394786,0
2025-08,파워링크,01.홈카메라_메인_PC@naver_powerlink,01-1.홈카메라_PC@cpc_mc0511_h,15796,1311,13,0,0,0,0.009916094584,0
2025-08,파워링크,01.홈카메라_메인_PC@naver_powerlink,01-1.홈캠_PC@cpc_mc0511_h,24629,1700,23,0,0,0,0.01352941176,0
2025-08,파워링크,01.홈카메라_쿠팡_MO@naver_powerlink,01-1 쿠팡+전환_1_MO@cpc_MC0511_h,3638657,257113,2369,412,10852170,2.982465783,0.009213847608,0.1739130435
2025-08,파워링크,01.홈카메라_쿠팡_MO@naver_powerlink,01-1 쿠팡+전환_2_MO@cpc_MC0511_h,459129,60665,626,58,786400,1.712808383,0.01031896481,0.09265175719
2025-08,파워링크,01.홈카메라_쿠팡_MO@naver_powerlink,01-1 쿠팡+전환_3_MO@cpc_MC0511_h,142593,20468,122,19,659700,4.626454314,0.005960523744,0.1557377049
2025-08,파워링크,01.홈카메라_쿠팡_PC@naver_powerlink, 01-1 쿠팡+전환_1_PC@cpc_MC0511_h,1254847,83004,865,91,2948800,2.349927919,0.01042118452,0.1052023121
2025-08,파워링크,01.홈카메라_쿠팡_PC@naver_powerlink,01-1 쿠팡+전환_2_PC@cpc_MC0511_h,36861,33619,67,7,727400,19.73359377,0.00199292067,0.1044776119
2025-08,파워링크,01.홈카메라_쿠팡_PC@naver_powerlink,01-1 쿠팡+전환_3_PC@cpc_MC0511_h,12507,11185,20,0,0,0,0.001788109075,0
2025-08,파워링크,01.홈카메라_확장_MO@naver_powerlink,01-2.홈CCTV+반려1_MO@cpc_MC0511_h,176,1252,2,0,0,0,0.001597444089,0
2025-08,파워링크,01.홈카메라_확장_MO@naver_powerlink,01-2.홈CCTV+반려2_MO@cpc_mc0511_h,77,32,1,0,0,0,0.03125,0
2025-08,파워링크,01.홈카메라_확장_MO@naver_powerlink,01-2.홈CCTV+반려3_MO@cpc_mc0511_h,35343,1116,31,1,69900,1.977760801,0.02777777778,0.03225806452
2025-08,파워링크,01.홈카메라_확장_MO@naver_powerlink,01-2.홈CCTV+반려4_MO@cpc_mc0511_h,49005,954,39,12,419800,8.566472809,0.04088050314,0.3076923077
2025-08,파워링크,01.홈카메라_확장_MO@naver_powerlink,01-2.홈CCTV+보안_1_MO@cpc_mc058_h,869,255,1,0,0,0,0.003921568627,0
2025-08,파워링크,01.홈카메라_확장_MO@naver_powerlink,01-2.홈CCTV+보안_2_MO@cpc_mc058_h,0,102,0,0,0,0,0,0
2025-08,파워링크,01.홈카메라_확장_MO@naver_powerlink,01-2.홈CCTV+보안_3_MO@cpc_mc058_h,77,47,1,0,0,0,0.02127659574,0
2025-08,파워링크,01.홈카메라_확장_MO@naver_powerlink,01-2.홈CCTV+보안_4_MO@cpc_mc058_h,0,101,0,0,0,0,0,0
2025-08,파워링크,01.홈카메라_확장_MO@naver_powerlink,01-2.홈CCTV+보안_5_MO@cpc_mc058_h,847,448,1,0,0,0,0.002232142857,0
2025-08,파워링크,01.홈카메라_확장_MO@naver_powerlink,01-2.홈CCTV+보안_6_MO@cpc_mc058_h,15961,589,15,0,0,0,0.02546689304,0
2025-08,파워링크,01.홈카메라_확장_MO@naver_powerlink,01-2.홈CCTV+보안_7_MO@cpc_mc058_h,4433,554,5,0,0,0,0.009025270758,0
2025-08,파워링크,01.홈카메라_확장_MO@naver_powerlink,01-2.홈CCTV+보안_8_MO@cpc_mc058_h,5181,427,6,0,0,0,0.01405152225,0
2025-08,파워링크,01.홈카메라_확장_MO@naver_powerlink,01-2.홈CCTV+어른_1_MO@cpc_mc058_h,6226,222,10,0,0,0,0.04504504505,0
2025-08,파워링크,01.홈카메라_확장_MO@naver_powerlink,01-2.홈CCTV+어른_2_MO@cpc_mc058_h,4631,140,6,0,0,0,0.04285714286,0
2025-08,파워링크,01.홈카메라_확장_MO@naver_powerlink,01-2.홈CCTV+어른_3_MO@cpc_mc058_h,2970,125,12,0,0,0,0.096,0
2025-08,파워링크,01.홈카메라_확장_MO@naver_powerlink,01-2.홈CCTV+육아_1_MO@cpc_mc058_h,0,47,0,0,0,0,0,0
2025-08,파워링크,01.홈카메라_확장_MO@naver_powerlink,01-2.홈CCTV+육아_2_MO@cpc_mc058_h,0,33,0,0,0,0,0,0
2025-08,파워링크,01.홈카메라_확장_MO@naver_powerlink,01-2.홈CCTV+육아_3_MO@cpc_mc058_h,0,37,0,0,0,0,0,0
2025-08,파워링크,01.홈카메라_확장_MO@naver_powerlink,01-2.홈CCTV+육아_4_MO@cpc_mc058_h,0,44,0,0,0,0,0,0
2025-08,파워링크,01.홈카메라_확장_MO@naver_powerlink,01-2.홈CCTV+육아_5_MO@cpc_mc058_h,583,190,1,0,0,0,0.005263157895,0
2025-08,파워링크,01.홈카메라_확장_MO@naver_powerlink,01-2.홈CCTV+육아_6_MO@cpc_mc058_h,726,61,2,0,0,0,0.03278688525,0
2025-08,파워링크,01.홈카메라_확장_MO@naver_powerlink,01-2.홈CCTV+육아_7_MO@cpc_mc058_h,0,30,0,0,0,0,0,0
2025-08,파워링크,01.홈카메라_확장_MO@naver_powerlink,01-2.홈CCTV+육아_8_MO@cpc_mc058_h,0,69,0,0,0,0,0,0
2025-08,파워링크,01.홈카메라_확장_MO@naver_powerlink,01-2.홈카메라+반려_1_MO@cpc_mc058_h,38368,915,33,3,0,0,0.03606557377,0.09090909091
2025-08,파워링크,01.홈카메라_확장_MO@naver_powerlink,01-2.홈카메라+반려_2_MO@cpc_mc058_h,308,30,4,0,0,0,0.1333333333,0
2025-08,파워링크,01.홈카메라_확장_MO@naver_powerlink,01-2.홈카메라+보안_1_MO@cpc_mc058_h,2321,856,5,0,0,0,0.005841121495,0
2025-08,파워링크,01.홈카메라_확장_MO@naver_powerlink,01-2.홈카메라+보안_2_MO@cpc_mc058_h,6446,386,6,0,0,0,0.01554404145,0
2025-08,파워링크,01.홈카메라_확장_MO@naver_powerlink,01-2.홈카메라+보안_3_MO@cpc_mc058_h,0,119,0,0,0,0,0,0
2025-08,파워링크,01.홈카메라_확장_MO@naver_powerlink,01-2.홈카메라+어른_MO@cpc_mc058_h,319,166,4,0,0,0,0.02409638554,0
2025-08,파워링크,01.홈카메라_확장_MO@naver_powerlink,01-2.홈카메라+육아_1_MO@cpc_mc058_h,363,110,1,0,0,0,0.009090909091,0
2025-08,파워링크,01.홈카메라_확장_MO@naver_powerlink,01-2.홈카메라+육아_2_MO@cpc_mc058_h,12980,1328,21,12,311800,24.02157165,0.01581325301,0.5714285714
2025-08,파워링크,01.홈카메라_확장_MO@naver_powerlink,01-2.홈캠+반려_MO@cpc_mc058_h,183876,3616,130,31,382300,2.079118536,0.03595132743,0.2384615385
2025-08,파워링크,01.홈카메라_확장_MO@naver_powerlink,01-2.홈캠+보안_1_MO@cpc_mc058_h,1023,435,4,0,0,0,0.009195402299,0
2025-08,파워링크,01.홈카메라_확장_MO@naver_powerlink,01-2.홈캠+보안_2_MO@cpc_mc058_h,979,280,2,0,0,0,0.007142857143,0
2025-08,파워링크,01.홈카메라_확장_MO@naver_powerlink,01-2.홈캠+어른_MO@cpc_mc058_h,8415,668,26,7,0,0,0.03892215569,0.2692307692
2025-08,파워링크,01.홈카메라_확장_MO@naver_powerlink,01-2.홈캠+육아_1_MO@cpc_mc058_h,7942,1948,17,9,0,0,0.008726899384,0.5294117647
2025-08,파워링크,01.홈카메라_확장_MO@naver_powerlink,01-2.홈캠+육아_2_MO@cpc_mc058_h,39402,4430,43,7,59900,1.5202274,0.009706546275,0.1627906977
2025-08,파워링크,01.홈카메라_확장_MO@naver_powerlink,01-3.홈CCTV+대학생_MO@cpc_mc058_h,0,3,0,0,0,0,0,0
2025-08,파워링크,01.홈카메라_확장_MO@naver_powerlink,01-3.홈CCTV+신혼부부_MO@cpc_mc058_h,0,21,0,0,0,0,0,0
2025-08,파워링크,01.홈카메라_확장_MO@naver_powerlink,01-3.홈CCTV+임산부_MO@cpc_mc058_h,0,16,0,0,0,0,0,0
2025-08,파워링크,01.홈카메라_확장_MO@naver_powerlink,01-3.홈CCTV+자영업자_MO@cpc_mc058_h,0,154,0,0,0,0,0,0
2025-08,파워링크,01.홈카메라_확장_MO@naver_powerlink,01-3.홈CCTV+자취생_MO@cpc_mc058_h,0,29,0,0,0,0,0,0
2025-08,파워링크,01.홈카메라_확장_MO@naver_powerlink,01-3.홈카메라+대학생_MO@cpc_mc058_h,0,31,0,0,0,0,0,0
2025-08,파워링크,01.홈카메라_확장_MO@naver_powerlink,01-3.홈카메라+신혼부부_MO@cpc_mc058_h,0,17,0,0,0,0,0,0
2025-08,파워링크,01.홈카메라_확장_MO@naver_powerlink,01-3.홈카메라+임산부_MO@cpc_mc058_h,0,14,0,0,0,0,0,0
2025-08,파워링크,01.홈카메라_확장_MO@naver_powerlink,01-3.홈카메라+자영업자_MO@cpc_mc058_h,0,56,0,0,0,0,0,0
2025-08,파워링크,01.홈카메라_확장_MO@naver_powerlink,01-3.홈카메라+자취생_MO@cpc_mc058_h,154,103,2,0,0,0,0.01941747573,0
2025-08,파워링크,01.홈카메라_확장_MO@naver_powerlink,01-3.홈캠+대학생_MO@cpc_mc058_h,0,14,0,0,0,0,0,0
2025-08,파워링크,01.홈카메라_확장_MO@naver_powerlink,01-3.홈캠+신혼부부_MO@cpc_mc058_h,0,36,0,0,0,0,0,0
2025-08,파워링크,01.홈카메라_확장_MO@naver_powerlink,01-3.홈캠+임산부_MO@cpc_mc058_h,0,79,0,0,0,0,0,0
2025-08,파워링크,01.홈카메라_확장_MO@naver_powerlink,01-3.홈캠+자영업자_MO@cpc_mc058_h,462,43,1,0,0,0,0.02325581395,0
2025-08,파워링크,01.홈카메라_확장_MO@naver_powerlink,01-3.홈캠+자취생_MO@cpc_mc058_h,550,14,1,0,0,0,0.07142857143,0
2025-08,파워링크,01.홈카메라_확장_PC@naver_powerlink,01-2.홈CCTV+반려1_PC@cpc_MC0511_h,0,3,0,0,0,0,0,0
2025-08,파워링크,01.홈카메라_확장_PC@naver_powerlink,01-2.홈CCTV+반려3_PC@cpc_mc0511_h,7436,254,6,0,0,0,0.02362204724,0
2025-08,파워링크,01.홈카메라_확장_PC@naver_powerlink,01-2.홈CCTV+반려4_PC@cpc_mc0511_h,6798,230,8,0,0,0,0.0347826087,0
2025-08,파워링크,01.홈카메라_확장_PC@naver_powerlink,01-2.홈CCTV+보안1_PC@cpc_mc0511_h,770,58,1,0,0,0,0.01724137931,0
2025-08,파워링크,01.홈카메라_확장_PC@naver_powerlink,01-2.홈CCTV+보안2_PC@cpc_mc0511_h,0,2,0,0,0,0,0,0
2025-08,파워링크,01.홈카메라_확장_PC@naver_powerlink,01-2.홈CCTV+보안4_PC@cpc_mc0511_h,0,4,0,0,0,0,0,0
2025-08,파워링크,01.홈카메라_확장_PC@naver_powerlink,01-2.홈CCTV+보안5_PC@cpc_mc0511_h,715,98,1,0,0,0,0.01020408163,0
2025-08,파워링크,01.홈카메라_확장_PC@naver_powerlink,01-2.홈CCTV+보안6_PC@cpc_mc0511_h,4345,149,7,0,0,0,0.04697986577,0
2025-08,파워링크,01.홈카메라_확장_PC@naver_powerlink,01-2.홈CCTV+보안7_PC@cpc_mc0511_h,2244,212,3,0,0,0,0.0141509434,0
2025-08,파워링크,01.홈카메라_확장_PC@naver_powerlink,01-2.홈CCTV+보안8_PC@cpc_mc0511_h,0,199,0,0,0,0,0,0
2025-08,파워링크,01.홈카메라_확장_PC@naver_powerlink,01-2.홈CCTV+어른1_PC@cpc_mc0511_h,2343,97,3,0,0,0,0.03092783505,0
2025-08,파워링크,01.홈카메라_확장_PC@naver_powerlink,01-2.홈CCTV+어른2_PC@cpc_mc0511_h,1826,32,2,0,0,0,0.0625,0
2025-08,파워링크,01.홈카메라_확장_PC@naver_powerlink,01-2.홈CCTV+어른3_PC@cpc_mc0511_h,1100,57,1,0,0,0,0.01754385965,0
2025-08,파워링크,01.홈카메라_확장_PC@naver_powerlink,01-2.홈CCTV+육아1_PC@cpc_mc0511_h,0,1,0,0,0,0,0,0
2025-08,파워링크,01.홈카메라_확장_PC@naver_powerlink,01-2.홈CCTV+육아4_PC@cpc_mc0511_h,77,0,1,0,0,0,inf,0
2025-08,파워링크,01.홈카메라_확장_PC@naver_powerlink,01-2.홈CCTV+육아5_PC@cpc_mc0511_h,0,53,0,0,0,0,0,0
2025-08,파워링크,01.홈카메라_확장_PC@naver_powerlink,01-2.홈CCTV+육아6_PC@cpc_mc0511_h,0,5,0,0,0,0,0,0
2025-08,파워링크,01.홈카메라_확장_PC@naver_powerlink,01-2.홈CCTV+육아7_PC@cpc_mc0511_h,0,1,0,0,0,0,0,0
2025-08,파워링크,01.홈카메라_확장_PC@naver_powerlink,01-2.홈CCTV+육아8_PC@cpc_mc0511_h,495,13,1,0,0,0,0.07692307692,0
2025-08,파워링크,01.홈카메라_확장_PC@naver_powerlink,01-2.홈카메라+반려1_PC@cpc_mc0511_h,10340,228,8,0,0,0,0.0350877193,0
2025-08,파워링크,01.홈카메라_확장_PC@naver_powerlink,01-2.홈카메라+반려2_PC@cpc_mc0511_h,0,3,0,0,0,0,0,0
2025-08,파워링크,01.홈카메라_확장_PC@naver_powerlink,01-2.홈카메라+보안1_PC@cpc_mc0511_h,0,172,0,0,0,0,0,0
2025-08,파워링크,01.홈카메라_확장_PC@naver_powerlink,01-2.홈카메라+보안2_PC@cpc_mc0511_h,0,119,0,0,0,0,0,0
2025-08,파워링크,01.홈카메라_확장_PC@naver_powerlink,01-2.홈카메라+보안3_PC@cpc_mc0511_h,0,9,0,0,0,0,0,0
2025-08,파워링크,01.홈카메라_확장_PC@naver_powerlink,01-2.홈카메라+어른PC@cpc_mc0511_h,77,35,1,0,0,0,0.02857142857,0
2025-08,파워링크,01.홈카메라_확장_PC@naver_powerlink,01-2.홈카메라+육아_1_PC@cpc_mc058_h,0,3,0,0,0,0,0,0
2025-08,파워링크,01.홈카메라_확장_PC@naver_powerlink,01-2.홈카메라+육아_2_PC@cpc_mc058_h,0,270,0,0,0,0,0,0
2025-08,파워링크,01.홈카메라_확장_PC@naver_powerlink,01-2.홈캠+반려_PC@cpc_mc058_h,29953,1821,27,3,155100,5.178112376,0.01482701812,0.1111111111
2025-08,파워링크,01.홈카메라_확장_PC@naver_powerlink,01-2.홈캠+보안_1_PC@cpc_mc058_h,1419,77,3,0,0,0,0.03896103896,0
2025-08,파워링크,01.홈카메라_확장_PC@naver_powerlink,01-2.홈캠+보안_2_PC@cpc_mc058_h,286,82,1,0,0,0,0.01219512195,0
2025-08,파워링크,01.홈카메라_확장_PC@naver_powerlink,01-2.홈캠+어른_PC@cpc_mc058_h,792,164,5,3,77800,98.23232323,0.03048780488,0.6
2025-08,파워링크,01.홈카메라_확장_PC@naver_powerlink,01-2.홈캠+육아_1_PC@cpc_mc058_h,5445,1022,13,0,0,0,0.01272015656,0
2025-08,파워링크,01.홈카메라_확장_PC@naver_powerlink,01-2.홈캠+육아_2_PC@cpc_mc058_h,6171,926,14,0,0,0,0.0151187905,0
2025-08,파워링크,01.홈카메라_확장_PC@naver_powerlink,01-3.홈CCTV+자영업자_PC@cpc_mc058_h,0,4,0,0,0,0,0,0
2025-08,파워링크,01.홈카메라_확장_PC@naver_powerlink,01-3.홈CCTV+자취생_PC@cpc_mc058_h,0,5,0,0,0,0,0,0
2025-08,파워링크,01.홈카메라_확장_PC@naver_powerlink,01-3.홈카메라+대학생_PC@cpc_mc058_h,0,9,0,0,0,0,0,0
2025-08,파워링크,01.홈카메라_확장_PC@naver_powerlink,01-3.홈카메라+신혼부부_PC@cpc_mc058_h,0,1,0,0,0,0,0,0
2025-08,파워링크,01.홈카메라_확장_PC@naver_powerlink,01-3.홈카메라+자영업자_PC@cpc_mc058_h,0,7,0,0,0,0,0,0
2025-08,파워링크,01.홈카메라_확장_PC@naver_powerlink,01-3.홈카메라+자취생_PC@cpc_mc058_h,0,2,0,0,0,0,0,0
2025-08,파워링크,01.홈카메라_확장_PC@naver_powerlink,01-3.홈캠+자취생_PC@cpc_mc058_h,0,2,0,0,0,0,0,0
2025-08,파워링크,01.홈캠스스_MO@naver_powerlink,01-1.홈캠_MO@cpc_MC0511_h-s,270116,46818,255,6,700500,2.593330273,0.005446623094,0.02352941176
2025-08,파워링크,01.홈캠스스_PC@naver_powerlink,01-1.홈캠_MO@cpc_M_1756103192003(삭제),0,1,0,0,0,0,0,0
2025-08,파워링크,01.홈캠스스_PC@naver_powerlink,01-1.홈캠_PC@cpc_MC0511_h-s,14388,10413,27,3,311420,21.64442591,0.002592912705,0.1111111111
2025-08,파워링크,02.로봇청소기_메인_MO@naver_powerlink,02-1.로봇청소기_MO@cpc_rc41_h,1270654,56161,437,3,1356000,1.067166986,0.007781200477,0.006864988558
2025-08,파워링크,02.로봇청소기_메인_PC@naver_powerlink,02-1.로봇청소기_PC@cpc_rc41_h,409640,39708,172,1,0,0,0.004331620832,0.005813953488
2025-08,파워링크,03.반려_메인_MO@naver_powerlink,03-1.자동급식기_MO@cpc_petcare,228162,23742,206,1,149800,0.6565510471,0.008676606857,0.004854368932
2025-08,파워링크,03.반려_메인_MO@naver_powerlink,03-2.펫정수기_MO@cpc_pw30_h,532807,25478,558,78,2571400,4.826137795,0.02190124814,0.1397849462
2025-08,파워링크,03.반려_메인_MO@naver_powerlink,03-3.고양이 장난감_MO@cpc_pt40_h,374,132,5,1,32900,87.96791444,0.03787878788,0.2
2025-08,파워링크,03.반려_메인_PC@naver_powerlink,03-1.자동급식기_PC@cpc_petcare,2035,1994,4,0,0,0,0.002006018054,0
2025-08,파워링크,03.반려_메인_PC@naver_powerlink,03-2.펫정수기_PC@cpc_pw30_h,101739,9112,130,7,47800,0.4698296622,0.01426690079,0.05384615385
2025-08,파워링크,03.반려_메인_PC@naver_powerlink,03-3.고양이 장난감_PC@cpc_pt40_h,231,151,3,0,0,0,0.01986754967,0
2025-08,파워링크,03.반려_확장_MO@naver_powerlink,03-3.자동급식기+확장_1_MO@cpc_petcare,172513,9499,184,1,7900,0.04579365033,0.01937046005,0.005434782609
2025-08,파워링크,03.반려_확장_MO@naver_powerlink,03-3.자동급식기+확장_2_MO@cpc_petcare,231,59,3,0,0,0,0.05084745763,0
2025-08,파워링크,03.반려_확장_MO@naver_powerlink,03-3.자동급식기+확장_3_MO@cpc_petcare,77,51,1,0,0,0,0.01960784314,0
2025-08,파워링크,03.반려_확장_MO@naver_powerlink,03-3.자동급식기+확장_4_MO@cpc_petcare,0,234,0,0,0,0,0,0
2025-08,파워링크,03.반려_확장_MO@naver_powerlink,03-3.자동급식기+확장_5_MO@cpc_petcare,0,27,0,0,0,0,0,0
2025-08,파워링크,03.반려_확장_MO@naver_powerlink,03-4.펫정수기+확장_1_MO@cpc_pw30_h,26598,1162,34,13,186900,7.026844124,0.02925989673,0.3823529412
2025-08,파워링크,03.반려_확장_MO@naver_powerlink,03-4.펫정수기+확장_2_MO@cpc_pw30_h,6204,1881,18,1,47800,7.704706641,0.00956937799,0.05555555556
2025-08,파워링크,03.반려_확장_PC@naver_powerlink,03-3.자동급식기+확장_1_PC@cpc_petcare,54307,2858,52,0,0,0,0.01819454164,0
2025-08,파워링크,03.반려_확장_PC@naver_powerlink,03-3.자동급식기+확장_2_PC@cpc_petcare,0,16,0,0,0,0,0,0
2025-08,파워링크,03.반려_확장_PC@naver_powerlink,03-3.자동급식기+확장_3_PC@cpc_petcare,2948,218,8,0,0,0,0.03669724771,0
2025-08,파워링크,03.반려_확장_PC@naver_powerlink,03-3.자동급식기+확장_4_PC@cpc_petcare,0,67,0,0,0,0,0,0
2025-08,파워링크,03.반려_확장_PC@naver_powerlink,03-3.자동급식기+확장_5_PC@cpc_petcare,0,24,0,0,0,0,0,0
2025-08,파워링크,03.반려_확장_PC@naver_powerlink,03-4.펫정수기+확장_1_PC@cpc_pw30_h,1771,181,4,0,0,0,0.02209944751,0
2025-08,파워링크,03.반려_확장_PC@naver_powerlink,03-4.펫정수기+확장_2_PC@cpc_pw30_h,1804,444,5,0,0,0,0.01126126126,0
2025-08,파워링크,04.리모컨허브_메인_MO@naver_powerlink,04-1.리모컨허브_MO@cpc_ir44_h,572,954,1,0,0,0,0.001048218029,0
2025-08,파워링크,04.리모컨허브_메인_PC@naver_powerlink,04-1.리모컨허브_PC@cpc_ir44_h,0,414,0,0,0,0,0,0
2025-08,파워링크,05.커튼set_메인_MO@naver_powerlink,05-1.남_MO@cpc_curtainset_h,176396,11467,84,0,0,0,0.007325368449,0
2025-08,파워링크,05.커튼set_메인_MO@naver_powerlink,05-1.여_MO@cpc_curtainset_h,682440,15506,324,0,0,0,0.02089513737,0
2025-08,파워링크,05.커튼set_메인_MO@naver_powerlink,05-1.커튼set_MO@cpc_curtainset_h,2678335,50949,1213,112,4119400,1.538045091,0.02380812185,0.09233305853
2025-08,파워링크,05.커튼set_메인_PC@naver_powerlink,05-1.남_PC@cpc_curtainset_h,17633,1397,17,0,0,0,0.01216893343,0
2025-08,파워링크,05.커튼set_메인_PC@naver_powerlink,05-1.여_PC@cpc_curtainset_h,60225,4130,46,0,0,0,0.01113801453,0
2025-08,파워링크,05.커튼set_메인_PC@naver_powerlink,05-1.커튼set_PC@cpc_curtainset_h,352198,14300,232,1,0,0,0.01622377622,0.004310344828
2025-08,파워링크,05.커튼set_확장_MO@naver_powerlink,05-1.신혼부부1_MO@cpc_curtainset_h,176,67,2,0,0,0,0.02985074627,0
2025-08,파워링크,05.커튼set_확장_MO@naver_powerlink,05-1.신혼부부2_MO@cpc_curtainset_h,0,2,0,0,0,0,0,0
2025-08,파워링크,05.커튼set_확장_MO@naver_powerlink,05-2.원룸1_MO@cpc_curtainset_h,462,455,6,0,0,0,0.01318681319,0
2025-08,파워링크,05.커튼set_확장_MO@naver_powerlink,05-2.원룸2_MO@cpc_curtainset_h,154,105,2,0,0,0,0.01904761905,0
2025-08,파워링크,05.커튼set_확장_MO@naver_powerlink,05-3.신혼집1_MO@cpc_curtainset_h,1276,232,4,0,0,0,0.01724137931,0
2025-08,파워링크,05.커튼set_확장_MO@naver_powerlink,05-3.신혼집2_MO@cpc_curtainset_h,77,69,1,0,0,0,0.01449275362,0
2025-08,파워링크,05.커튼set_확장_MO@naver_powerlink,05-4.가정집1_MO@cpc_curtainset_h,77,29,1,0,0,0,0.03448275862,0
2025-08,파워링크,05.커튼set_확장_MO@naver_powerlink,05-4.가정집2_MO@cpc_curtainset_h,0,24,0,0,0,0,0,0
2025-08,파워링크,05.커튼set_확장_MO@naver_powerlink,05-5.확장_MO@cpc_curtainset_h,25135,1722,69,1,0,0,0.04006968641,0.01449275362
2025-08,파워링크,05.커튼set_확장_PC@naver_powerlink,05-1.신혼부부1_PC@cpc_curtainset_h,0,7,0,0,0,0,0,0
2025-08,파워링크,05.커튼set_확장_PC@naver_powerlink,05-1.신혼부부2_PC@cpc_curtainset_h,0,1,0,0,0,0,0,0
2025-08,파워링크,05.커튼set_확장_PC@naver_powerlink,05-2.원룸1_PC@cpc_curtainset_h,0,71,0,0,0,0,0,0
2025-08,파워링크,05.커튼set_확장_PC@naver_powerlink,05-2.원룸2_PC@cpc_curtainset_h,0,18,0,0,0,0,0,0
2025-08,파워링크,05.커튼set_확장_PC@naver_powerlink,05-3.신혼집1_PC@cpc_curtainset_h,0,70,0,0,0,0,0,0
2025-08,파워링크,05.커튼set_확장_PC@naver_powerlink,05-3.신혼집2_PC@cpc_curtainset_h,0,4,0,0,0,0,0,0
2025-08,파워링크,05.커튼set_확장_PC@naver_powerlink,05-4.가정집1_PC@cpc_curtainset_h,0,3,0,0,0,0,0,0
2025-08,파워링크,05.커튼set_확장_PC@naver_powerlink,05-4.가정집2_PC@cpc_curtainset_h,0,2,0,0,0,0,0,0
2025-08,파워링크,05.커튼set_확장_PC@naver_powerlink,05-5.확장_PC@cpc_curtainset_h,14344,535,25,0,0,0,0.04672897196,0
2025-08,파워링크,06.멀티탭_메인_MO@naver_powerlink,06-1.멀티탭_MO@cpc_ps03_h,350383,74902,325,4,69800,0.1992105781,0.004339002964,0.01230769231
2025-08,파워링크,06.멀티탭_메인_PC@naver_powerlink,06-1.멀티탭_PC@cpc_ps03_h,53669,18908,74,1,0,0,0.003913687328,0.01351351351
2025-08,파워링크,07.MO_new전환@naver_powerlink,01.MO_기본_라인LED@cpc_ls06_h,8943,1672,15,0,0,0,0.008971291866,0
2025-08,파워링크,07.MO_new전환@naver_powerlink,01.MO_기본_스마트전구@cpc_lb03_h,224895,32049,255,9,41800,0.1858645146,0.007956566508,0.03529411765
2025-08,파워링크,07.PC_new전환@naver_powerlink,01.PC_기본_라인LED@cpc_ls06_h,9658,1247,12,0,0,0,0.009623095429,0
2025-08,파워링크,07.PC_new전환@naver_powerlink,01.PC_기본_스마트전구@cpc_lb03_h,44198,13731,51,18,60700,1.373365311,0.00371422329,0.3529411765
2025-08,파워링크,08.전원_메인_MO@naver_powerlink,08-1.스위치_MO@cpc_bds_h,451451,30993,412,12,80700,0.1787569415,0.0132933243,0.02912621359
2025-08,파워링크,08.전원_메인_MO@naver_powerlink,08-2.전원기기_MO@cpc_power_h,439307,39748,410,37,401600,0.9141670859,0.0103149844,0.09024390244
2025-08,파워링크,08.전원_메인_PC@naver_powerlink,08-1.스위치_PC@cpc_bds_h,89166,23489,102,1,61600,0.6908462867,0.004342458172,0.009803921569
2025-08,파워링크,08.전원_메인_PC@naver_powerlink,8-2.전원기기_PC@cpc_power_h,126412,21350,139,23,147800,1.169192798,0.006510538642,0.1654676259
2025-08,파워링크,08.전원_확장_MO@naver_powerlink,08-4.전원기기+확장_MO@cpc_power_h,407,442,1,0,0,0,0.002262443439,0
2025-08,파워링크,08.전원_확장_PC@naver_powerlink,08-4.전원기기+확장_PC@cpc_power_h,3817,462,12,0,0,0,0.02597402597,0
2025-08,파워링크,09.센서_메인_MO@naver_powerlink,09-1.온습도계_MO@cpc_th14_h,90266,2442,92,11,0,0,0.03767403767,0.1195652174
2025-08,파워링크,09.센서_메인_PC@naver_powerlink,09-1.온습도계_PC@cpc_th14_h,28215,2511,42,0,0,0,0.01672640382,0
2025-08,파워링크,09.센서_확장_MO@naver_powerlink,09-2.온습도계+확장1_MO@cpc_th14_h,6600,3168,18,0,0,0,0.005681818182,0
2025-08,파워링크,09.센서_확장_MO@naver_powerlink,09-2.온습도계+확장2_MO@cpc_th14_h,143,180,2,0,0,0,0.01111111111,0
2025-08,파워링크,09.센서_확장_PC@naver_powerlink,09-2.온습도계+확장1_PC@cpc_th14_h,935,603,2,0,0,0,0.003316749585,0
2025-08,파워링크,09.센서_확장_PC@naver_powerlink,09-2.온습도계+확장2_PC@cpc_th14_h,0,33,0,0,0,0,0,0
2025-08,파워링크,음처기_MO@naver_powerlink,메인키워드_MO@cpc_fd471_h,10109066,266881,3000,35,3604700,0.3565809146,0.01124096507,0.01166666667
2025-08,파워링크,음처기_MO@naver_powerlink,자상호_MO@cpc_fd471_h,39325,6654,245,11,2188600,55.65416402,0.03681995792,0.04489795918
2025-08,파워링크,음처기_PC@naver_powerlink,메인키워드_PC@cpc_fd471_h,1262635,72740,366,7,718200,0.5688104638,0.005031619467,0.01912568306
2025-08,파워링크,음처기_PC@naver_powerlink,자상호_PC@cpc_fd471_h,6314,1316,26,1,0,0,0.01975683891,0.03846153846
2025-09,브랜드검색/신제품검색,01.신규 자사명@naver_brandsearch,신규_MO_자사명_키워드수정@cpd_hejhome_h,0,65785,22484,12032,202851720,inf,0.341780041,0.5351360968
2025-09,브랜드검색/신제품검색,01.신규 자사명@naver_brandsearch,신규_PC_자사명_키워드수정@cpd_hejhome_h,0,13351,6631,3702,91846190,inf,0.4966669163,0.5582868346
2025-09,쇼핑검색,00.브랜드형@naver_shoppingbrand,00-0.자상호@cpc_mc05_h-s,0,140,0,0,0,0,0,0
2025-09,쇼핑검색,00.자상호_MO@naver_shoppingsearch,01-1.홈카메라_MO@cpc_mc05_h,17011588,329224,7600,2134,44637860,2.623967851,0.02308458679,0.2807894737
2025-09,쇼핑검색,00.자상호_MO@naver_shoppingsearch,01-4.펫캠_MO@cpc_mc059_h,1060169,39156,513,151,2246800,2.119284756,0.01310144039,0.2943469786
2025-09,쇼핑검색,00.자상호_MO@naver_shoppingsearch,01-5.베이비캠_MO@cpc_mc05_h,194997,4987,110,21,737800,3.783647954,0.02205734911,0.1909090909
2025-09,쇼핑검색,00.자상호_MO@naver_shoppingsearch,02-1.전동커튼_MO@cpc_curtainset_h,90079,98381,120,3,229900,2.552204176,0.001219747716,0.025
2025-09,쇼핑검색,00.자상호_MO@naver_shoppingsearch,03-2.전구_MO@cpc_lb03r_h,20581,938,37,15,1102200,53.55424906,0.039445629,0.4054054054
2025-09,쇼핑검색,00.자상호_MO@naver_shoppingsearch,04-1.온습도계_MO@cpc_th14_h,0,12,0,0,0,0,0,0
2025-09,쇼핑검색,00.자상호_MO@naver_shoppingsearch,04-1.온습도센서_MO@cpc_th02_h,180158,16217,177,12,259960,1.442955628,0.01091447247,0.06779661017
2025-09,쇼핑검색,00.자상호_PC@naver_shoppingsearch,01-1.홈카메라_PC@cpc_mc05_h,3737129,80791,1709,404,11748400,3.143696672,0.02115334629,0.236395553
2025-09,쇼핑검색,00.자상호_PC@naver_shoppingsearch,01-4.펫캠_PC@cpc_mc059_h,204633,5765,124,42,1130700,5.525501752,0.02150910668,0.3387096774
2025-09,쇼핑검색,00.자상호_PC@naver_shoppingsearch,01-5.베이비캠_PC@cpc_mc05_h,9878,223,7,4,0,0,0.03139013453,0.5714285714
2025-09,쇼핑검색,00.자상호_PC@naver_shoppingsearch,02-1.전동커튼_PC@cpc_curtainset_h,102740,15682,96,5,253900,2.471286743,0.006121668155,0.05208333333
2025-09,쇼핑검색,00.자상호_PC@naver_shoppingsearch,03-2.전구_PC@cpc_lb03r_h,0,41,0,0,0,0,0,0
2025-09,쇼핑검색,00.자상호_PC@naver_shoppingsearch,04-1.온습도센서_PC@cpc_th02_h,957,94,2,0,0,0,0.02127659574,0
2025-09,쇼핑검색,01.브랜드형_쇼검@naver_shoppingbrand, 01-1.홈카메라@cpc_mc05_h-s,97999,261603,224,10,977870,9.978367126,0.0008562592937,0.04464285714
2025-09,쇼핑검색,01.브랜드형_쇼검@naver_shoppingbrand,01-1.커튼@cpc_curtainset_h-s,164857,167525,211,0,0,0,0.001259513505,0
2025-09,쇼핑검색,01.음처기_MO@naver_shoppingbrand,00-0.브랜드형_음처기_MO@cpc_fd471_h-s,669900,299383,290,3,1057300,1.578295268,0.0009686588751,0.01034482759
2025-09,쇼핑검색,01.음처기_PC@naver_shoppingbrand,00-0.브랜드형_음처기_PC@cpc_fd471_h-s,3663,59432,7,0,0,0,0.0001177816664,0
2025-09,쇼핑검색,01.펫_MO@naver_shoppingbrand,00-0.브랜드형_장난감_MO@cpc_pt40_h-s,14641,29238,35,2,62510,4.269517109,0.001197072303,0.05714285714
2025-09,쇼핑검색,01.펫_MO@naver_shoppingbrand,00-0.브랜드형_정수기_MO@cpc_pw30_h-s,31636,49990,80,4,111400,3.521304843,0.001600320064,0.05
2025-09,쇼핑검색,01.펫_PC@naver_shoppingbrand,00-0.브랜드형_정수기_PC@cpc_pw30_h-s,330,29781,1,0,0,0,0.00003357845606,0
2025-09,쇼핑검색,01.홈캠_MO@naver_shoppingsearch,1.A01_홈카메라_MO@cpc_mc05_h,26114,1031,16,0,0,0,0.01551891368,0
2025-09,쇼핑검색,01.홈캠_MO@naver_shoppingsearch,1.A02_홈캠_MO@cpc_IC021_h-s,353408,333759,659,8,703730,1.991267883,0.001974478591,0.01213960546
2025-09,쇼핑검색,01.홈캠_MO@naver_shoppingsearch,1.A02_홈캠_MO@cpc_MC0510_h-s,1376089,52964,711,78,8890960,6.461035587,0.01342421267,0.1097046414
2025-09,쇼핑검색,01.홈캠_MO@naver_shoppingsearch,1.A02_홈캠_MO@cpc_MC0511_h-s,185746,13805,158,22,2564790,13.8080497,0.01144512858,0.1392405063
2025-09,쇼핑검색,01.홈캠_MO@naver_shoppingsearch,1.A02_홈캠_MO@cpc_ic05_h-s,345532,30443,392,32,2148450,6.217803271,0.01287652334,0.08163265306
2025-09,쇼핑검색,01.홈캠_MO@naver_shoppingsearch,1.A02_홈캠_MO@cpc_mc058_h-s,31273,4563,31,8,1071950,34.277172,0.006793776025,0.2580645161
2025-09,쇼핑검색,01.홈캠_MO@naver_shoppingsearch,1.A02_홈캠_MO@cpc_mc059_h-s,111045,13919,138,13,1512800,13.62330587,0.009914505352,0.09420289855
2025-09,쇼핑검색,01.홈캠_MO@naver_shoppingsearch,1.A02_홈캠_MO@cpc_mc05_h,6479605,176411,2670,356,8451200,1.304277035,0.01513511062,0.1333333333
2025-09,쇼핑검색,01.홈캠_MO@naver_shoppingsearch,1.A02_홈캠_MO@cpc_mc05_h-s,58861,13513,87,16,1855530,31.52392926,0.006438244653,0.183908046
2025-09,쇼핑검색,01.홈캠_MO@naver_shoppingsearch,1.A03_홈CCTV_MO@cpc_mc05_h,704165,20230,304,59,1358600,1.929377348,0.01502718735,0.1940789474
2025-09,쇼핑검색,01.홈캠_MO@naver_shoppingsearch,1.B01_홈카메라_MO@cpc_mc05_h,27742,1178,20,0,0,0,0.01697792869,0
2025-09,쇼핑검색,01.홈캠_MO@naver_shoppingsearch,1.B02_홈캠_MO@cpc_mc05_h,696652,13845,326,66,1454500,2.087842998,0.02354640664,0.2024539877
2025-09,쇼핑검색,01.홈캠_MO@naver_shoppingsearch,1.B03_홈CCTV_MO@cpc_mc05_h,111815,6972,72,12,768300,6.871171131,0.01032702238,0.1666666667
2025-09,쇼핑검색,01.홈캠_MO@naver_shoppingsearch,1.B04_강아지캠_MO@cpc_mc05_h,511324,12921,310,42,824900,1.613262824,0.02399195109,0.135483871
2025-09,쇼핑검색,01.홈캠_MO@naver_shoppingsearch,1.B05_고양이캠_MO@cpc_mc05_h,135487,2702,93,47,403200,2.97593127,0.03441894893,0.5053763441
2025-09,쇼핑검색,01.홈캠_MO@naver_shoppingsearch,1.B06_육아캠_MO@cpc_mc05_h,289454,13637,234,49,1168960,4.038500073,0.01715919924,0.2094017094
2025-09,쇼핑검색,01.홈캠_MO@naver_shoppingsearch,1.B07_맞벌이부부캠_MO@cpc_mc05_h,2869141,120983,1615,617,10587300,3.69005915,0.01334898291,0.3820433437
2025-09,쇼핑검색,01.홈캠_MO@naver_shoppingsearch,1.B08_보안캠_MO@cpc_mc05_h,7590,2434,11,0,0,0,0.004519309778,0
2025-09,쇼핑검색,01.홈캠_MO@naver_shoppingsearch,1.B09_부모님캠_MO@cpc_mc05_h,40337,1100,59,0,0,0,0.05363636364,0
2025-09,쇼핑검색,01.홈캠_MO@naver_shoppingsearch,1.B10_스마트캠_MO@cpc_mc05_h,12804,3556,13,1,120600,9.418931584,0.003655793026,0.07692307692
2025-09,쇼핑검색,01.홈캠_PC@naver_shoppingsearch, 1.A01_홈카메라_PC@cpc_MC0510_h-s,205337,35494,220,31,3091450,15.05549414,0.006198230687,0.1409090909
2025-09,쇼핑검색,01.홈캠_PC@naver_shoppingsearch, 1.A01_홈카메라_PC@cpc_MC0511_h-s,170973,26321,204,28,2671420,15.62480626,0.007750465408,0.137254902
2025-09,쇼핑검색,01.홈캠_PC@naver_shoppingsearch, 1.A01_홈카메라_PC@cpc_ic05_h-s,24233,12626,45,4,410830,16.95332811,0.003564074133,0.08888888889
2025-09,쇼핑검색,01.홈캠_PC@naver_shoppingsearch, 1.A01_홈카메라_PC@cpc_mc058_h-s,60544,17431,77,7,688600,11.37354651,0.004417417245,0.09090909091
2025-09,쇼핑검색,01.홈캠_PC@naver_shoppingsearch, 1.A01_홈카메라_PC@cpc_mc059_h-s,5709,14571,7,3,345200,60.46593099,0.0004804062865,0.4285714286
2025-09,쇼핑검색,01.홈캠_PC@naver_shoppingsearch, 1.A01_홈카메라_PC@cpc_mc05_h-s,30624,5032,31,4,359200,11.72936259,0.006160572337,0.1290322581
2025-09,쇼핑검색,01.홈캠_PC@naver_shoppingsearch,1.A01_홈카메라_PC@cpc_mc05,537339,11169,228,53,1625600,3.025278269,0.02041364491,0.2324561404
2025-09,쇼핑검색,01.홈캠_PC@naver_shoppingsearch,1.A02_홈캠_PC@cpc_IC021_h-s,118459,157803,216,6,353560,2.98466136,0.00136879527,0.02777777778
2025-09,쇼핑검색,01.홈캠_PC@naver_shoppingsearch,1.A02_홈캠_PC@cpc_mc05_h,220506,29334,113,25,716600,3.249798191,0.003852185178,0.2212389381
2025-09,쇼핑검색,01.홈캠_PC@naver_shoppingsearch,1.A03_홈CCTV_PC@cpc_mc05,54252,926,30,4,0,0,0.03239740821,0.1333333333
2025-09,쇼핑검색,01.홈캠_PC@naver_shoppingsearch,1.B01_홈카메라_PC@cpc_mc05,51755,1231,21,2,0,0,0.01705930138,0.09523809524
2025-09,쇼핑검색,01.홈캠_PC@naver_shoppingsearch,1.B02_홈캠_PC@cpc_mc05,84513,1029,43,1,72900,0.8625891875,0.04178814383,0.02325581395
2025-09,쇼핑검색,01.홈캠_PC@naver_shoppingsearch,1.B03_홈CCTV_PC@cpc_mc05,160435,5682,89,4,0,0,0.01566349877,0.04494382022
2025-09,쇼핑검색,01.홈캠_PC@naver_shoppingsearch,1.B04_강아지캠_PC@cpc_mc05,4609,305,6,0,0,0,0.01967213115,0
2025-09,쇼핑검색,01.홈캠_PC@naver_shoppingsearch,1.B05_고양이캠_PC@cpc_mc05,0,20,0,0,0,0,0,0
2025-09,쇼핑검색,01.홈캠_PC@naver_shoppingsearch,1.B06_육아캠_PC@cpc_mc05,812262,13396,379,102,2043500,2.515813863,0.02829202747,0.2691292876
2025-09,쇼핑검색,01.홈캠_PC@naver_shoppingsearch,1.B07_맞벌이부부캠_PC@cpc_mc05,935,2364,2,0,0,0,0.0008460236887,0
2025-09,쇼핑검색,01.홈캠_PC@naver_shoppingsearch,1.B08_보안캠_PC@cpc_mc05,3102,216,8,0,0,0,0.03703703704,0
2025-09,쇼핑검색,01.홈캠_PC@naver_shoppingsearch,1.B09_부모님캠_PC@cpc_mc05,8877,356,15,0,0,0,0.04213483146,0
2025-09,쇼핑검색,01.홈캠_PC@naver_shoppingsearch,1.B10_스마트캠_PC@cpc_mc05,51194,1371,38,1,116700,2.279564011,0.02771699489,0.02631578947
2025-09,쇼핑검색,02.커튼_MO@naver_shoppingsearch,1.A01_전동커튼_MO@cpc_curtainset,272404,13519,217,18,0,0,0.0160514831,0.08294930876
2025-09,쇼핑검색,02.커튼_MO@naver_shoppingsearch,1.A02_전동레일_MO@cpc_curtainset,0,719,0,0,0,0,0,0
2025-09,쇼핑검색,02.커튼_MO@naver_shoppingsearch,1.A02_커튼_MO@cpc_curtainset_h-s,341022,198197,396,19,4226640,12.39403909,0.001998012079,0.04797979798
2025-09,쇼핑검색,02.커튼_MO@naver_shoppingsearch,1.A03_커튼천_MO@cpc_cf20_h-s,10538,13899,22,0,0,0,0.001582847687,0
2025-09,쇼핑검색,02.커튼_MO@naver_shoppingsearch,1.B01_전동커튼_MO@cpc_curtainset,329384,21965,277,12,422900,1.283911787,0.012610972,0.04332129964
2025-09,쇼핑검색,02.커튼_MO@naver_shoppingsearch,1.B07_자동커튼_MO@cpc_curtainset,1177,294,1,0,0,0,0.003401360544,0
2025-09,쇼핑검색,02.커튼_MO@naver_shoppingsearch,2.B01_우드블라인드_MO@cpc_bw15,14938,1596,38,2,0,0,0.02380952381,0.05263157895
2025-09,쇼핑검색,02.커튼_PC@naver_shoppingsearch,1.A01_전동커튼_PC@cpc_curtainset,535172,236059,488,39,1907100,3.56352724,0.00206727979,0.07991803279
2025-09,쇼핑검색,02.커튼_PC@naver_shoppingsearch,1.A01_커튼_PC@cpc_curtainset_h-s,175571,22220,191,6,1992800,11.35039386,0.008595859586,0.03141361257
2025-09,쇼핑검색,02.커튼_PC@naver_shoppingsearch,1.A02_커튼천_PC@cpc__h-s,9680,6148,30,0,0,0,0.004879635654,0
2025-09,쇼핑검색,02.커튼_PC@naver_shoppingsearch,2.B01_우드블라인드PC@cpc_bw15,66836,5670,63,0,0,0,0.01111111111,0
2025-09,쇼핑검색,02.커튼남_MO@naver_shoppingsearch,1.A01_전동커튼_MO@cpc_curtainset,599456,18303,493,11,1411700,2.354968505,0.02693547506,0.02231237323
2025-09,쇼핑검색,02.커튼남_MO@naver_shoppingsearch,1.A02_전동레일_MO@cpc_curtainset,0,433,0,0,0,0,0,0
2025-09,쇼핑검색,02.커튼남_MO@naver_shoppingsearch,1.A02_커튼_MO@cpc_curtainset_h-s,258115,227668,284,7,2114840,8.193402166,0.001247430469,0.02464788732
2025-09,쇼핑검색,02.커튼남_MO@naver_shoppingsearch,1.B01_전동커튼_MO@cpc_curtainset,9460,869,5,0,0,0,0.005753739931,0
2025-09,쇼핑검색,02.커튼남_MO@naver_shoppingsearch,1.B07_자동커튼_MO@cpc_curtainset,0,43,0,0,0,0,0,0
2025-09,쇼핑검색,02.커튼남_MO@naver_shoppingsearch,2.B01_우드블라인드_MO@cpc_bw15,3190,293,8,0,0,0,0.02730375427,0
2025-09,쇼핑검색,02.커튼남_PC@naver_shoppingsearch,1.A01_전동커튼_PC@cpc_curtainset,2574,44403,14,0,0,0,0.0003152940117,0
2025-09,쇼핑검색,02.커튼남_PC@naver_shoppingsearch,1.A01_커튼_PC@cpc_curtainset_h-s,2332,21108,12,1,253900,108.8765009,0.0005685048323,0.08333333333
2025-09,쇼핑검색,02.커튼남_PC@naver_shoppingsearch,1.A02_전동레일_PC@cpc_curtainset,0,5,0,0,0,0,0,0
2025-09,쇼핑검색,02.커튼남_PC@naver_shoppingsearch,2.B01_우드블라인드PC@cpc_bw15,67144,5415,60,0,0,0,0.01108033241,0
2025-09,쇼핑검색,02.커튼여_MO@naver_shoppingsearch,1.A01_전동커튼_MO@cpc_curtainset,177573,44185,138,10,0,0,0.003123231866,0.07246376812
2025-09,쇼핑검색,02.커튼여_MO@naver_shoppingsearch,1.A02_전동레일_MO@cpc_curtainset,0,125,0,0,0,0,0,0
2025-09,쇼핑검색,02.커튼여_MO@naver_shoppingsearch,1.A02_커튼_MO@cpc_curtainset_h-s,140107,95961,172,3,664940,4.745944171,0.001792394827,0.01744186047
2025-09,쇼핑검색,02.커튼여_MO@naver_shoppingsearch,1.B01_전동커튼_MO@cpc_curtainset,47608,3042,33,2,326800,6.864392539,0.01084812623,0.06060606061
2025-09,쇼핑검색,02.커튼여_MO@naver_shoppingsearch,1.B07_자동커튼_MO@cpc_curtainset,0,142,0,0,0,0,0,0
2025-09,쇼핑검색,02.커튼여_MO@naver_shoppingsearch,2.B01_우드블라인드_MO@cpc_bw15,3905,482,9,0,0,0,0.01867219917,0
2025-09,쇼핑검색,02.커튼여_PC@naver_shoppingsearch,1.A01_전동커튼_PC@cpc_curtainset,517,7851,3,0,0,0,0.0003821169278,0
2025-09,쇼핑검색,02.커튼여_PC@naver_shoppingsearch,1.A01_커튼_PC@cpc_curtainset_h-s,924,2691,4,0,0,0,0.001486436269,0
2025-09,쇼핑검색,02.커튼여_PC@naver_shoppingsearch,1.A02_전동레일_PC@cpc_curtainset,0,1,0,0,0,0,0,0
2025-09,쇼핑검색,02.커튼여_PC@naver_shoppingsearch,1.B07_자동커튼_PC@cpc_curtainset,0,1,0,0,0,0,0,0
2025-09,쇼핑검색,02.커튼여_PC@naver_shoppingsearch,2.B01_우드블라인드PC@cpc_bw15,16753,1331,15,0,0,0,0.01126972201,0
2025-09,쇼핑검색,03.조명_MO@naver_shoppingsearch,03-1.라인LED_MO@cpc_ls06_h,249293,111654,185,68,646100,2.591729411,0.001656904365,0.3675675676
2025-09,쇼핑검색,03.조명_MO@naver_shoppingsearch,03-1.라인LED_MO@cpc_ls06_h-s,137324,43402,117,2,92100,0.6706766479,0.002695728307,0.01709401709
2025-09,쇼핑검색,03.조명_MO@naver_shoppingsearch,03-2.전구_MO@cpc_lb03_h-s,161029,28850,164,6,215400,1.337647256,0.00568457539,0.03658536585
2025-09,쇼핑검색,03.조명_MO@naver_shoppingsearch,03-2.전구_MO@cpc_lb03r_h,276386,33376,231,11,1201900,4.348628368,0.00692114094,0.04761904762
2025-09,쇼핑검색,03.조명_MO@naver_shoppingsearch,03-3.무드등_MO@cpc_md08_h,103213,71688,124,4,106700,1.033784504,0.001729717665,0.03225806452
2025-09,쇼핑검색,03.조명_MO@naver_shoppingsearch,03-3.무드등_MO@cpc_md08_h-s,119251,82188,189,4,249500,2.092225642,0.002299605782,0.02116402116
2025-09,쇼핑검색,03.조명_MO@naver_shoppingsearch,03-4.스타라이트_MO@cpc_sl24_h,93720,47613,117,3,149700,1.59731114,0.002457312079,0.02564102564
2025-09,쇼핑검색,03.조명_MO@naver_shoppingsearch,03-4.스타라이트_MO@cpc_sl24_h-s,15983,3878,22,0,0,0,0.005673027334,0
2025-09,쇼핑검색,03.조명_MO@naver_shoppingsearch,03-5.싱크라이트_MO@cpc_sy27_h,42328,11684,50,37,135600,3.203553204,0.004279356385,0.74
2025-09,쇼핑검색,03.조명_MO@naver_shoppingsearch,03-5.싱크라이트_MO@cpc_sy27_h-s,9449,5951,11,1,62200,6.582707165,0.001848428835,0.09090909091
2025-09,쇼핑검색,03.조명_PC@naver_shoppingsearch,03-1.라인LED_PC@cpc_ls06_h,46244,68284,47,1,44900,0.9709367702,0.0006883017984,0.02127659574
2025-09,쇼핑검색,03.조명_PC@naver_shoppingsearch,03-1.라인LED_PC@cpc_ls06_h-s,14850,7031,15,4,702720,47.32121212,0.002133409188,0.2666666667
2025-09,쇼핑검색,03.조명_PC@naver_shoppingsearch,03-2.전구_PC@cpc_lb03_h,161227,16384,129,55,496100,3.077028041,0.007873535156,0.4263565891
2025-09,쇼핑검색,03.조명_PC@naver_shoppingsearch,03-2.전구_PC@cpc_lb03r_h-s,147367,18232,168,4,191560,1.299883963,0.009214567793,0.02380952381
2025-09,쇼핑검색,03.조명_PC@naver_shoppingsearch,03-3.무드등_PC@cpc_md08_h,35508,11065,42,6,598800,16.86380534,0.003795752372,0.1428571429
2025-09,쇼핑검색,03.조명_PC@naver_shoppingsearch,03-3.무드등_PC@cpc_md08_h-s,12771,19586,20,0,0,0,0.001021137547,0
2025-09,쇼핑검색,03.조명_PC@naver_shoppingsearch,03-4.스타라이트_PC@cpc_sl24_h,4917,3245,11,1,0,0,0.003389830508,0.09090909091
2025-09,쇼핑검색,03.조명_PC@naver_shoppingsearch,03-4.스타라이트_PC@cpc_sl24_h-s,3751,1187,5,0,0,0,0.004212299916,0
2025-09,쇼핑검색,03.조명_PC@naver_shoppingsearch,03-5.싱크라이트_PC@cpc_sy27_h,6919,4844,9,0,0,0,0.001857968621,0
2025-09,쇼핑검색,03.조명_PC@naver_shoppingsearch,03-5.싱크라이트_PC@cpc_sy27_h-s,0,570,0,0,0,0,0,0
2025-09,쇼핑검색,04.센서_MO@naver_shoppingsearch,04-1.스마트온습도계_MO@cpc_th14_h,389059,22749,296,60,717100,1.843165175,0.01301156095,0.2027027027
2025-09,쇼핑검색,04.센서_MO@naver_shoppingsearch,04-1.스마트온습도계_MO@cpc_th14_h-s,70928,3984,100,8,646300,9.112057298,0.02510040161,0.08
2025-09,쇼핑검색,04.센서_MO@naver_shoppingsearch,04-2.온습도센서_MO@cpc_th02_h,66429,4905,76,5,103500,1.558054464,0.01549439348,0.06578947368
2025-09,쇼핑검색,04.센서_MO@naver_shoppingsearch,04-2.온습도센서_MO@cpc_th02_h-s,52305,25220,88,2,85600,1.636554823,0.003489294211,0.02272727273
2025-09,쇼핑검색,04.센서_MO@naver_shoppingsearch,04-4.도어센서_MO@cpc_do02_h,21219,9749,79,19,313090,14.75517225,0.00810339522,0.2405063291
2025-09,쇼핑검색,04.센서_MO@naver_shoppingsearch,04-4.도어센서_MO@cpc_do02_h-s,11649,4247,46,7,243990,20.94514551,0.01083117495,0.152173913
2025-09,쇼핑검색,04.센서_MO@naver_shoppingsearch,04-5.모션센서_MO@cpc_mo02_h,62898,9381,93,4,55280,0.8788832713,0.009913655261,0.04301075269
2025-09,쇼핑검색,04.센서_MO@naver_shoppingsearch,04-5.모션센서_MO@cpc_mo02_h-s,25344,8176,48,2,245920,9.703282828,0.005870841487,0.04166666667
2025-09,쇼핑검색,04.센서_MO@naver_shoppingsearch,04-6.스마트사이렌_MO@cpc_sa14_h,0,50,0,0,0,0,0,0
2025-09,쇼핑검색,04.센서_MO@naver_shoppingsearch,04-7.화재감지센서_MO@cpc_ss26_h,10450,854,25,0,0,0,0.02927400468,0
2025-09,쇼핑검색,04.센서_MO@naver_shoppingsearch,04-7.화재감지센서_MO@cpc_ss26_h-s,8195,2191,27,0,0,0,0.01232314012,0
2025-09,쇼핑검색,04.센서_MO@naver_shoppingsearch,04-8.가스감지센서_MO@cpc_gs26_h,506,297,1,0,0,0,0.003367003367,0
2025-09,쇼핑검색,04.센서_MO@naver_shoppingsearch,04-8.가스감지센서_MO@cpc_gs26_h-s,4257,966,8,0,0,0,0.008281573499,0
2025-09,쇼핑검색,04.센서_MO@naver_shoppingsearch,04-9.누수감지센서_MO@cpc_ws26_h-s,0,54,0,0,0,0,0,0
2025-09,쇼핑검색,04.센서_PC@naver_shoppingsearch,04-1.스마트온습도계_PC@cpc_th14_h,62711,2431,69,27,250050,3.987338744,0.02838338132,0.3913043478
2025-09,쇼핑검색,04.센서_PC@naver_shoppingsearch,04-1.스마트온습도계_PC@cpc_th14_h-s,1210,863,4,0,0,0,0.004634994206,0
2025-09,쇼핑검색,04.센서_PC@naver_shoppingsearch,04-2.온습도센서_PC@cpc_th02_h,33242,3784,45,10,188270,5.663618314,0.01189217759,0.2222222222
2025-09,쇼핑검색,04.센서_PC@naver_shoppingsearch,04-2.온습도센서_PC@cpc_th02_h-s,21087,5572,39,0,0,0,0.006999282125,0
2025-09,쇼핑검색,04.센서_PC@naver_shoppingsearch,04-4.도어센서_PC@cpc_do02_h,78947,9819,113,14,126800,1.606140829,0.01150830023,0.1238938053
2025-09,쇼핑검색,04.센서_PC@naver_shoppingsearch,04-4.도어센서_PC@cpc_do02_h-s,14036,6442,27,4,555200,39.5554289,0.004191244955,0.1481481481
2025-09,쇼핑검색,04.센서_PC@naver_shoppingsearch,04-5.모션센서_PC@cpc_mo02_h,84414,4046,82,6,0,0,0.0202669303,0.07317073171
2025-09,쇼핑검색,04.센서_PC@naver_shoppingsearch,04-5.모션센서_PC@cpc_mo02_h-s,16104,8236,20,0,0,0,0.002428363283,0
2025-09,쇼핑검색,04.센서_PC@naver_shoppingsearch,04-6.스마트사이렌_MO@cpc_sa14_h,8151,5380,25,5,74800,9.176788124,0.004646840149,0.2
2025-09,쇼핑검색,04.센서_PC@naver_shoppingsearch,04-7.화재감지센서_PC@cpc_ss26_h,11066,943,16,0,0,0,0.01696712619,0
2025-09,쇼핑검색,04.센서_PC@naver_shoppingsearch,04-7.화재감지센서_PC@cpc_ss26_h-s,20163,5027,32,1,118900,5.896939939,0.006365625622,0.03125
2025-09,쇼핑검색,04.센서_PC@naver_shoppingsearch,04-8.가스감지센서_PC@cpc_gs26_h,0,209,0,0,0,0,0,0
2025-09,쇼핑검색,04.센서_PC@naver_shoppingsearch,04-9.누수감지센서_PC@cpc_ws26_h-s,2145,160,3,0,0,0,0.01875,0
2025-09,쇼핑검색,05.전원_MO@naver_shoppingsearch,05-3.플러그_MO@cpc_ep1_h-s,308220,30674,245,21,1042800,3.383297645,0.007987220447,0.08571428571
2025-09,쇼핑검색,05.전원_MO@naver_shoppingsearch,05-3.플러그_MO@cpc_ep2_h,352143,22365,317,25,243500,0.6914804497,0.01417393248,0.07886435331
2025-09,쇼핑검색,05.전원_MO@naver_shoppingsearch,05-3.플러그_MO@cpc_ep3_h-s,696344,54123,825,80,2469190,3.545934193,0.01524305748,0.09696969697
2025-09,쇼핑검색,05.전원_MO@naver_shoppingsearch,05-4.멀티탭_MO@cpc_ps03_h,85151,3415,67,14,364500,4.280630879,0.0196193265,0.2089552239
2025-09,쇼핑검색,05.전원_MO@naver_shoppingsearch,05-4.멀티탭_MO@cpc_ps03_h-s,47674,32972,57,2,155300,3.257540798,0.001728739537,0.0350877193
2025-09,쇼핑검색,05.전원_MO@naver_shoppingsearch,05-4.푸시봇_MO@cpc_fb42_h,791395,27532,640,24,949200,1.199401058,0.02324567776,0.0375
2025-09,쇼핑검색,05.전원_MO@naver_shoppingsearch,05-4.푸시봇_MO@cpc_fb42_h-s,796444,43375,658,18,1226200,1.539593493,0.01517002882,0.0273556231
2025-09,쇼핑검색,05.전원_PC@naver_shoppingsearch,05-3.플러그_PC@cpc_ep1_h-s,0,5,0,0,0,0,0,0
2025-09,쇼핑검색,05.전원_PC@naver_shoppingsearch,05-3.플러그_PC@cpc_ep2_h,67166,6600,76,11,74200,1.104725605,0.01151515152,0.1447368421
2025-09,쇼핑검색,05.전원_PC@naver_shoppingsearch,05-4.멀티탭_PC@cpc_ps03_h,1034,1279,2,0,0,0,0.001563721658,0
2025-09,쇼핑검색,05.전원_PC@naver_shoppingsearch,05-4.멀티탭_PC@cpc_ps03_h-s,0,7,0,0,0,0,0,0
2025-09,쇼핑검색,05.전원_PC@naver_shoppingsearch,05-4.푸시봇_PC@cpc_fb42_h,271711,15846,230,47,805700,2.965282966,0.01451470403,0.2043478261
2025-09,쇼핑검색,05.전원_PC@naver_shoppingsearch,05-4.푸시봇_PC@cpc_fb42_h-s,275814,35248,268,13,847000,3.070910106,0.007603268271,0.04850746269
2025-09,쇼핑검색,07.반려_MO@naver_shoppingsearch,2.B01_펫정수기_MO@cpc_pw30,48906,2313,46,7,81400,1.664417454,0.01988759187,0.152173913
2025-09,쇼핑검색,07.반려_MO@naver_shoppingsearch,3.B01_고양이장난감_MO@cpc_pt40,181665,113387,167,27,350000,1.92662318,0.001472831983,0.1616766467
2025-09,쇼핑검색,07.반려_MO@naver_shoppingsearch,3.B01_고양이장난감_MO@cpc_pt40_h-s,158081,40172,174,28,967200,6.118382348,0.004331375087,0.1609195402
2025-09,쇼핑검색,07.반려_MO@naver_shoppingsearch,★07-2.펫정수기_MO@cpc_pw30_h,25993,1240,26,4,103100,3.966452506,0.02096774194,0.1538461538
2025-09,쇼핑검색,07.반려_MO@naver_shoppingsearch,★07-2.펫정수기_MO@cpc_pw30_h-s,192599,9468,172,11,711140,3.692334851,0.01816645543,0.06395348837
2025-09,쇼핑검색,07.반려_PC@naver_shoppingsearch,2.B01_펫정수기_PC@cpc_pw30,14124,645,12,4,57700,4.085244973,0.01860465116,0.3333333333
2025-09,쇼핑검색,07.반려_PC@naver_shoppingsearch,3.B01_고양이장난감_PC@cpc_pt40,28105,18207,36,2,32900,1.170610212,0.001977261493,0.05555555556
2025-09,쇼핑검색,07.반려_PC@naver_shoppingsearch,3.B01_고양이장난감_PC@cpc_pt40_h-s,16643,12427,24,1,32900,1.976807066,0.001931278667,0.04166666667
2025-09,쇼핑검색,07.반려_PC@naver_shoppingsearch,★07-2.펫정수기_PC@cpc_pw30_h,1958,299,2,0,0,0,0.006688963211,0
2025-09,쇼핑검색,07.반려_PC@naver_shoppingsearch,★07-2.펫정수기_PC@cpc_pw30_h-s,14905,933,16,1,13800,0.9258638041,0.01714898178,0.0625
2025-09,쇼핑검색,08.리빙_MO@naver_shoppingsearch,08-2.리모컨허브_MO@cpc_ir441_h,260359,32113,271,31,457900,1.758725452,0.008438949958,0.1143911439
2025-09,쇼핑검색,08.리빙_MO@naver_shoppingsearch,08-2.리모컨허브_MO@cpc_ir441_h-s,133199,36806,156,14,384100,2.883655283,0.004238439385,0.08974358974
2025-09,쇼핑검색,08.리빙_PC@naver_shoppingsearch,08-2.리모컨허브_PC@cpc_ir441_h,63217,9657,68,23,992200,15.69514529,0.007041524283,0.3382352941
2025-09,쇼핑검색,08.리빙_PC@naver_shoppingsearch,08-2.리모컨허브_PC@cpc_ir441_h-s,190707,47346,236,23,592810,3.108485792,0.004984581591,0.09745762712
2025-09,쇼핑검색,08.리빙_PC@naver_shoppingsearch,08-3.스마트버튼_PC@cpc_t402_h-s,165,215,3,1,69800,423.030303,0.01395348837,0.3333333333
2025-09,쇼핑검색,음처기_MO@naver_shoppingsearch,음식물쓰레기MO@cpc_fd471_h,22242,5975,9,0,0,0,0.001506276151,0
2025-09,쇼핑검색,음처기_MO@naver_shoppingsearch,음식물처리기_MO@cpc_fd471_h-s,5730153,736619,1938,22,7597230,1.325833708,0.002630939468,0.01135190918
2025-09,쇼핑검색,음처기_MO@naver_shoppingsearch,음식물처리기분쇄_MO@cpc_fd471_h-s,673343,57775,235,1,339100,0.5036066314,0.004067503245,0.004255319149
2025-09,쇼핑검색,음처기_MO@naver_shoppingsearch,음식물처리기분쇄기_MO@cpc_fd471_h-s,2275801,194100,731,12,4912380,2.15852792,0.003766099948,0.01641586867
2025-09,쇼핑검색,음처기_MO@naver_shoppingsearch,음식쓰레기처리기MO@cpc_fd471_h,66187,7619,20,0,0,0,0.002625016406,0
2025-09,쇼핑검색,음처기_PC@naver_shoppingsearch,음식물쓰레기PC@cpc_fd471_h,189431,5606,46,0,0,0,0.008205494113,0
2025-09,쇼핑검색,음처기_PC@naver_shoppingsearch,음식물처리기_PC@cpc_fd471_h-s,685553,196551,296,3,1112640,1.622981739,0.001505970461,0.01013513514
2025-09,쇼핑검색,음처기_PC@naver_shoppingsearch,음식물처리기분쇄_PC@cpc_fd471_h-s,60049,132074,85,0,0,0,0.0006435785999,0
2025-09,쇼핑검색,음처기_PC@naver_shoppingsearch,음식물처리기분쇄기_PC@cpc_fd471_h-s,12628,18629,15,0,0,0,0.0008051961995,0
2025-09,쇼핑검색,음처기_PC@naver_shoppingsearch,음식쓰레기처리기PC@cpc_fd471_h,150942,19849,43,0,0,0,0.002166355988,0
2025-09,쇼핑검색,음처기공식몰MO@naver_shoppingsearch,1위음식물분쇄기MO@cpc_fd471_h,122331,374549,96,0,0,0,0.0002563082534,0
2025-09,쇼핑검색,음처기공식몰MO@naver_shoppingsearch,음식물쓰레기MO@cpc_fd471_h,32043,6153,14,0,0,0,0.002275312856,0
2025-09,쇼핑검색,음처기공식몰MO@naver_shoppingsearch,음식물처리기MO@cpc_fd471_h,3117587,904634,789,6,1288300,0.4132362625,0.0008721759297,0.007604562738
2025-09,쇼핑검색,음처기공식몰MO@naver_shoppingsearch,음식물처리기분쇄MO@cpc_fd471_h,16753440,3050285,3912,58,7247000,0.4325678786,0.00128250311,0.01482617587
2025-09,쇼핑검색,음처기공식몰MO@naver_shoppingsearch,음식쓰레기처리기MO@cpc_fd471_h,52272,8198,16,0,0,0,0.001951695535,0
2025-09,쇼핑검색,음처기공식몰PC@naver_shoppingsearch,음식물분쇄기PC@cpc_fd471_h,2587442,1157495,787,11,1372800,0.5305626174,0.0006799165439,0.01397712834
2025-09,쇼핑검색,음처기공식몰PC@naver_shoppingsearch,음식물쓰레기PC@cpc_fd471_h,10516,1613,3,0,0,0,0.001859888407,0
2025-09,쇼핑검색,음처기공식몰PC@naver_shoppingsearch,음식물처리기PC@cpc_fd471_h,95722,284733,78,0,0,0,0.0002739408498,0
2025-09,쇼핑검색,음처기공식몰PC@naver_shoppingsearch,음식물처리기분쇄PC@cpc_fd471_h,64526,237962,69,1,415900,6.445463844,0.0002899622629,0.01449275362
2025-09,쇼핑검색,음처기공식몰PC@naver_shoppingsearch,음식쓰레기처리기PC@cpc_fd471_h,31911,1827,9,2,0,0,0.004926108374,0.2222222222
2025-09,파워링크,00.브랜드_MO@naver_powerlink,00-1.자사명_MO@cpc_hejhome_h,1122605,61416,1331,433,8033460,7.156087849,0.02167187704,0.3253193088
2025-09,파워링크,00.브랜드_MO@naver_powerlink,00-2.경쟁사_MO@cpc_hejhome_h,2101,2957,15,2,0,0,0.005072708827,0.1333333333
2025-09,파워링크,00.브랜드_PC@naver_powerlink,00-1.자사명_PC@cpc_hejhome_h,302984,16032,591,144,3349100,11.05371901,0.03686377246,0.2436548223
2025-09,파워링크,01.홈카메라_메인_MO@naver_powerlink,01-1.홈CCTV_MO@cpc_mc0511_h,420717,20317,238,27,310400,0.7377881093,0.0117143279,0.1134453782
2025-09,파워링크,01.홈카메라_메인_MO@naver_powerlink,01-1.홈카메라_MO@cpc_mc0511_h,528055,15258,380,65,1553700,2.942307146,0.02490496789,0.1710526316
2025-09,파워링크,01.홈카메라_메인_MO@naver_powerlink,01-1.홈캠_MO@cpc_mc0511_h,1877447,31059,942,183,3458100,1.841916177,0.03032937313,0.1942675159
2025-09,파워링크,01.홈카메라_메인_PC@naver_powerlink,01-1.홈CCTV_PC@cpc_mc0511_h,25300,5651,27,0,0,0,0.004777915413,0
2025-09,파워링크,01.홈카메라_메인_PC@naver_powerlink,01-1.홈카메라_PC@cpc_mc0511_h,27456,1748,19,0,0,0,0.01086956522,0
2025-09,파워링크,01.홈카메라_메인_PC@naver_powerlink,01-1.홈캠_PC@cpc_mc0511_h,31405,2036,30,2,258600,8.234357586,0.01473477407,0.06666666667
2025-09,파워링크,01.홈카메라_쿠팡_MO@naver_powerlink,01-1 쿠팡+전환_1_MO@cpc_MC0511_h,4835061,433810,3051,674,14885900,3.078740889,0.007033032895,0.2209111767
2025-09,파워링크,01.홈카메라_쿠팡_MO@naver_powerlink,01-1 쿠팡+전환_2_MO@cpc_MC0511_h,539902,67463,706,42,785010,1.453986094,0.01046499563,0.05949008499
2025-09,파워링크,01.홈카메라_쿠팡_MO@naver_powerlink,01-1 쿠팡+전환_3_MO@cpc_MC0511_h,140272,20858,114,21,603810,4.304565416,0.005465528814,0.1842105263
2025-09,파워링크,01.홈카메라_쿠팡_PC@naver_powerlink, 01-1 쿠팡+전환_1_PC@cpc_MC0511_h,2093850,108917,1418,200,4151800,1.98285455,0.01301908793,0.1410437236
2025-09,파워링크,01.홈카메라_쿠팡_PC@naver_powerlink,01-1 쿠팡+전환_2_PC@cpc_MC0511_h,62414,34112,111,1,37900,0.6072355561,0.003253986867,0.009009009009
2025-09,파워링크,01.홈카메라_쿠팡_PC@naver_powerlink,01-1 쿠팡+전환_3_PC@cpc_MC0511_h,14586,12551,27,10,0,0,0.00215122301,0.3703703704
2025-09,파워링크,01.홈카메라_확장_MO@naver_powerlink,01-2.홈CCTV+반려1_MO@cpc_MC0511_h,0,909,0,0,0,0,0,0
2025-09,파워링크,01.홈카메라_확장_MO@naver_powerlink,01-2.홈CCTV+반려2_MO@cpc_mc0511_h,0,30,0,0,0,0,0,0
2025-09,파워링크,01.홈카메라_확장_MO@naver_powerlink,01-2.홈CCTV+반려3_MO@cpc_mc0511_h,21813,736,17,5,0,0,0.02309782609,0.2941176471
2025-09,파워링크,01.홈카메라_확장_MO@naver_powerlink,01-2.홈CCTV+반려4_MO@cpc_mc0511_h,73887,907,56,47,779900,10.55530743,0.06174200662,0.8392857143
2025-09,파워링크,01.홈카메라_확장_MO@naver_powerlink,01-2.홈CCTV+보안_1_MO@cpc_mc058_h,583,227,1,0,0,0,0.004405286344,0
2025-09,파워링크,01.홈카메라_확장_MO@naver_powerlink,01-2.홈CCTV+보안_2_MO@cpc_mc058_h,0,27,0,0,0,0,0,0
2025-09,파워링크,01.홈카메라_확장_MO@naver_powerlink,01-2.홈CCTV+보안_3_MO@cpc_mc058_h,0,29,0,0,0,0,0,0
2025-09,파워링크,01.홈카메라_확장_MO@naver_powerlink,01-2.홈CCTV+보안_4_MO@cpc_mc058_h,0,32,0,0,0,0,0,0
2025-09,파워링크,01.홈카메라_확장_MO@naver_powerlink,01-2.홈CCTV+보안_5_MO@cpc_mc058_h,77,269,1,0,0,0,0.003717472119,0
2025-09,파워링크,01.홈카메라_확장_MO@naver_powerlink,01-2.홈CCTV+보안_6_MO@cpc_mc058_h,7073,567,7,0,0,0,0.01234567901,0
2025-09,파워링크,01.홈카메라_확장_MO@naver_powerlink,01-2.홈CCTV+보안_7_MO@cpc_mc058_h,4763,551,5,0,0,0,0.009074410163,0
2025-09,파워링크,01.홈카메라_확장_MO@naver_powerlink,01-2.홈CCTV+보안_8_MO@cpc_mc058_h,1430,435,2,0,0,0,0.004597701149,0
2025-09,파워링크,01.홈카메라_확장_MO@naver_powerlink,01-2.홈CCTV+어른_1_MO@cpc_mc058_h,5346,283,8,0,0,0,0.02826855124,0
2025-09,파워링크,01.홈카메라_확장_MO@naver_powerlink,01-2.홈CCTV+어른_2_MO@cpc_mc058_h,7458,186,10,0,0,0,0.05376344086,0
2025-09,파워링크,01.홈카메라_확장_MO@naver_powerlink,01-2.홈CCTV+어른_3_MO@cpc_mc058_h,5522,227,14,3,0,0,0.06167400881,0.2142857143
2025-09,파워링크,01.홈카메라_확장_MO@naver_powerlink,01-2.홈CCTV+육아_1_MO@cpc_mc058_h,0,49,0,0,0,0,0,0
2025-09,파워링크,01.홈카메라_확장_MO@naver_powerlink,01-2.홈CCTV+육아_2_MO@cpc_mc058_h,0,31,0,0,0,0,0,0
2025-09,파워링크,01.홈카메라_확장_MO@naver_powerlink,01-2.홈CCTV+육아_3_MO@cpc_mc058_h,77,20,1,0,0,0,0.05,0
2025-09,파워링크,01.홈카메라_확장_MO@naver_powerlink,01-2.홈CCTV+육아_4_MO@cpc_mc058_h,0,29,0,0,0,0,0,0
2025-09,파워링크,01.홈카메라_확장_MO@naver_powerlink,01-2.홈CCTV+육아_5_MO@cpc_mc058_h,770,168,1,0,0,0,0.005952380952,0
2025-09,파워링크,01.홈카메라_확장_MO@naver_powerlink,01-2.홈CCTV+육아_6_MO@cpc_mc058_h,0,73,0,0,0,0,0,0
2025-09,파워링크,01.홈카메라_확장_MO@naver_powerlink,01-2.홈CCTV+육아_7_MO@cpc_mc058_h,0,32,0,0,0,0,0,0
2025-09,파워링크,01.홈카메라_확장_MO@naver_powerlink,01-2.홈CCTV+육아_8_MO@cpc_mc058_h,0,53,0,0,0,0,0,0
2025-09,파워링크,01.홈카메라_확장_MO@naver_powerlink,01-2.홈카메라+반려_1_MO@cpc_mc058_h,31372,767,30,10,194600,6.202983552,0.03911342894,0.3333333333
2025-09,파워링크,01.홈카메라_확장_MO@naver_powerlink,01-2.홈카메라+반려_2_MO@cpc_mc058_h,0,31,0,0,0,0,0,0
2025-09,파워링크,01.홈카메라_확장_MO@naver_powerlink,01-2.홈카메라+보안_1_MO@cpc_mc058_h,1793,874,3,0,0,0,0.003432494279,0
2025-09,파워링크,01.홈카메라_확장_MO@naver_powerlink,01-2.홈카메라+보안_2_MO@cpc_mc058_h,8844,433,11,0,0,0,0.02540415704,0
2025-09,파워링크,01.홈카메라_확장_MO@naver_powerlink,01-2.홈카메라+보안_3_MO@cpc_mc058_h,0,42,0,0,0,0,0,0
2025-09,파워링크,01.홈카메라_확장_MO@naver_powerlink,01-2.홈카메라+어른_MO@cpc_mc058_h,11440,680,20,0,0,0,0.02941176471,0
2025-09,파워링크,01.홈카메라_확장_MO@naver_powerlink,01-2.홈카메라+육아_1_MO@cpc_mc058_h,0,115,0,0,0,0,0,0
2025-09,파워링크,01.홈카메라_확장_MO@naver_powerlink,01-2.홈카메라+육아_2_MO@cpc_mc058_h,4081,919,6,2,0,0,0.006528835691,0.3333333333
2025-09,파워링크,01.홈카메라_확장_MO@naver_powerlink,01-2.홈캠+반려_MO@cpc_mc058_h,144441,4080,92,10,540800,3.744089282,0.02254901961,0.1086956522
2025-09,파워링크,01.홈카메라_확장_MO@naver_powerlink,01-2.홈캠+보안_1_MO@cpc_mc058_h,2607,343,5,0,0,0,0.01457725948,0
2025-09,파워링크,01.홈카메라_확장_MO@naver_powerlink,01-2.홈캠+보안_2_MO@cpc_mc058_h,869,235,6,0,0,0,0.02553191489,0
2025-09,파워링크,01.홈카메라_확장_MO@naver_powerlink,01-2.홈캠+어른_MO@cpc_mc058_h,14399,813,33,0,0,0,0.0405904059,0
2025-09,파워링크,01.홈카메라_확장_MO@naver_powerlink,01-2.홈캠+육아_1_MO@cpc_mc058_h,7359,1929,19,10,204700,27.81627939,0.009849663038,0.5263157895
2025-09,파워링크,01.홈카메라_확장_MO@naver_powerlink,01-2.홈캠+육아_2_MO@cpc_mc058_h,28314,4026,35,0,0,0,0.0086934923,0
2025-09,파워링크,01.홈카메라_확장_MO@naver_powerlink,01-3.홈CCTV+대학생_MO@cpc_mc058_h,0,80,0,0,0,0,0,0
2025-09,파워링크,01.홈카메라_확장_MO@naver_powerlink,01-3.홈CCTV+신혼부부_MO@cpc_mc058_h,0,41,0,0,0,0,0,0
2025-09,파워링크,01.홈카메라_확장_MO@naver_powerlink,01-3.홈CCTV+임산부_MO@cpc_mc058_h,77,264,1,0,0,0,0.003787878788,0
2025-09,파워링크,01.홈카메라_확장_MO@naver_powerlink,01-3.홈CCTV+자영업자_MO@cpc_mc058_h,0,89,0,0,0,0,0,0
2025-09,파워링크,01.홈카메라_확장_MO@naver_powerlink,01-3.홈CCTV+자취생_MO@cpc_mc058_h,0,140,0,0,0,0,0,0
2025-09,파워링크,01.홈카메라_확장_MO@naver_powerlink,01-3.홈카메라+대학생_MO@cpc_mc058_h,308,116,1,0,0,0,0.008620689655,0
2025-09,파워링크,01.홈카메라_확장_MO@naver_powerlink,01-3.홈카메라+신혼부부_MO@cpc_mc058_h,0,75,0,0,0,0,0,0
2025-09,파워링크,01.홈카메라_확장_MO@naver_powerlink,01-3.홈카메라+임산부_MO@cpc_mc058_h,0,39,0,0,0,0,0,0
2025-09,파워링크,01.홈카메라_확장_MO@naver_powerlink,01-3.홈카메라+자영업자_MO@cpc_mc058_h,0,47,0,0,0,0,0,0
2025-09,파워링크,01.홈카메라_확장_MO@naver_powerlink,01-3.홈카메라+자취생_MO@cpc_mc058_h,396,460,1,0,0,0,0.002173913043,0
2025-09,파워링크,01.홈카메라_확장_MO@naver_powerlink,01-3.홈캠+대학생_MO@cpc_mc058_h,0,92,0,0,0,0,0,0
2025-09,파워링크,01.홈카메라_확장_MO@naver_powerlink,01-3.홈캠+신혼부부_MO@cpc_mc058_h,0,30,0,0,0,0,0,0
2025-09,파워링크,01.홈카메라_확장_MO@naver_powerlink,01-3.홈캠+임산부_MO@cpc_mc058_h,0,48,0,0,0,0,0,0
2025-09,파워링크,01.홈카메라_확장_MO@naver_powerlink,01-3.홈캠+자영업자_MO@cpc_mc058_h,0,35,0,0,0,0,0,0
2025-09,파워링크,01.홈카메라_확장_MO@naver_powerlink,01-3.홈캠+자취생_MO@cpc_mc058_h,990,92,1,0,0,0,0.01086956522,0
2025-09,파워링크,01.홈카메라_확장_PC@naver_powerlink,01-2.홈CCTV+반려1_PC@cpc_MC0511_h,0,6,0,0,0,0,0,0
2025-09,파워링크,01.홈카메라_확장_PC@naver_powerlink,01-2.홈CCTV+반려2_PC@cpc_mc0511_h,0,3,0,0,0,0,0,0
2025-09,파워링크,01.홈카메라_확장_PC@naver_powerlink,01-2.홈CCTV+반려3_PC@cpc_mc0511_h,8635,262,11,2,67800,7.851766068,0.04198473282,0.1818181818
2025-09,파워링크,01.홈카메라_확장_PC@naver_powerlink,01-2.홈CCTV+반려4_PC@cpc_mc0511_h,4202,261,5,0,0,0,0.01915708812,0
2025-09,파워링크,01.홈카메라_확장_PC@naver_powerlink,01-2.홈CCTV+보안1_PC@cpc_mc0511_h,0,83,0,0,0,0,0,0
2025-09,파워링크,01.홈카메라_확장_PC@naver_powerlink,01-2.홈CCTV+보안2_PC@cpc_mc0511_h,0,4,0,0,0,0,0,0
2025-09,파워링크,01.홈카메라_확장_PC@naver_powerlink,01-2.홈CCTV+보안3_PC@cpc_mc0511_h,0,4,0,0,0,0,0,0
2025-09,파워링크,01.홈카메라_확장_PC@naver_powerlink,01-2.홈CCTV+보안4_PC@cpc_mc0511_h,0,16,0,0,0,0,0,0
2025-09,파워링크,01.홈카메라_확장_PC@naver_powerlink,01-2.홈CCTV+보안5_PC@cpc_mc0511_h,2189,115,2,0,0,0,0.01739130435,0
2025-09,파워링크,01.홈카메라_확장_PC@naver_powerlink,01-2.홈CCTV+보안6_PC@cpc_mc0511_h,517,208,1,0,0,0,0.004807692308,0
2025-09,파워링크,01.홈카메라_확장_PC@naver_powerlink,01-2.홈CCTV+보안7_PC@cpc_mc0511_h,869,242,1,0,0,0,0.004132231405,0
2025-09,파워링크,01.홈카메라_확장_PC@naver_powerlink,01-2.홈CCTV+보안8_PC@cpc_mc0511_h,0,201,0,0,0,0,0,0
2025-09,파워링크,01.홈카메라_확장_PC@naver_powerlink,01-2.홈CCTV+어른1_PC@cpc_mc0511_h,748,86,1,0,0,0,0.01162790698,0
2025-09,파워링크,01.홈카메라_확장_PC@naver_powerlink,01-2.홈CCTV+어른2_PC@cpc_mc0511_h,2310,40,3,0,0,0,0.075,0
2025-09,파워링크,01.홈카메라_확장_PC@naver_powerlink,01-2.홈CCTV+어른3_PC@cpc_mc0511_h,6369,100,7,6,0,0,0.07,0.8571428571
2025-09,파워링크,01.홈카메라_확장_PC@naver_powerlink,01-2.홈CCTV+육아1_PC@cpc_mc0511_h,0,4,0,0,0,0,0,0
2025-09,파워링크,01.홈카메라_확장_PC@naver_powerlink,01-2.홈CCTV+육아2_PC@cpc_mc0511_h,0,7,0,0,0,0,0,0
2025-09,파워링크,01.홈카메라_확장_PC@naver_powerlink,01-2.홈CCTV+육아4_PC@cpc_mc0511_h,0,3,0,0,0,0,0,0
2025-09,파워링크,01.홈카메라_확장_PC@naver_powerlink,01-2.홈CCTV+육아5_PC@cpc_mc0511_h,3520,43,2,0,0,0,0.04651162791,0
2025-09,파워링크,01.홈카메라_확장_PC@naver_powerlink,01-2.홈CCTV+육아6_PC@cpc_mc0511_h,0,3,0,0,0,0,0,0
2025-09,파워링크,01.홈카메라_확장_PC@naver_powerlink,01-2.홈CCTV+육아7_PC@cpc_mc0511_h,0,1,0,0,0,0,0,0
2025-09,파워링크,01.홈카메라_확장_PC@naver_powerlink,01-2.홈CCTV+육아8_PC@cpc_mc0511_h,0,18,0,0,0,0,0,0
2025-09,파워링크,01.홈카메라_확장_PC@naver_powerlink,01-2.홈카메라+반려1_PC@cpc_mc0511_h,6776,199,7,0,0,0,0.0351758794,0
2025-09,파워링크,01.홈카메라_확장_PC@naver_powerlink,01-2.홈카메라+반려2_PC@cpc_mc0511_h,88,7,1,0,0,0,0.1428571429,0
2025-09,파워링크,01.홈카메라_확장_PC@naver_powerlink,01-2.홈카메라+보안1_PC@cpc_mc0511_h,0,195,0,0,0,0,0,0
2025-09,파워링크,01.홈카메라_확장_PC@naver_powerlink,01-2.홈카메라+보안2_PC@cpc_mc0511_h,2134,124,3,0,0,0,0.02419354839,0
2025-09,파워링크,01.홈카메라_확장_PC@naver_powerlink,01-2.홈카메라+보안3_PC@cpc_mc0511_h,77,30,1,0,0,0,0.03333333333,0
2025-09,파워링크,01.홈카메라_확장_PC@naver_powerlink,01-2.홈카메라+어른PC@cpc_mc0511_h,726,33,2,0,0,0,0.06060606061,0
2025-09,파워링크,01.홈카메라_확장_PC@naver_powerlink,01-2.홈카메라+육아_1_PC@cpc_mc058_h,0,17,0,0,0,0,0,0
2025-09,파워링크,01.홈카메라_확장_PC@naver_powerlink,01-2.홈카메라+육아_2_PC@cpc_mc058_h,0,307,0,0,0,0,0,0
2025-09,파워링크,01.홈카메라_확장_PC@naver_powerlink,01-2.홈캠+반려_PC@cpc_mc058_h,39985,1753,34,3,81200,2.030761536,0.0193953223,0.08823529412
2025-09,파워링크,01.홈카메라_확장_PC@naver_powerlink,01-2.홈캠+보안_1_PC@cpc_mc058_h,495,74,1,0,0,0,0.01351351351,0
2025-09,파워링크,01.홈카메라_확장_PC@naver_powerlink,01-2.홈캠+보안_2_PC@cpc_mc058_h,319,90,2,0,0,0,0.02222222222,0
2025-09,파워링크,01.홈카메라_확장_PC@naver_powerlink,01-2.홈캠+어른_PC@cpc_mc058_h,0,181,0,0,0,0,0,0
2025-09,파워링크,01.홈카메라_확장_PC@naver_powerlink,01-2.홈캠+육아_1_PC@cpc_mc058_h,5599,1044,12,0,0,0,0.01149425287,0
2025-09,파워링크,01.홈카메라_확장_PC@naver_powerlink,01-2.홈캠+육아_2_PC@cpc_mc058_h,4983,665,7,0,0,0,0.01052631579,0
2025-09,파워링크,01.홈카메라_확장_PC@naver_powerlink,01-3.홈CCTV+자영업자_PC@cpc_mc058_h,0,18,0,0,0,0,0,0
2025-09,파워링크,01.홈카메라_확장_PC@naver_powerlink,01-3.홈CCTV+자취생_PC@cpc_mc058_h,0,22,0,0,0,0,0,0
2025-09,파워링크,01.홈카메라_확장_PC@naver_powerlink,01-3.홈카메라+대학생_PC@cpc_mc058_h,0,64,0,0,0,0,0,0
2025-09,파워링크,01.홈카메라_확장_PC@naver_powerlink,01-3.홈카메라+신혼부부_PC@cpc_mc058_h,0,18,0,0,0,0,0,0
2025-09,파워링크,01.홈카메라_확장_PC@naver_powerlink,01-3.홈카메라+임산부_PC@cpc_mc058_h,473,13,1,0,0,0,0.07692307692,0
2025-09,파워링크,01.홈카메라_확장_PC@naver_powerlink,01-3.홈카메라+자영업자_PC@cpc_mc058_h,0,54,0,0,0,0,0,0
2025-09,파워링크,01.홈카메라_확장_PC@naver_powerlink,01-3.홈카메라+자취생_PC@cpc_mc058_h,396,74,1,0,0,0,0.01351351351,0
2025-09,파워링크,01.홈카메라_확장_PC@naver_powerlink,01-3.홈캠+대학생_PC@cpc_mc058_h,0,19,0,0,0,0,0,0
2025-09,파워링크,01.홈카메라_확장_PC@naver_powerlink,01-3.홈캠+자취생_PC@cpc_mc058_h,0,10,0,0,0,0,0,0
2025-09,파워링크,01.홈캠스스_MO@naver_powerlink,01-1.홈캠_MO@cpc_MC0511_h-s,165990,24073,162,4,464920,2.80089162,0.00672953101,0.02469135802
2025-09,파워링크,01.홈캠스스_MO@naver_powerlink,01-2.홈캠_MO@cpc_MC0511_h-s,2061367,221519,1523,0,0,0,0.00687525675,0
2025-09,파워링크,01.홈캠스스_PC@naver_powerlink,01-1.홈캠_PC@cpc_MC0511_h-s,30404,14975,57,6,421310,13.85705828,0.003806343907,0.1052631579
2025-09,파워링크,01.홈캠스스_PC@naver_powerlink,01-2.홈캠_PC@cpc_MC0511_h-s,88132,63498,167,0,0,0,0.002630004095,0
2025-09,파워링크,02.로봇청소기_메인_MO@naver_powerlink,02-1.로봇청소기_MO@cpc_rc41_h,1326567,52364,428,1,0,0,0.00817355435,0.002336448598
2025-09,파워링크,02.로봇청소기_메인_PC@naver_powerlink,02-1.로봇청소기_PC@cpc_rc41_h,380699,54829,122,0,0,0,0.002225099856,0
2025-09,파워링크,03.반려_메인_MO@naver_powerlink,03-2.펫정수기_MO@cpc_pw30_h,569690,27981,546,61,492800,0.8650318594,0.01951324113,0.1117216117
2025-09,파워링크,03.반려_메인_MO@naver_powerlink,03-3.고양이 장난감_MO@cpc_pt40_h,105369,4896,75,1,37400,0.3549431047,0.01531862745,0.01333333333
2025-09,파워링크,03.반려_메인_PC@naver_powerlink,03-2.펫정수기_PC@cpc_pw30_h,132407,6689,138,3,405700,3.0640374,0.02063088653,0.02173913043
2025-09,파워링크,03.반려_메인_PC@naver_powerlink,03-3.고양이 장난감_PC@cpc_pt40_h,75581,4098,65,21,130300,1.723978249,0.0158613958,0.3230769231
2025-09,파워링크,03.반려_확장_MO@naver_powerlink,03-4.펫정수기+확장_1_MO@cpc_pw30_h,18755,1040,25,0,0,0,0.02403846154,0
2025-09,파워링크,03.반려_확장_MO@naver_powerlink,03-4.펫정수기+확장_2_MO@cpc_pw30_h,5808,2986,16,0,0,0,0.005358338915,0
2025-09,파워링크,03.반려_확장_PC@naver_powerlink,03-4.펫정수기+확장_1_PC@cpc_pw30_h,2222,189,5,1,0,0,0.02645502646,0.2
2025-09,파워링크,03.반려_확장_PC@naver_powerlink,03-4.펫정수기+확장_2_PC@cpc_pw30_h,5632,835,14,0,0,0,0.01676646707,0
2025-09,파워링크,04.리모컨허브_메인_MO@naver_powerlink,04-1.리모컨허브_MO@cpc_ir44_h,87582,24840,93,0,0,0,0.003743961353,0
2025-09,파워링크,04.리모컨허브_메인_PC@naver_powerlink,04-1.리모컨허브_PC@cpc_ir44_h,9207,12249,18,4,0,0,0.001469507715,0.2222222222
2025-09,파워링크,05.커튼set_메인_MO@naver_powerlink,05-1.남_MO@cpc_curtainset_h,692494,35065,358,4,79500,0.1148024387,0.01020961072,0.01117318436
2025-09,파워링크,05.커튼set_메인_MO@naver_powerlink,05-1.여_MO@cpc_curtainset_h,2785530,55136,1257,15,343800,0.1234235496,0.02279817179,0.01193317422
2025-09,파워링크,05.커튼set_메인_MO@naver_powerlink,05-1.커튼set_MO@cpc_curtainset_h,1273294,17369,581,144,3925000,3.082555953,0.03345040014,0.247848537
2025-09,파워링크,05.커튼set_메인_PC@naver_powerlink,05-1.남_PC@cpc_curtainset_h,87307,5085,54,18,355900,4.076419989,0.01061946903,0.3333333333
2025-09,파워링크,05.커튼set_메인_PC@naver_powerlink,05-1.여_PC@cpc_curtainset_h,168817,14975,111,0,0,0,0.007412353923,0
2025-09,파워링크,05.커튼set_메인_PC@naver_powerlink,05-1.커튼set_PC@cpc_curtainset_h,94072,3692,74,0,0,0,0.02004333694,0
2025-09,파워링크,05.커튼set_확장_MO@naver_powerlink,05-1.신혼부부1_MO@cpc_curtainset_h,0,30,0,0,0,0,0,0
2025-09,파워링크,05.커튼set_확장_MO@naver_powerlink,05-1.신혼부부2_MO@cpc_curtainset_h,0,27,0,0,0,0,0,0
2025-09,파워링크,05.커튼set_확장_MO@naver_powerlink,05-2.원룸1_MO@cpc_curtainset_h,253,274,3,0,0,0,0.01094890511,0
2025-09,파워링크,05.커튼set_확장_MO@naver_powerlink,05-2.원룸2_MO@cpc_curtainset_h,231,80,3,0,0,0,0.0375,0
2025-09,파워링크,05.커튼set_확장_MO@naver_powerlink,05-3.신혼집1_MO@cpc_curtainset_h,0,117,0,0,0,0,0,0
2025-09,파워링크,05.커튼set_확장_MO@naver_powerlink,05-3.신혼집2_MO@cpc_curtainset_h,0,62,0,0,0,0,0,0
2025-09,파워링크,05.커튼set_확장_MO@naver_powerlink,05-4.가정집1_MO@cpc_curtainset_h,0,27,0,0,0,0,0,0
2025-09,파워링크,05.커튼set_확장_MO@naver_powerlink,05-4.가정집2_MO@cpc_curtainset_h,0,20,0,0,0,0,0,0
2025-09,파워링크,05.커튼set_확장_MO@naver_powerlink,05-5.확장_MO@cpc_curtainset_h,31196,1495,75,0,0,0,0.05016722408,0
2025-09,파워링크,05.커튼set_확장_PC@naver_powerlink,05-1.신혼부부1_PC@cpc_curtainset_h,0,10,0,0,0,0,0,0
2025-09,파워링크,05.커튼set_확장_PC@naver_powerlink,05-1.신혼부부2_PC@cpc_curtainset_h,0,4,0,0,0,0,0,0
2025-09,파워링크,05.커튼set_확장_PC@naver_powerlink,05-2.원룸1_PC@cpc_curtainset_h,0,41,0,0,0,0,0,0
2025-09,파워링크,05.커튼set_확장_PC@naver_powerlink,05-2.원룸2_PC@cpc_curtainset_h,0,9,0,0,0,0,0,0
2025-09,파워링크,05.커튼set_확장_PC@naver_powerlink,05-3.신혼집1_PC@cpc_curtainset_h,0,35,0,0,0,0,0,0
2025-09,파워링크,05.커튼set_확장_PC@naver_powerlink,05-3.신혼집2_PC@cpc_curtainset_h,0,4,0,0,0,0,0,0
2025-09,파워링크,05.커튼set_확장_PC@naver_powerlink,05-4.가정집1_PC@cpc_curtainset_h,0,4,0,0,0,0,0,0
2025-09,파워링크,05.커튼set_확장_PC@naver_powerlink,05-4.가정집2_PC@cpc_curtainset_h,0,4,0,0,0,0,0,0
2025-09,파워링크,05.커튼set_확장_PC@naver_powerlink,05-5.확장_PC@cpc_curtainset_h,11792,638,18,0,0,0,0.02821316614,0
2025-09,파워링크,06.멀티탭_메인_MO@naver_powerlink,06-1.멀티탭_MO@cpc_ps03_h,204072,62823,187,39,210100,1.029538594,0.002976616844,0.2085561497
2025-09,파워링크,06.멀티탭_메인_PC@naver_powerlink,06-1.멀티탭_PC@cpc_ps03_h,44825,18322,60,16,59900,1.336307864,0.003274751665,0.2666666667
2025-09,파워링크,07.MO_new전환@naver_powerlink,01.MO_기본_라인LED@cpc_ls06_h,10395,1747,14,1,31200,3.001443001,0.008013737836,0.07142857143
2025-09,파워링크,07.MO_new전환@naver_powerlink,01.MO_기본_스마트전구@cpc_lb03_h,279928,36246,297,8,126300,0.4511874482,0.008194007615,0.02693602694
2025-09,파워링크,07.PC_new전환@naver_powerlink,01.PC_기본_라인LED@cpc_ls06_h,8580,1268,11,0,0,0,0.008675078864,0
2025-09,파워링크,07.PC_new전환@naver_powerlink,01.PC_기본_스마트전구@cpc_lb03_h,77297,16710,87,1,0,0,0.005206463196,0.01149425287
2025-09,파워링크,08.전원_메인_MO@naver_powerlink,08-1.스위치_MO@cpc_bds_h,499092,32709,490,3,0,0,0.01498058638,0.00612244898
2025-09,파워링크,08.전원_메인_MO@naver_powerlink,08-2.전원기기_MO@cpc_power_h,317834,31962,301,39,415000,1.305713045,0.009417433202,0.1295681063
2025-09,파워링크,08.전원_메인_PC@naver_powerlink,08-1.스위치_PC@cpc_bds_h,110891,22487,122,3,204800,1.846858627,0.005425356873,0.02459016393
2025-09,파워링크,08.전원_메인_PC@naver_powerlink,8-2.전원기기_PC@cpc_power_h,106073,19916,125,5,31200,0.2941370566,0.006276360715,0.04
2025-09,파워링크,08.전원_확장_MO@naver_powerlink,08-4.전원기기+확장_MO@cpc_power_h,2453,325,5,0,0,0,0.01538461538,0
2025-09,파워링크,08.전원_확장_PC@naver_powerlink,08-4.전원기기+확장_PC@cpc_power_h,1485,248,5,0,0,0,0.02016129032,0
2025-09,파워링크,09.센서_메인_MO@naver_powerlink,09-1.온습도계_MO@cpc_th14_h,62491,1352,53,11,29900,0.4784688995,0.03920118343,0.2075471698
2025-09,파워링크,09.센서_메인_PC@naver_powerlink,09-1.온습도계_PC@cpc_th14_h,27467,1795,36,2,119600,4.354316088,0.02005571031,0.05555555556
2025-09,파워링크,09.센서_확장_MO@naver_powerlink,09-2.온습도계+확장1_MO@cpc_th14_h,5599,1938,16,3,0,0,0.008255933953,0.1875
2025-09,파워링크,09.센서_확장_MO@naver_powerlink,09-2.온습도계+확장2_MO@cpc_th14_h,242,165,2,14,122570,506.4876033,0.01212121212,7
2025-09,파워링크,09.센서_확장_PC@naver_powerlink,09-2.온습도계+확장1_PC@cpc_th14_h,869,535,2,0,0,0,0.003738317757,0
2025-09,파워링크,09.센서_확장_PC@naver_powerlink,09-2.온습도계+확장2_PC@cpc_th14_h,88,50,1,0,0,0,0.02,0
2025-09,파워링크,IoT인테리어@naver_powerlink,IoT인테리어_광고그룹@cpc_iot_h,399718,8097,43,0,0,0,0.005310608867,0
2025-09,파워링크,기업특판@naver_powerlink,특판@naver_powerlink_cpc_p105_h,5258,439,2,0,0,0,0.004555808656,0
2025-09,파워링크,음처기_MO@naver_powerlink,메인키워드_MO@cpc_fd471_h,5956742,179775,1844,25,877800,0.147362434,0.01025726603,0.01355748373
2025-09,파워링크,음처기_MO@naver_powerlink,자상호_MO@cpc_fd471_h,23012,3978,77,13,1283800,55.78828437,0.01935646053,0.1688311688
2025-09,파워링크,음처기_PC@naver_powerlink,메인키워드_PC@cpc_fd471_h,1104334,69987,301,9,1213900,1.099214549,0.00430079872,0.02990033223
2025-09,파워링크,음처기_PC@naver_powerlink,자상호_PC@cpc_fd471_h,9042,927,21,3,415900,45.99646096,0.02265372168,0.1428571429
2025-10,브랜드검색/신제품검색,01.신규 자사명@naver_brandsearch,신규_MO_자사명_키워드수정@cpd_hejhome_h,0,65354,22160,11465,206981160,inf,0.3390764146,0.5173736462
2025-10,브랜드검색/신제품검색,01.신규 자사명@naver_brandsearch,신규_PC_자사명_키워드수정@cpd_hejhome_h,0,11589,5905,2968,54635220,inf,0.5095349038,0.5026248942
2025-10,쇼핑검색,00.브랜드형@naver_shoppingbrand,00-0.자상호@cpc_mc05_h-s,0,567,0,0,0,0,0,0
2025-10,쇼핑검색,00.자상호_MO@naver_shoppingsearch,01-1.홈카메라_MO@cpc_mc05_h,11437074,196962,4851,822,21532510,1.882693948,0.02462911628,0.169449598
2025-10,쇼핑검색,00.자상호_MO@naver_shoppingsearch,01-4.펫캠_MO@cpc_mc059_h,521268,23645,253,30,776900,1.490404168,0.01069993656,0.1185770751
2025-10,쇼핑검색,00.자상호_MO@naver_shoppingsearch,01-5.베이비캠_MO@cpc_mc05_h,158015,4662,94,35,523810,3.314938455,0.02016302016,0.3723404255
2025-10,쇼핑검색,00.자상호_MO@naver_shoppingsearch,02-1.전동커튼_MO@cpc_curtainset_h,234333,773008,367,1,482900,2.060742618,0.0004747686958,0.00272479564
2025-10,쇼핑검색,00.자상호_MO@naver_shoppingsearch,03-2.전구_MO@cpc_lb03r_h,339471,14432,369,61,346000,1.019232865,0.02556818182,0.1653116531
2025-10,쇼핑검색,00.자상호_MO@naver_shoppingsearch,04-1.온습도계_MO@cpc_th14_h,1782,61,2,0,0,0,0.03278688525,0
2025-10,쇼핑검색,00.자상호_MO@naver_shoppingsearch,04-1.온습도센서_MO@cpc_th02_h,438207,17016,349,24,348680,0.7956970108,0.02051010813,0.06876790831
2025-10,쇼핑검색,00.자상호_MO@naver_shoppingsearch,07-1.펫급식기_MO@cpc_pf32_h,1606,81,1,0,0,0,0.01234567901,0
2025-10,쇼핑검색,00.자상호_PC@naver_shoppingsearch,01-1.홈카메라_PC@cpc_mc05_h,2192817,52195,980,206,4929300,2.247930402,0.0187757448,0.2102040816
2025-10,쇼핑검색,00.자상호_PC@naver_shoppingsearch,01-4.펫캠_PC@cpc_mc059_h,126247,4547,75,20,381100,3.018685593,0.01649439191,0.2666666667
2025-10,쇼핑검색,00.자상호_PC@naver_shoppingsearch,01-5.베이비캠_PC@cpc_mc05_h,0,89,0,0,0,0,0,0
2025-10,쇼핑검색,00.자상호_PC@naver_shoppingsearch,02-1.전동커튼_PC@cpc_curtainset_h,56111,54843,59,2,266200,4.74416781,0.001075798188,0.03389830508
2025-10,쇼핑검색,00.자상호_PC@naver_shoppingsearch,03-2.전구_PC@cpc_lb03r_h,0,92,0,0,0,0,0,0
2025-10,쇼핑검색,00.자상호_PC@naver_shoppingsearch,04-1.온습도센서_PC@cpc_th02_h,726,61,2,0,0,0,0.03278688525,0
2025-10,쇼핑검색,01.브랜드형_쇼검@naver_shoppingbrand, 01-1.홈카메라@cpc_mc05_h-s,34133,108989,85,0,0,0,0.0007798952188,0
2025-10,쇼핑검색,01.브랜드형_쇼검@naver_shoppingbrand,01-1.커튼@cpc_curtainset_h-s,152339,150424,148,0,0,0,0.0009838855502,0
2025-10,쇼핑검색,01.음처기_MO@naver_shoppingbrand,00-0.브랜드형_음처기_MO@cpc_fd471_h-s,403667,225304,179,0,0,0,0.0007944821219,0
2025-10,쇼핑검색,01.음처기_PC@naver_shoppingbrand,00-0.브랜드형_음처기_PC@cpc_fd471_h-s,8844,38542,5,0,0,0,0.0001297286078,0
2025-10,쇼핑검색,01.펫_MO@naver_shoppingbrand,00-0.브랜드형_급식기_MO@cpc_pf32_h-s,63822,68616,119,1,115200,1.805020212,0.001734289379,0.008403361345
2025-10,쇼핑검색,01.펫_MO@naver_shoppingbrand,00-0.브랜드형_장난감_MO@cpc_pt40_h-s,14157,38295,28,0,0,0,0.0007311659486,0
2025-10,쇼핑검색,01.펫_MO@naver_shoppingbrand,00-0.브랜드형_정수기_MO@cpc_pw30_h-s,9482,5186,26,0,0,0,0.005013497879,0
2025-10,쇼핑검색,01.펫_PC@naver_shoppingbrand,00-0.브랜드형_급식기_PC@cpc_pf32_h-s,0,16671,0,0,0,0,0,0
2025-10,쇼핑검색,01.펫_PC@naver_shoppingbrand,00-0.브랜드형_장난감_PC@cpc_pt40_h-s,0,4053,0,0,0,0,0,0
2025-10,쇼핑검색,01.펫_PC@naver_shoppingbrand,00-0.브랜드형_정수기_PC@cpc_pw30_h-s,990,1805,3,0,0,0,0.001662049861,0
2025-10,쇼핑검색,01.홈캠_MO@naver_shoppingsearch,1.A01_홈카메라_MO@cpc_mc05_h,9185,573,5,0,0,0,0.00872600349,0
2025-10,쇼핑검색,01.홈캠_MO@naver_shoppingsearch,1.A02_홈캠_MO@cpc_IC021_h-s,184624,12528,161,6,310790,1.683367276,0.01285121328,0.03726708075
2025-10,쇼핑검색,01.홈캠_MO@naver_shoppingsearch,1.A02_홈캠_MO@cpc_MC0510_h-s,3214123,123057,1187,143,16130070,5.018498048,0.009645936436,0.1204717776
2025-10,쇼핑검색,01.홈캠_MO@naver_shoppingsearch,1.A02_홈캠_MO@cpc_MC0511_h-s,18901531,353201,5912,439,53084820,2.808493132,0.01673834446,0.07425575101
2025-10,쇼핑검색,01.홈캠_MO@naver_shoppingsearch,1.A02_홈캠_MO@cpc_ic05_h-s,3095565,108657,1356,119,11374910,3.674582831,0.01247963776,0.08775811209
2025-10,쇼핑검색,01.홈캠_MO@naver_shoppingsearch,1.A02_홈캠_MO@cpc_mc058_h-s,7381924,188261,2864,283,32631090,4.420404491,0.01521292249,0.09881284916
2025-10,쇼핑검색,01.홈캠_MO@naver_shoppingsearch,1.A02_홈캠_MO@cpc_mc059_h-s,222596,15073,174,23,2725310,12.24330177,0.01154382008,0.132183908
2025-10,쇼핑검색,01.홈캠_MO@naver_shoppingsearch,1.A02_홈캠_MO@cpc_mc05_h,458975,12272,218,73,1333410,2.905190915,0.01776401565,0.3348623853
2025-10,쇼핑검색,01.홈캠_MO@naver_shoppingsearch,1.A02_홈캠_MO@cpc_mc05_h-s,2516701,97116,894,50,5260850,2.090375456,0.009205486223,0.05592841163
2025-10,쇼핑검색,01.홈캠_MO@naver_shoppingsearch,1.A03_홈CCTV_MO@cpc_mc05_h,79409,2538,32,2,145800,1.836063922,0.01260835303,0.0625
2025-10,쇼핑검색,01.홈캠_MO@naver_shoppingsearch,1.B01_홈카메라_MO@cpc_mc05_h,19767,554,14,1,59900,3.03030303,0.02527075812,0.07142857143
2025-10,쇼핑검색,01.홈캠_MO@naver_shoppingsearch,1.B02_홈캠_MO@cpc_mc05_h,114994,3295,61,6,0,0,0.01851289833,0.09836065574
2025-10,쇼핑검색,01.홈캠_MO@naver_shoppingsearch,1.B03_홈CCTV_MO@cpc_mc05_h,53999,4293,35,4,59800,1.107427915,0.008152806895,0.1142857143
2025-10,쇼핑검색,01.홈캠_MO@naver_shoppingsearch,1.B04_강아지캠_MO@cpc_mc05_h,134057,2769,81,9,271400,2.024511961,0.0292524377,0.1111111111
2025-10,쇼핑검색,01.홈캠_MO@naver_shoppingsearch,1.B05_고양이캠_MO@cpc_mc05_h,95733,1937,66,3,171500,1.791440778,0.03407330924,0.04545454545
2025-10,쇼핑검색,01.홈캠_MO@naver_shoppingsearch,1.B06_육아캠_MO@cpc_mc05_h,430650,15561,289,84,1562700,3.628700801,0.0185720712,0.2906574394
2025-10,쇼핑검색,01.홈캠_MO@naver_shoppingsearch,1.B07_맞벌이부부캠_MO@cpc_mc05_h,346742,21213,157,56,1250100,3.605274238,0.007401121954,0.3566878981
2025-10,쇼핑검색,01.홈캠_MO@naver_shoppingsearch,1.B08_보안캠_MO@cpc_mc05_h,9416,2388,15,0,0,0,0.006281407035,0
2025-10,쇼핑검색,01.홈캠_MO@naver_shoppingsearch,1.B09_부모님캠_MO@cpc_mc05_h,55022,1348,59,0,0,0,0.04376854599,0
2025-10,쇼핑검색,01.홈캠_MO@naver_shoppingsearch,1.B10_스마트캠_MO@cpc_mc05_h,5709,695,6,0,0,0,0.008633093525,0
2025-10,쇼핑검색,01.홈캠_PC@naver_shoppingsearch, 1.A01_홈카메라_PC@cpc_MC0510_h-s,291016,20397,201,30,2641010,9.075136762,0.009854390352,0.1492537313
2025-10,쇼핑검색,01.홈캠_PC@naver_shoppingsearch, 1.A01_홈카메라_PC@cpc_MC0511_h-s,44308,11637,63,12,1242300,28.03782613,0.005413766435,0.1904761905
2025-10,쇼핑검색,01.홈캠_PC@naver_shoppingsearch, 1.A01_홈카메라_PC@cpc_ic05_h-s,39380,5772,57,2,144310,3.664550533,0.009875259875,0.0350877193
2025-10,쇼핑검색,01.홈캠_PC@naver_shoppingsearch, 1.A01_홈카메라_PC@cpc_mc058_h-s,72930,11132,63,5,407700,5.590292061,0.005659360402,0.07936507937
2025-10,쇼핑검색,01.홈캠_PC@naver_shoppingsearch, 1.A01_홈카메라_PC@cpc_mc059_h-s,14135,1685,12,1,80800,5.716307039,0.007121661721,0.08333333333
2025-10,쇼핑검색,01.홈캠_PC@naver_shoppingsearch, 1.A01_홈카메라_PC@cpc_mc05_h-s,6930,2634,6,0,0,0,0.002277904328,0
2025-10,쇼핑검색,01.홈캠_PC@naver_shoppingsearch,1.A01_홈카메라_PC@cpc_mc05,287034,6473,118,23,546200,1.902910457,0.01822956898,0.1949152542
2025-10,쇼핑검색,01.홈캠_PC@naver_shoppingsearch,1.A02_홈캠_PC@cpc_IC021_h-s,1279971,733266,1724,19,2101360,1.641724695,0.002351124967,0.01102088167
2025-10,쇼핑검색,01.홈캠_PC@naver_shoppingsearch,1.A02_홈캠_PC@cpc_mc05_h,43087,3619,22,5,399800,9.278900829,0.006079027356,0.2272727273
2025-10,쇼핑검색,01.홈캠_PC@naver_shoppingsearch,1.A03_홈CCTV_PC@cpc_mc05,6754,179,4,0,0,0,0.02234636872,0
2025-10,쇼핑검색,01.홈캠_PC@naver_shoppingsearch,1.B01_홈카메라_PC@cpc_mc05,52987,1134,23,21,102800,1.940098515,0.02028218695,0.9130434783
2025-10,쇼핑검색,01.홈캠_PC@naver_shoppingsearch,1.B02_홈캠_PC@cpc_mc05,18403,526,11,0,0,0,0.02091254753,0
2025-10,쇼핑검색,01.홈캠_PC@naver_shoppingsearch,1.B03_홈CCTV_PC@cpc_mc05,98582,3608,54,6,69900,0.7090543913,0.01496674058,0.1111111111
2025-10,쇼핑검색,01.홈캠_PC@naver_shoppingsearch,1.B04_강아지캠_PC@cpc_mc05,7678,174,10,0,0,0,0.05747126437,0
2025-10,쇼핑검색,01.홈캠_PC@naver_shoppingsearch,1.B05_고양이캠_PC@cpc_mc05,0,39,0,0,0,0,0,0
2025-10,쇼핑검색,01.홈캠_PC@naver_shoppingsearch,1.B06_육아캠_PC@cpc_mc05,470888,7757,228,52,899700,1.910645419,0.0293928065,0.2280701754
2025-10,쇼핑검색,01.홈캠_PC@naver_shoppingsearch,1.B07_맞벌이부부캠_PC@cpc_mc05,0,1860,0,0,0,0,0,0
2025-10,쇼핑검색,01.홈캠_PC@naver_shoppingsearch,1.B08_보안캠_PC@cpc_mc05,1892,161,5,0,0,0,0.03105590062,0
2025-10,쇼핑검색,01.홈캠_PC@naver_shoppingsearch,1.B09_부모님캠_PC@cpc_mc05,8393,266,13,0,0,0,0.04887218045,0
2025-10,쇼핑검색,01.홈캠_PC@naver_shoppingsearch,1.B10_스마트캠_PC@cpc_mc05,32076,1051,23,5,72900,2.272727273,0.02188392008,0.2173913043
2025-10,쇼핑검색,02.커튼_MO@naver_shoppingsearch,1.A01_전동커튼_MO@cpc_curtainset,21483,22149,15,0,0,0,0.0006772314777,0
2025-10,쇼핑검색,02.커튼_MO@naver_shoppingsearch,1.A02_전동레일_MO@cpc_curtainset,154,5263,1,0,0,0,0.0001900057002,0
2025-10,쇼핑검색,02.커튼_MO@naver_shoppingsearch,1.A02_커튼_MO@cpc_curtainset_h-s,2370291,250002,1462,12,4170390,1.759442195,0.005847953216,0.008207934337
2025-10,쇼핑검색,02.커튼_MO@naver_shoppingsearch,1.A03_커튼천_MO@cpc_cf20_h-s,19800,15011,53,0,0,0,0.003530744121,0
2025-10,쇼핑검색,02.커튼_MO@naver_shoppingsearch,1.B01_전동커튼_MO@cpc_curtainset,214995,26739,181,7,482900,2.246098746,0.006769138711,0.03867403315
2025-10,쇼핑검색,02.커튼_MO@naver_shoppingsearch,1.B07_자동커튼_MO@cpc_curtainset,0,58,0,0,0,0,0,0
2025-10,쇼핑검색,02.커튼_MO@naver_shoppingsearch,2.B01_우드블라인드_MO@cpc_bw15,8305,2140,26,0,0,0,0.01214953271,0
2025-10,쇼핑검색,02.커튼_PC@naver_shoppingsearch,1.A01_전동커튼_PC@cpc_curtainset,113069,182170,128,50,482900,4.270843467,0.0007026403908,0.390625
2025-10,쇼핑검색,02.커튼_PC@naver_shoppingsearch,1.A01_커튼_PC@cpc_curtainset_h-s,1213399,261974,640,4,1185810,0.9772630437,0.002442990526,0.00625
2025-10,쇼핑검색,02.커튼_PC@naver_shoppingsearch,1.A02_전동레일_PC@cpc_curtainset,0,4,0,0,0,0,0,0
2025-10,쇼핑검색,02.커튼_PC@naver_shoppingsearch,1.A02_커튼천_PC@cpc__h-s,8503,2990,23,0,0,0,0.007692307692,0
2025-10,쇼핑검색,02.커튼_PC@naver_shoppingsearch,2.B01_우드블라인드PC@cpc_bw15,139304,7775,125,3,0,0,0.01607717042,0.024
2025-10,쇼핑검색,02.커튼남_MO@naver_shoppingsearch,1.A01_전동커튼_MO@cpc_curtainset,472857,19127,340,26,775900,1.640876629,0.01777591886,0.07647058824
2025-10,쇼핑검색,02.커튼남_MO@naver_shoppingsearch,1.A02_전동레일_MO@cpc_curtainset,0,281,0,0,0,0,0,0
2025-10,쇼핑검색,02.커튼남_MO@naver_shoppingsearch,1.A02_커튼_MO@cpc_curtainset_h-s,996303,142712,565,6,1444400,1.449759762,0.003959022367,0.01061946903
2025-10,쇼핑검색,02.커튼남_MO@naver_shoppingsearch,1.B01_전동커튼_MO@cpc_curtainset,6743,2054,7,5,0,0,0.003407984421,0.7142857143
2025-10,쇼핑검색,02.커튼남_MO@naver_shoppingsearch,1.B07_자동커튼_MO@cpc_curtainset,0,66,0,0,0,0,0,0
2025-10,쇼핑검색,02.커튼남_MO@naver_shoppingsearch,2.B01_우드블라인드_MO@cpc_bw15,20823,1360,62,0,0,0,0.04558823529,0
2025-10,쇼핑검색,02.커튼남_PC@naver_shoppingsearch,1.A01_전동커튼_PC@cpc_curtainset,0,7135,0,0,0,0,0,0
2025-10,쇼핑검색,02.커튼남_PC@naver_shoppingsearch,1.A01_커튼_PC@cpc_curtainset_h-s,346115,7533,151,1,253900,0.7335712119,0.02004513474,0.006622516556
2025-10,쇼핑검색,02.커튼남_PC@naver_shoppingsearch,1.A02_전동레일_PC@cpc_curtainset,0,518,0,0,0,0,0,0
2025-10,쇼핑검색,02.커튼남_PC@naver_shoppingsearch,2.B01_우드블라인드PC@cpc_bw15,20614,1559,18,7,0,0,0.01154586273,0.3888888889
2025-10,쇼핑검색,02.커튼여_MO@naver_shoppingsearch,1.A01_전동커튼_MO@cpc_curtainset,14850,19510,10,0,0,0,0.0005125576627,0
2025-10,쇼핑검색,02.커튼여_MO@naver_shoppingsearch,1.A02_전동레일_MO@cpc_curtainset,0,10,0,0,0,0,0,0
2025-10,쇼핑검색,02.커튼여_MO@naver_shoppingsearch,1.A02_커튼_MO@cpc_curtainset_h-s,343508,182377,460,2,512700,1.492541658,0.002522247871,0.004347826087
2025-10,쇼핑검색,02.커튼여_MO@naver_shoppingsearch,1.B01_전동커튼_MO@cpc_curtainset,565290,97560,365,22,1631700,2.886483044,0.003741287413,0.0602739726
2025-10,쇼핑검색,02.커튼여_MO@naver_shoppingsearch,1.B07_자동커튼_MO@cpc_curtainset,0,248,0,0,0,0,0,0
2025-10,쇼핑검색,02.커튼여_MO@naver_shoppingsearch,2.B01_우드블라인드_MO@cpc_bw15,7271,739,21,0,0,0,0.02841677943,0
2025-10,쇼핑검색,02.커튼여_PC@naver_shoppingsearch,1.A01_전동커튼_PC@cpc_curtainset,4334,966,4,0,0,0,0.004140786749,0
2025-10,쇼핑검색,02.커튼여_PC@naver_shoppingsearch,1.A01_커튼_PC@cpc_curtainset_h-s,1089,73,1,0,0,0,0.01369863014,0
2025-10,쇼핑검색,02.커튼여_PC@naver_shoppingsearch,1.A02_전동레일_PC@cpc_curtainset,0,100,0,0,0,0,0,0
2025-10,쇼핑검색,02.커튼여_PC@naver_shoppingsearch,2.B01_우드블라인드PC@cpc_bw15,4609,404,5,0,0,0,0.01237623762,0
2025-10,쇼핑검색,03.조명_MO@naver_shoppingsearch,03-1.라인LED_MO@cpc_ls06_h,235554,81865,174,35,398800,1.693030048,0.002125450437,0.2011494253
2025-10,쇼핑검색,03.조명_MO@naver_shoppingsearch,03-1.라인LED_MO@cpc_ls06_h-s,198044,56626,186,6,431930,2.180979984,0.003284710204,0.03225806452
2025-10,쇼핑검색,03.조명_MO@naver_shoppingsearch,03-2.전구_MO@cpc_lb03_h-s,224477,28346,219,3,67600,0.301144438,0.007725957807,0.01369863014
2025-10,쇼핑검색,03.조명_MO@naver_shoppingsearch,03-2.전구_MO@cpc_lb03r_h,274659,38687,228,10,329600,1.200033496,0.005893452581,0.04385964912
2025-10,쇼핑검색,03.조명_MO@naver_shoppingsearch,03-3.무드등_MO@cpc_md08_h,139139,192361,162,8,99800,0.7172683432,0.0008421665514,0.04938271605
2025-10,쇼핑검색,03.조명_MO@naver_shoppingsearch,03-3.무드등_MO@cpc_md08_h-s,206426,104825,268,10,688700,3.336304535,0.002556642022,0.03731343284
2025-10,쇼핑검색,03.조명_MO@naver_shoppingsearch,03-4.스타라이트_MO@cpc_sl24_h,74415,11693,95,1,49900,0.6705637304,0.008124518943,0.01052631579
2025-10,쇼핑검색,03.조명_MO@naver_shoppingsearch,03-4.스타라이트_MO@cpc_sl24_h-s,23551,8030,36,0,0,0,0.004483188045,0
2025-10,쇼핑검색,03.조명_MO@naver_shoppingsearch,03-5.싱크라이트_MO@cpc_sy27_h,30899,8294,39,3,271500,8.786692126,0.004702194357,0.07692307692
2025-10,쇼핑검색,03.조명_MO@naver_shoppingsearch,03-5.싱크라이트_MO@cpc_sy27_h-s,141460,90688,151,3,202850,1.433974268,0.0016650494,0.01986754967
2025-10,쇼핑검색,03.조명_PC@naver_shoppingsearch,03-1.라인LED_PC@cpc_ls06_h,11066,27432,13,0,0,0,0.0004738990959,0
2025-10,쇼핑검색,03.조명_PC@naver_shoppingsearch,03-1.라인LED_PC@cpc_ls06_h-s,108526,33367,80,0,0,0,0.002397578446,0
2025-10,쇼핑검색,03.조명_PC@naver_shoppingsearch,03-2.전구_PC@cpc_lb03_h,192731,16581,154,47,307200,1.593931438,0.009287738978,0.3051948052
2025-10,쇼핑검색,03.조명_PC@naver_shoppingsearch,03-2.전구_PC@cpc_lb03r_h-s,129371,32634,149,4,83600,0.6462035541,0.00456579028,0.02684563758
2025-10,쇼핑검색,03.조명_PC@naver_shoppingsearch,03-3.무드등_PC@cpc_md08_h,137995,70868,111,6,1404100,10.17500634,0.001566292262,0.05405405405
2025-10,쇼핑검색,03.조명_PC@naver_shoppingsearch,03-3.무드등_PC@cpc_md08_h-s,10153,16673,17,1,49900,4.914803506,0.001019612547,0.05882352941
2025-10,쇼핑검색,03.조명_PC@naver_shoppingsearch,03-4.스타라이트_PC@cpc_sl24_h,1903,1150,4,0,0,0,0.00347826087,0
2025-10,쇼핑검색,03.조명_PC@naver_shoppingsearch,03-4.스타라이트_PC@cpc_sl24_h-s,8536,1388,15,1,49900,5.845829428,0.01080691643,0.06666666667
2025-10,쇼핑검색,03.조명_PC@naver_shoppingsearch,03-5.싱크라이트_PC@cpc_sy27_h,4422,2213,9,0,0,0,0.004066877542,0
2025-10,쇼핑검색,03.조명_PC@naver_shoppingsearch,03-5.싱크라이트_PC@cpc_sy27_h-s,21032,7166,19,1,48700,2.315519209,0.002651409433,0.05263157895
2025-10,쇼핑검색,04.센서_MO@naver_shoppingsearch,04-1.스마트온습도계_MO@cpc_th14_h,253242,17801,235,54,539590,2.13072871,0.01320150553,0.229787234
2025-10,쇼핑검색,04.센서_MO@naver_shoppingsearch,04-1.스마트온습도계_MO@cpc_th14_h-s,1114476,23972,841,32,1614140,1.448339848,0.03508259636,0.03804994055
2025-10,쇼핑검색,04.센서_MO@naver_shoppingsearch,04-2.온습도센서_MO@cpc_th02_h,67364,6078,76,1,29900,0.4438572531,0.0125041132,0.01315789474
2025-10,쇼핑검색,04.센서_MO@naver_shoppingsearch,04-2.온습도센서_MO@cpc_th02_h-s,59345,15951,110,2,59800,1.007667032,0.006896119366,0.01818181818
2025-10,쇼핑검색,04.센서_MO@naver_shoppingsearch,04-4.도어센서_MO@cpc_do02_h,20284,6454,57,16,128470,6.3335634,0.008831732259,0.2807017544
2025-10,쇼핑검색,04.센서_MO@naver_shoppingsearch,04-4.도어센서_MO@cpc_do02_h-s,238524,17303,283,8,270470,1.133932015,0.01635554528,0.02826855124
2025-10,쇼핑검색,04.센서_MO@naver_shoppingsearch,04-5.모션센서_MO@cpc_mo02_h,73766,2925,119,0,0,0,0.04068376068,0
2025-10,쇼핑검색,04.센서_MO@naver_shoppingsearch,04-5.모션센서_MO@cpc_mo02_h-s,177617,12694,125,2,43800,0.2465980171,0.009847171892,0.016
2025-10,쇼핑검색,04.센서_MO@naver_shoppingsearch,04-6.스마트사이렌_MO@cpc_sa14_h,2739,2880,7,1,0,0,0.002430555556,0.1428571429
2025-10,쇼핑검색,04.센서_MO@naver_shoppingsearch,04-7.화재감지센서_MO@cpc_ss26_h,8822,931,21,0,0,0,0.02255639098,0
2025-10,쇼핑검색,04.센서_MO@naver_shoppingsearch,04-7.화재감지센서_MO@cpc_ss26_h-s,19217,4292,57,1,118900,6.187230057,0.0132805219,0.01754385965
2025-10,쇼핑검색,04.센서_MO@naver_shoppingsearch,04-8.가스감지센서_MO@cpc_gs26_h,0,284,0,0,0,0,0,0
2025-10,쇼핑검색,04.센서_MO@naver_shoppingsearch,04-8.가스감지센서_MO@cpc_gs26_h-s,8855,2845,15,0,0,0,0.005272407733,0
2025-10,쇼핑검색,04.센서_MO@naver_shoppingsearch,04-9.누수감지센서_MO@cpc_ws26_h-s,209,70,2,0,0,0,0.02857142857,0
2025-10,쇼핑검색,04.센서_PC@naver_shoppingsearch,04-1.스마트온습도계_PC@cpc_th14_h,72567,5785,73,12,384700,5.301307757,0.01261884183,0.1643835616
2025-10,쇼핑검색,04.센서_PC@naver_shoppingsearch,04-1.스마트온습도계_PC@cpc_th14_h-s,2167,1076,14,0,0,0,0.01301115242,0
2025-10,쇼핑검색,04.센서_PC@naver_shoppingsearch,04-2.온습도센서_PC@cpc_th02_h,38654,4605,44,23,182870,4.730946344,0.009554831705,0.5227272727
2025-10,쇼핑검색,04.센서_PC@naver_shoppingsearch,04-2.온습도센서_PC@cpc_th02_h-s,22341,5004,47,0,0,0,0.009392486011,0
2025-10,쇼핑검색,04.센서_PC@naver_shoppingsearch,04-4.도어센서_PC@cpc_do02_h,53977,8562,74,9,0,0,0.008642840458,0.1216216216
2025-10,쇼핑검색,04.센서_PC@naver_shoppingsearch,04-4.도어센서_PC@cpc_do02_h-s,6831,13172,12,2,147400,21.57809984,0.0009110233829,0.1666666667
2025-10,쇼핑검색,04.센서_PC@naver_shoppingsearch,04-5.모션센서_PC@cpc_mo02_h,76560,3275,76,0,0,0,0.02320610687,0
2025-10,쇼핑검색,04.센서_PC@naver_shoppingsearch,04-5.모션센서_PC@cpc_mo02_h-s,15202,8853,18,1,21900,1.440599921,0.002033209082,0.05555555556
2025-10,쇼핑검색,04.센서_PC@naver_shoppingsearch,04-6.스마트사이렌_MO@cpc_sa14_h,5181,5487,15,0,0,0,0.002733734281,0
2025-10,쇼핑검색,04.센서_PC@naver_shoppingsearch,04-7.화재감지센서_PC@cpc_ss26_h,13079,713,19,0,0,0,0.02664796634,0
2025-10,쇼핑검색,04.센서_PC@naver_shoppingsearch,04-7.화재감지센서_PC@cpc_ss26_h-s,58146,11118,72,2,385200,6.624703333,0.006475984889,0.02777777778
2025-10,쇼핑검색,04.센서_PC@naver_shoppingsearch,04-8.가스감지센서_PC@cpc_gs26_h,0,53,0,0,0,0,0,0
2025-10,쇼핑검색,04.센서_PC@naver_shoppingsearch,04-9.누수감지센서_PC@cpc_ws26_h-s,55,22,1,0,0,0,0.04545454545,0
2025-10,쇼핑검색,05.전원_MO@naver_shoppingsearch,05-3.플러그_MO@cpc_ep1_h-s,840389,42782,653,69,2718740,3.23509708,0.01526342854,0.1056661562
2025-10,쇼핑검색,05.전원_MO@naver_shoppingsearch,05-3.플러그_MO@cpc_ep2_h,253572,14209,239,58,2948700,11.62864985,0.01682032515,0.2426778243
2025-10,쇼핑검색,05.전원_MO@naver_shoppingsearch,05-3.플러그_MO@cpc_ep3_h-s,704407,43430,888,68,2483020,3.524979167,0.02044669583,0.07657657658
2025-10,쇼핑검색,05.전원_MO@naver_shoppingsearch,05-4.멀티탭_MO@cpc_ps03_h,271898,55686,184,27,355300,1.306740028,0.003304241641,0.1467391304
2025-10,쇼핑검색,05.전원_MO@naver_shoppingsearch,05-4.멀티탭_MO@cpc_ps03_h-s,127490,23006,128,12,637300,4.998823437,0.005563765974,0.09375
2025-10,쇼핑검색,05.전원_MO@naver_shoppingsearch,05-4.푸시봇_MO@cpc_fb42_h,787996,25032,610,71,1160000,1.472088691,0.02436880793,0.1163934426
2025-10,쇼핑검색,05.전원_MO@naver_shoppingsearch,05-4.푸시봇_MO@cpc_fb42_h-s,781242,54037,753,33,2306240,2.952017429,0.01393489646,0.0438247012
2025-10,쇼핑검색,05.전원_MO@naver_shoppingsearch,05-5. 멀티어댑터_MO@cpc_ma481_h,70279,17100,54,1,0,0,0.003157894737,0.01851851852
2025-10,쇼핑검색,05.전원_MO@naver_shoppingsearch,05-6. 피카스위치_MO@cpc_sw012_h,21318,1480,22,0,0,0,0.01486486486,0
2025-10,쇼핑검색,05.전원_PC@naver_shoppingsearch,05-3.플러그_PC@cpc_ep1_h-s,9064,10477,16,4,119200,13.15092674,0.00152715472,0.25
2025-10,쇼핑검색,05.전원_PC@naver_shoppingsearch,05-3.플러그_PC@cpc_ep2_h,78144,3899,85,41,418600,5.356777232,0.02180046166,0.4823529412
2025-10,쇼핑검색,05.전원_PC@naver_shoppingsearch,05-3.플러그_PC@cpc_ep3_h-s,109681,7699,145,10,274700,2.504535881,0.01883361476,0.06896551724
2025-10,쇼핑검색,05.전원_PC@naver_shoppingsearch,05-4.멀티탭_PC@cpc_ps03_h,2068,12952,5,2,0,0,0.0003860407659,0.4
2025-10,쇼핑검색,05.전원_PC@naver_shoppingsearch,05-4.멀티탭_PC@cpc_ps03_h-s,39006,6472,37,2,79800,2.045839102,0.005716934487,0.05405405405
2025-10,쇼핑검색,05.전원_PC@naver_shoppingsearch,05-4.푸시봇_PC@cpc_fb42_h,200970,11975,166,22,230600,1.147434941,0.01386221294,0.1325301205
2025-10,쇼핑검색,05.전원_PC@naver_shoppingsearch,05-4.푸시봇_PC@cpc_fb42_h-s,276298,38358,269,11,728700,2.637369796,0.007012878669,0.04089219331
2025-10,쇼핑검색,05.전원_PC@naver_shoppingsearch,05-5. 멀티어댑터_PC@cpc_ma481_h ,14630,10542,12,0,0,0,0.001138303927,0
2025-10,쇼핑검색,05.전원_PC@naver_shoppingsearch,05-6. 피카스위치_PC@cpc_sw012_h ,9625,469,14,0,0,0,0.02985074627,0
2025-10,쇼핑검색,07.반려_MO@naver_shoppingsearch,1.B01_스마트급식기_MO@cpc_petcare,216128,59801,120,19,606900,2.808058188,0.002006655407,0.1583333333
2025-10,쇼핑검색,07.반려_MO@naver_shoppingsearch,1.B02_강아지급식기_MO@cpc_petcare,24387,43797,15,1,136900,5.613646615,0.0003424892116,0.06666666667
2025-10,쇼핑검색,07.반려_MO@naver_shoppingsearch,1.B03_고양이급식기_MO@cpc_petcare,65670,3451,40,17,488300,7.435663164,0.01159084323,0.425
2025-10,쇼핑검색,07.반려_MO@naver_shoppingsearch,1.B04_펫급식기_MO@cpc_petcare,18205,978,10,1,118800,6.525679758,0.01022494888,0.1
2025-10,쇼핑검색,07.반려_MO@naver_shoppingsearch,1.B05_자동급식기_MO@cpc_petcare,34496,6470,20,0,0,0,0.003091190108,0
2025-10,쇼핑검색,07.반려_MO@naver_shoppingsearch,2.B01_펫정수기_MO@cpc_pw30,7062,511,7,0,0,0,0.01369863014,0
2025-10,쇼핑검색,07.반려_MO@naver_shoppingsearch,3.B01_고양이장난감_MO@cpc_pt40,99011,112293,93,14,283700,2.865338195,0.0008281905373,0.1505376344
2025-10,쇼핑검색,07.반려_MO@naver_shoppingsearch,3.B01_고양이장난감_MO@cpc_pt40_h-s,951929,368216,671,38,1427520,1.499607639,0.001822299954,0.0566318927
2025-10,쇼핑검색,07.반려_MO@naver_shoppingsearch,★07-1.자동급식기_MO@cpc_petcare,66132,6389,36,0,0,0,0.005634684614,0
2025-10,쇼핑검색,07.반려_MO@naver_shoppingsearch,★07-1.자동급식기_MO@cpc_pf32_h-s,31295,50546,46,1,136900,4.374500719,0.0009100621216,0.02173913043
2025-10,쇼핑검색,07.반려_MO@naver_shoppingsearch,★07-1.펫급식기_MO@cpc_petcare,11935,278,7,0,0,0,0.02517985612,0
2025-10,쇼핑검색,07.반려_MO@naver_shoppingsearch,★07-2.펫정수기_MO@cpc_pw30_h,128755,4878,84,13,226800,1.761484991,0.0172201722,0.1547619048
2025-10,쇼핑검색,07.반려_MO@naver_shoppingsearch,★07-2.펫정수기_MO@cpc_pw30_h-s,359810,13499,279,11,424450,1.179650371,0.02066819764,0.0394265233
2025-10,쇼핑검색,07.반려_PC@naver_shoppingsearch,1.B01_스마트급식기_PC@cpc_petcare,47498,10898,25,0,0,0,0.002293998899,0
2025-10,쇼핑검색,07.반려_PC@naver_shoppingsearch,1.B01_스마트급식기_PC@cpc_pf32_h-s,2574,8842,4,1,126410,49.11033411,0.0004523863379,0.25
2025-10,쇼핑검색,07.반려_PC@naver_shoppingsearch,1.B02_강아지급식기_PC@cpc_petcare,8206,79091,8,0,0,0,0.000101149309,0
2025-10,쇼핑검색,07.반려_PC@naver_shoppingsearch,1.B03_고양이급식기_PC@cpc_petcare,11110,43363,16,0,0,0,0.0003689781611,0
2025-10,쇼핑검색,07.반려_PC@naver_shoppingsearch,1.B04_펫급식기_PC@cpc_petcare,0,523,0,0,0,0,0,0
2025-10,쇼핑검색,07.반려_PC@naver_shoppingsearch,1.B05_자동급식기_PC@cpc_petcare,0,83,0,0,0,0,0,0
2025-10,쇼핑검색,07.반려_PC@naver_shoppingsearch,2.B01_펫정수기_PC@cpc_pw30,0,39,0,0,0,0,0,0
2025-10,쇼핑검색,07.반려_PC@naver_shoppingsearch,3.B01_고양이장난감_PC@cpc_pt40,4092,9628,6,0,0,0,0.0006231823847,0
2025-10,쇼핑검색,07.반려_PC@naver_shoppingsearch,3.B01_고양이장난감_PC@cpc_pt40_h-s,79321,178714,110,2,67010,0.8447951993,0.000615508578,0.01818181818
2025-10,쇼핑검색,07.반려_PC@naver_shoppingsearch,★07-1.펫급식기_PC@cpc_petcare,3465,132,2,0,0,0,0.01515151515,0
2025-10,쇼핑검색,07.반려_PC@naver_shoppingsearch,★07-2.펫정수기_PC@cpc_pw30_h,979,238,2,0,0,0,0.008403361345,0
2025-10,쇼핑검색,07.반려_PC@naver_shoppingsearch,★07-2.펫정수기_PC@cpc_pw30_h-s,39017,1613,32,0,0,0,0.01983880967,0
2025-10,쇼핑검색,08.리빙_MO@naver_shoppingsearch,08-2.리모컨허브_MO@cpc_ir441_h,209099,44065,193,27,703280,3.363382895,0.004379893339,0.1398963731
2025-10,쇼핑검색,08.리빙_MO@naver_shoppingsearch,08-2.리모컨허브_MO@cpc_ir441_h-s,124498,68358,160,15,581710,4.672444537,0.002340618508,0.09375
2025-10,쇼핑검색,08.리빙_MO@naver_shoppingsearch,08-3.스마트버튼_MO@cpc_t402_h-s,561,254,5,0,0,0,0.01968503937,0
2025-10,쇼핑검색,08.리빙_PC@naver_shoppingsearch,08-2.리모컨허브_PC@cpc_ir441_h,40645,13878,39,6,52800,1.299052774,0.002810203199,0.1538461538
2025-10,쇼핑검색,08.리빙_PC@naver_shoppingsearch,08-2.리모컨허브_PC@cpc_ir441_h-s,108889,65282,142,11,326200,2.995711229,0.002175178457,0.07746478873
2025-10,쇼핑검색,08.리빙_PC@naver_shoppingsearch,08-3.스마트버튼_PC@cpc_t402_h-s,110,159,2,0,0,0,0.01257861635,0
2025-10,쇼핑검색,09.로청_MO@naver_shoppingbrand,9.A01_로봇청소기_MO@cpc_rc41_h,329945,72396,97,0,0,0,0.001339853031,0
2025-10,쇼핑검색,09.로청_MO@naver_shoppingbrand,9.A01_로봇청소기_MO@cpc_rc41_h-s,901021,255015,351,0,0,0,0.001376389624,0
2025-10,쇼핑검색,09.로청_MO@naver_shoppingbrand,9.B01_로봇청소기_MO@cpc_rc41_h,329252,744911,158,29,17100,0.0519359032,0.0002121058757,0.1835443038
2025-10,쇼핑검색,09.로청_PC@naver_shoppingbrand,9.A01_로봇청소기_PC@cpc_rc41_h,48004,3866,17,0,0,0,0.004397309881,0
2025-10,쇼핑검색,09.로청_PC@naver_shoppingbrand,9.A01_로봇청소기_PC@cpc_rc41_h-s,93258,211809,47,1,349000,3.74230629,0.0002218980308,0.02127659574
2025-10,쇼핑검색,09.로청_PC@naver_shoppingbrand,9.B01_로봇청소기_PC@cpc_rc41_h,6446,47216,7,0,0,0,0.0001482548289,0
2025-10,쇼핑검색,10.스스멀티어댑터_MO@shoppingsearch,10-1. 멀티어댑터_MO@cpc_ma481_h-s,312455,99385,289,5,137610,0.4404154198,0.002907883483,0.01730103806
2025-10,쇼핑검색,10.스스멀티어댑터_PC@shoppingsearch,10-1. 멀티어댑터_PC@cpc_ma481_h-s,14938,53308,21,0,0,0,0.0003939371201,0
2025-10,쇼핑검색,11.스스피카스위치_MO@shoppingsearch,01.피카 스위치_MO@cpc_sw012_h-s,120725,10005,144,2,174500,1.445433837,0.0143928036,0.01388888889
2025-10,쇼핑검색,11.스스피카스위치_PC@shoppingsearch,01.피카 스위치_PC@cpc_sw012_h-s,25146,2036,33,0,0,0,0.01620825147,0
2025-10,쇼핑검색,음처기_MO@naver_shoppingsearch,음식물쓰레기MO@cpc_fd471_h,608212,220800,181,1,0,0,0.0008197463768,0.005524861878
2025-10,쇼핑검색,음처기_MO@naver_shoppingsearch,음식물처리기_MO@cpc_fd471_h-s,6658201,662638,2350,21,6468970,0.9715792599,0.003546431083,0.008936170213
2025-10,쇼핑검색,음처기_MO@naver_shoppingsearch,음식물처리기분쇄_MO@cpc_fd471_h-s,1696156,121413,541,3,773540,0.4560547497,0.004455865517,0.005545286506
2025-10,쇼핑검색,음처기_MO@naver_shoppingsearch,음식물처리기분쇄기_MO@cpc_fd471_h-s,2507175,203418,768,5,1846200,0.7363666278,0.003775477096,0.006510416667
2025-10,쇼핑검색,음처기_MO@naver_shoppingsearch,음식쓰레기처리기MO@cpc_fd471_h,522434,15940,114,1,399000,0.7637328352,0.007151819322,0.008771929825
2025-10,쇼핑검색,음처기_PC@naver_shoppingsearch,음식물쓰레기PC@cpc_fd471_h,13079,151848,31,1,0,0,0.0002041515199,0.03225806452
2025-10,쇼핑검색,음처기_PC@naver_shoppingsearch,음식물처리기_PC@cpc_fd471_h-s,378488,235893,239,2,718200,1.897550253,0.001013171226,0.008368200837
2025-10,쇼핑검색,음처기_PC@naver_shoppingsearch,음식물처리기분쇄_PC@cpc_fd471_h-s,93049,107955,87,0,0,0,0.0008058913436,0
2025-10,쇼핑검색,음처기_PC@naver_shoppingsearch,음식물처리기분쇄기_PC@cpc_fd471_h-s,106260,43585,50,1,392900,3.69753435,0.001147183664,0.02
2025-10,쇼핑검색,음처기_PC@naver_shoppingsearch,음식쓰레기처리기PC@cpc_fd471_h,91795,20401,26,1,452010,4.924124408,0.001274447331,0.03846153846
2025-10,쇼핑검색,음처기공식몰MO@naver_shoppingsearch,1위음식물분쇄기MO@cpc_fd471_h,252692,230175,103,0,0,0,0.0004474856088,0
2025-10,쇼핑검색,음처기공식몰MO@naver_shoppingsearch,음식물쓰레기MO@cpc_fd471_h,164010,134634,54,0,0,0,0.0004010873925,0
2025-10,쇼핑검색,음처기공식몰MO@naver_shoppingsearch,음식물처리기MO@cpc_fd471_h,1788248,1595171,616,5,831800,0.4651480108,0.0003861654957,0.008116883117
2025-10,쇼핑검색,음처기공식몰MO@naver_shoppingsearch,음식물처리기분쇄MO@cpc_fd471_h,8995756,2598824,2359,62,6003800,0.6674036068,0.0009077182603,0.02628232302
2025-10,쇼핑검색,음처기공식몰MO@naver_shoppingsearch,음식쓰레기처리기MO@cpc_fd471_h,534006,457989,169,2,399000,0.7471826159,0.0003690044957,0.01183431953
2025-10,쇼핑검색,음처기공식몰PC@naver_shoppingsearch,음식물분쇄기PC@cpc_fd471_h,1261876,254421,342,11,1706600,1.352430825,0.00134422866,0.03216374269
2025-10,쇼핑검색,음처기공식몰PC@naver_shoppingsearch,음식물쓰레기PC@cpc_fd471_h,31515,25915,15,14,415900,13.19689037,0.0005788153579,0.9333333333
2025-10,쇼핑검색,음처기공식몰PC@naver_shoppingsearch,음식물처리기PC@cpc_fd471_h,99605,180838,44,0,0,0,0.0002433116933,0
2025-10,쇼핑검색,음처기공식몰PC@naver_shoppingsearch,음식물처리기분쇄PC@cpc_fd471_h,171094,819067,172,0,0,0,0.0002099950309,0
2025-10,쇼핑검색,음처기공식몰PC@naver_shoppingsearch,음식쓰레기처리기PC@cpc_fd471_h,11990,33545,6,0,0,0,0.0001788642123,0
2025-10,파워링크,00.브랜드_MO@naver_powerlink,00-1.자사명_MO@cpc_hejhome_h,1109658,69820,1614,488,8452790,7.617473131,0.02311658551,0.302354399
2025-10,파워링크,00.브랜드_PC@naver_powerlink,00-1.자사명_PC@cpc_hejhome_h,327415,14517,618,263,5732100,17.50713926,0.04257077909,0.425566343
2025-10,파워링크,01.홈카메라_메인_MO@naver_powerlink,01-1.홈CCTV_MO@cpc_mc0511_h,618310,29482,358,6,405600,0.6559816273,0.01214300251,0.01675977654
2025-10,파워링크,01.홈카메라_메인_MO@naver_powerlink,01-1.홈카메라_MO@cpc_mc0511_h,414557,9234,290,60,1349400,3.255040923,0.03140567468,0.2068965517
2025-10,파워링크,01.홈카메라_메인_MO@naver_powerlink,01-1.홈캠_MO@cpc_mc0511_h,5478264,87844,2782,496,11589200,2.11548768,0.03166977824,0.1782890007
2025-10,파워링크,01.홈카메라_메인_PC@naver_powerlink,01-1.홈CCTV_PC@cpc_mc0511_h,31724,7184,24,4,69900,2.203379145,0.003340757238,0.1666666667
2025-10,파워링크,01.홈카메라_메인_PC@naver_powerlink,01-1.홈카메라_PC@cpc_mc0511_h,43054,2695,23,0,0,0,0.00853432282,0
2025-10,파워링크,01.홈카메라_메인_PC@naver_powerlink,01-1.홈캠_PC@cpc_mc0511_h,52734,1640,40,7,0,0,0.0243902439,0.175
2025-10,파워링크,01.홈카메라_쿠팡_MO@naver_powerlink,01-1 쿠팡+전환_1_MO@cpc_MC0511_h,1909182,304310,1542,211,2846500,1.49095267,0.005067201209,0.1368352789
2025-10,파워링크,01.홈카메라_쿠팡_MO@naver_powerlink,01-1 쿠팡+전환_2_MO@cpc_MC0511_h,1988657,104077,1525,273,4361900,2.19338981,0.01465261297,0.1790163934
2025-10,파워링크,01.홈카메라_쿠팡_MO@naver_powerlink,01-1 쿠팡+전환_3_MO@cpc_MC0511_h,152031,21882,148,6,139000,0.9142872177,0.00676354995,0.04054054054
2025-10,파워링크,01.홈카메라_쿠팡_PC@naver_powerlink, 01-1 쿠팡+전환_1_PC@cpc_MC0511_h,2192410,89886,1461,97,3451110,1.574117068,0.01625392163,0.06639288159
2025-10,파워링크,01.홈카메라_쿠팡_PC@naver_powerlink,01-1 쿠팡+전환_2_PC@cpc_MC0511_h,48444,32687,99,17,0,0,0.003028727017,0.1717171717
2025-10,파워링크,01.홈카메라_쿠팡_PC@naver_powerlink,01-1 쿠팡+전환_3_PC@cpc_MC0511_h,13343,9153,32,2,84800,6.355392341,0.00349612149,0.0625
2025-10,파워링크,01.홈카메라_확장_MO@naver_powerlink,01-2.홈CCTV+반려1_MO@cpc_MC0511_h,0,199,0,0,0,0,0,0
2025-10,파워링크,01.홈카메라_확장_MO@naver_powerlink,01-2.홈CCTV+반려2_MO@cpc_mc0511_h,0,33,0,0,0,0,0,0
2025-10,파워링크,01.홈카메라_확장_MO@naver_powerlink,01-2.홈CCTV+반려3_MO@cpc_mc0511_h,21934,350,20,1,37800,1.723351874,0.05714285714,0.05
2025-10,파워링크,01.홈카메라_확장_MO@naver_powerlink,01-2.홈CCTV+반려4_MO@cpc_mc0511_h,44473,877,36,3,0,0,0.04104903079,0.08333333333
2025-10,파워링크,01.홈카메라_확장_MO@naver_powerlink,01-2.홈CCTV+보안_1_MO@cpc_mc058_h,0,182,0,0,0,0,0,0
2025-10,파워링크,01.홈카메라_확장_MO@naver_powerlink,01-2.홈CCTV+보안_2_MO@cpc_mc058_h,0,10,0,0,0,0,0,0
2025-10,파워링크,01.홈카메라_확장_MO@naver_powerlink,01-2.홈CCTV+보안_3_MO@cpc_mc058_h,0,14,0,0,0,0,0,0
2025-10,파워링크,01.홈카메라_확장_MO@naver_powerlink,01-2.홈CCTV+보안_4_MO@cpc_mc058_h,0,27,0,0,0,0,0,0
2025-10,파워링크,01.홈카메라_확장_MO@naver_powerlink,01-2.홈CCTV+보안_5_MO@cpc_mc058_h,1936,304,3,0,0,0,0.009868421053,0
2025-10,파워링크,01.홈카메라_확장_MO@naver_powerlink,01-2.홈CCTV+보안_6_MO@cpc_mc058_h,3729,561,4,0,0,0,0.007130124777,0
2025-10,파워링크,01.홈카메라_확장_MO@naver_powerlink,01-2.홈CCTV+보안_7_MO@cpc_mc058_h,7084,536,7,0,0,0,0.01305970149,0
2025-10,파워링크,01.홈카메라_확장_MO@naver_powerlink,01-2.홈CCTV+보안_8_MO@cpc_mc058_h,4488,438,4,0,0,0,0.009132420091,0
2025-10,파워링크,01.홈카메라_확장_MO@naver_powerlink,01-2.홈CCTV+어른_1_MO@cpc_mc058_h,9691,400,14,0,0,0,0.035,0
2025-10,파워링크,01.홈카메라_확장_MO@naver_powerlink,01-2.홈CCTV+어른_2_MO@cpc_mc058_h,6963,183,13,0,0,0,0.07103825137,0
2025-10,파워링크,01.홈카메라_확장_MO@naver_powerlink,01-2.홈CCTV+어른_3_MO@cpc_mc058_h,10142,223,24,1,129700,12.78840465,0.1076233184,0.04166666667
2025-10,파워링크,01.홈카메라_확장_MO@naver_powerlink,01-2.홈CCTV+육아_1_MO@cpc_mc058_h,0,14,0,0,0,0,0,0
2025-10,파워링크,01.홈카메라_확장_MO@naver_powerlink,01-2.홈CCTV+육아_2_MO@cpc_mc058_h,0,7,0,0,0,0,0,0
2025-10,파워링크,01.홈카메라_확장_MO@naver_powerlink,01-2.홈CCTV+육아_3_MO@cpc_mc058_h,0,6,0,0,0,0,0,0
2025-10,파워링크,01.홈카메라_확장_MO@naver_powerlink,01-2.홈CCTV+육아_4_MO@cpc_mc058_h,0,8,0,0,0,0,0,0
2025-10,파워링크,01.홈카메라_확장_MO@naver_powerlink,01-2.홈CCTV+육아_5_MO@cpc_mc058_h,3674,145,7,0,0,0,0.04827586207,0
2025-10,파워링크,01.홈카메라_확장_MO@naver_powerlink,01-2.홈CCTV+육아_6_MO@cpc_mc058_h,0,29,0,0,0,0,0,0
2025-10,파워링크,01.홈카메라_확장_MO@naver_powerlink,01-2.홈CCTV+육아_7_MO@cpc_mc058_h,0,16,0,0,0,0,0,0
2025-10,파워링크,01.홈카메라_확장_MO@naver_powerlink,01-2.홈CCTV+육아_8_MO@cpc_mc058_h,1089,61,2,0,0,0,0.03278688525,0
2025-10,파워링크,01.홈카메라_확장_MO@naver_powerlink,01-2.홈카메라+반려_1_MO@cpc_mc058_h,8195,494,12,0,0,0,0.02429149798,0
2025-10,파워링크,01.홈카메라_확장_MO@naver_powerlink,01-2.홈카메라+반려_2_MO@cpc_mc058_h,0,27,0,0,0,0,0,0
2025-10,파워링크,01.홈카메라_확장_MO@naver_powerlink,01-2.홈카메라+보안_1_MO@cpc_mc058_h,814,841,2,0,0,0,0.002378121284,0
2025-10,파워링크,01.홈카메라_확장_MO@naver_powerlink,01-2.홈카메라+보안_2_MO@cpc_mc058_h,7953,519,8,0,0,0,0.01541425819,0
2025-10,파워링크,01.홈카메라_확장_MO@naver_powerlink,01-2.홈카메라+보안_3_MO@cpc_mc058_h,0,32,0,0,0,0,0,0
2025-10,파워링크,01.홈카메라_확장_MO@naver_powerlink,01-2.홈카메라+어른_MO@cpc_mc058_h,10604,484,26,0,0,0,0.05371900826,0
2025-10,파워링크,01.홈카메라_확장_MO@naver_powerlink,01-2.홈카메라+육아_1_MO@cpc_mc058_h,363,107,1,0,0,0,0.009345794393,0
2025-10,파워링크,01.홈카메라_확장_MO@naver_powerlink,01-2.홈카메라+육아_2_MO@cpc_mc058_h,4422,682,6,0,0,0,0.008797653959,0
2025-10,파워링크,01.홈카메라_확장_MO@naver_powerlink,01-2.홈캠+반려_MO@cpc_mc058_h,110979,2598,74,22,738600,6.655313167,0.02848344881,0.2972972973
2025-10,파워링크,01.홈카메라_확장_MO@naver_powerlink,01-2.홈캠+보안_1_MO@cpc_mc058_h,4026,298,7,3,123300,30.62593145,0.02348993289,0.4285714286
2025-10,파워링크,01.홈카메라_확장_MO@naver_powerlink,01-2.홈캠+보안_2_MO@cpc_mc058_h,671,178,2,0,0,0,0.01123595506,0
2025-10,파워링크,01.홈카메라_확장_MO@naver_powerlink,01-2.홈캠+어른_MO@cpc_mc058_h,5709,1041,23,0,0,0,0.02209414025,0
2025-10,파워링크,01.홈카메라_확장_MO@naver_powerlink,01-2.홈캠+육아_1_MO@cpc_mc058_h,16291,2436,30,5,244300,14.99601007,0.01231527094,0.1666666667
2025-10,파워링크,01.홈카메라_확장_MO@naver_powerlink,01-2.홈캠+육아_2_MO@cpc_mc058_h,31295,4840,33,12,290200,9.273046813,0.006818181818,0.3636363636
2025-10,파워링크,01.홈카메라_확장_MO@naver_powerlink,01-3.홈CCTV+대학생_MO@cpc_mc058_h,0,52,0,0,0,0,0,0
2025-10,파워링크,01.홈카메라_확장_MO@naver_powerlink,01-3.홈CCTV+신혼부부_MO@cpc_mc058_h,0,1,0,0,0,0,0,0
2025-10,파워링크,01.홈카메라_확장_MO@naver_powerlink,01-3.홈CCTV+임산부_MO@cpc_mc058_h,0,23,0,0,0,0,0,0
2025-10,파워링크,01.홈카메라_확장_MO@naver_powerlink,01-3.홈CCTV+자영업자_MO@cpc_mc058_h,0,37,0,0,0,0,0,0
2025-10,파워링크,01.홈카메라_확장_MO@naver_powerlink,01-3.홈CCTV+자취생_MO@cpc_mc058_h,979,103,1,0,0,0,0.009708737864,0
2025-10,파워링크,01.홈카메라_확장_MO@naver_powerlink,01-3.홈카메라+대학생_MO@cpc_mc058_h,429,94,1,0,0,0,0.01063829787,0
2025-10,파워링크,01.홈카메라_확장_MO@naver_powerlink,01-3.홈카메라+신혼부부_MO@cpc_mc058_h,0,3,0,0,0,0,0,0
2025-10,파워링크,01.홈카메라_확장_MO@naver_powerlink,01-3.홈카메라+임산부_MO@cpc_mc058_h,0,1,0,0,0,0,0,0
2025-10,파워링크,01.홈카메라_확장_MO@naver_powerlink,01-3.홈카메라+자영업자_MO@cpc_mc058_h,0,6,0,0,0,0,0,0
2025-10,파워링크,01.홈카메라_확장_MO@naver_powerlink,01-3.홈카메라+자취생_MO@cpc_mc058_h,902,265,2,0,0,0,0.007547169811,0
2025-10,파워링크,01.홈카메라_확장_MO@naver_powerlink,01-3.홈캠+대학생_MO@cpc_mc058_h,0,75,0,0,0,0,0,0
2025-10,파워링크,01.홈카메라_확장_MO@naver_powerlink,01-3.홈캠+신혼부부_MO@cpc_mc058_h,0,8,0,0,0,0,0,0
2025-10,파워링크,01.홈카메라_확장_MO@naver_powerlink,01-3.홈캠+임산부_MO@cpc_mc058_h,0,3,0,0,0,0,0,0
2025-10,파워링크,01.홈카메라_확장_MO@naver_powerlink,01-3.홈캠+자취생_MO@cpc_mc058_h,0,61,0,0,0,0,0,0
2025-10,파워링크,01.홈카메라_확장_PC@naver_powerlink,01-2.홈CCTV+반려1_PC@cpc_MC0511_h,0,4,0,0,0,0,0,0
2025-10,파워링크,01.홈카메라_확장_PC@naver_powerlink,01-2.홈CCTV+반려2_PC@cpc_mc0511_h,0,2,0,0,0,0,0,0
2025-10,파워링크,01.홈카메라_확장_PC@naver_powerlink,01-2.홈CCTV+반려3_PC@cpc_mc0511_h,3267,86,1,0,0,0,0.01162790698,0
2025-10,파워링크,01.홈카메라_확장_PC@naver_powerlink,01-2.홈CCTV+반려4_PC@cpc_mc0511_h,3168,120,5,11,234800,74.11616162,0.04166666667,2.2
2025-10,파워링크,01.홈카메라_확장_PC@naver_powerlink,01-2.홈CCTV+보안1_PC@cpc_mc0511_h,869,59,1,0,0,0,0.01694915254,0
2025-10,파워링크,01.홈카메라_확장_PC@naver_powerlink,01-2.홈CCTV+보안2_PC@cpc_mc0511_h,0,2,0,0,0,0,0,0
2025-10,파워링크,01.홈카메라_확장_PC@naver_powerlink,01-2.홈CCTV+보안3_PC@cpc_mc0511_h,605,7,1,0,0,0,0.1428571429,0
2025-10,파워링크,01.홈카메라_확장_PC@naver_powerlink,01-2.홈CCTV+보안4_PC@cpc_mc0511_h,0,15,0,0,0,0,0,0
2025-10,파워링크,01.홈카메라_확장_PC@naver_powerlink,01-2.홈CCTV+보안5_PC@cpc_mc0511_h,0,137,0,0,0,0,0,0
2025-10,파워링크,01.홈카메라_확장_PC@naver_powerlink,01-2.홈CCTV+보안6_PC@cpc_mc0511_h,0,180,0,0,0,0,0,0
2025-10,파워링크,01.홈카메라_확장_PC@naver_powerlink,01-2.홈CCTV+보안7_PC@cpc_mc0511_h,2607,242,3,0,0,0,0.01239669421,0
2025-10,파워링크,01.홈카메라_확장_PC@naver_powerlink,01-2.홈CCTV+보안8_PC@cpc_mc0511_h,0,139,0,0,0,0,0,0
2025-10,파워링크,01.홈카메라_확장_PC@naver_powerlink,01-2.홈CCTV+어른1_PC@cpc_mc0511_h,2915,155,4,0,0,0,0.02580645161,0
2025-10,파워링크,01.홈카메라_확장_PC@naver_powerlink,01-2.홈CCTV+어른2_PC@cpc_mc0511_h,2222,63,3,0,0,0,0.04761904762,0
2025-10,파워링크,01.홈카메라_확장_PC@naver_powerlink,01-2.홈CCTV+어른3_PC@cpc_mc0511_h,3267,110,6,0,0,0,0.05454545455,0
2025-10,파워링크,01.홈카메라_확장_PC@naver_powerlink,01-2.홈CCTV+육아2_PC@cpc_mc0511_h,0,1,0,0,0,0,0,0
2025-10,파워링크,01.홈카메라_확장_PC@naver_powerlink,01-2.홈CCTV+육아5_PC@cpc_mc0511_h,275,31,1,0,0,0,0.03225806452,0
2025-10,파워링크,01.홈카메라_확장_PC@naver_powerlink,01-2.홈CCTV+육아6_PC@cpc_mc0511_h,0,2,0,0,0,0,0,0
2025-10,파워링크,01.홈카메라_확장_PC@naver_powerlink,01-2.홈CCTV+육아7_PC@cpc_mc0511_h,0,1,0,0,0,0,0,0
2025-10,파워링크,01.홈카메라_확장_PC@naver_powerlink,01-2.홈CCTV+육아8_PC@cpc_mc0511_h,781,13,1,0,0,0,0.07692307692,0
2025-10,파워링크,01.홈카메라_확장_PC@naver_powerlink,01-2.홈카메라+반려1_PC@cpc_mc0511_h,1969,45,4,0,0,0,0.08888888889,0
2025-10,파워링크,01.홈카메라_확장_PC@naver_powerlink,01-2.홈카메라+반려2_PC@cpc_mc0511_h,0,4,0,0,0,0,0,0
2025-10,파워링크,01.홈카메라_확장_PC@naver_powerlink,01-2.홈카메라+보안1_PC@cpc_mc0511_h,0,174,0,0,0,0,0,0
2025-10,파워링크,01.홈카메라_확장_PC@naver_powerlink,01-2.홈카메라+보안2_PC@cpc_mc0511_h,638,97,1,3,0,0,0.01030927835,3
2025-10,파워링크,01.홈카메라_확장_PC@naver_powerlink,01-2.홈카메라+보안3_PC@cpc_mc0511_h,0,21,0,0,0,0,0,0
2025-10,파워링크,01.홈카메라_확장_PC@naver_powerlink,01-2.홈카메라+어른PC@cpc_mc0511_h,1001,58,2,0,0,0,0.03448275862,0
2025-10,파워링크,01.홈카메라_확장_PC@naver_powerlink,01-2.홈카메라+육아_1_PC@cpc_mc058_h,0,7,0,0,0,0,0,0
2025-10,파워링크,01.홈카메라_확장_PC@naver_powerlink,01-2.홈카메라+육아_2_PC@cpc_mc058_h,836,440,1,0,0,0,0.002272727273,0
2025-10,파워링크,01.홈카메라_확장_PC@naver_powerlink,01-2.홈캠+반려_PC@cpc_mc058_h,19866,1597,20,11,354100,17.82442364,0.01252348153,0.55
2025-10,파워링크,01.홈카메라_확장_PC@naver_powerlink,01-2.홈캠+보안_1_PC@cpc_mc058_h,0,58,0,0,0,0,0,0
2025-10,파워링크,01.홈카메라_확장_PC@naver_powerlink,01-2.홈캠+보안_2_PC@cpc_mc058_h,869,88,3,0,0,0,0.03409090909,0
2025-10,파워링크,01.홈카메라_확장_PC@naver_powerlink,01-2.홈캠+어른_PC@cpc_mc058_h,0,138,0,0,0,0,0,0
2025-10,파워링크,01.홈카메라_확장_PC@naver_powerlink,01-2.홈캠+육아_1_PC@cpc_mc058_h,1309,532,4,0,0,0,0.007518796992,0
2025-10,파워링크,01.홈카메라_확장_PC@naver_powerlink,01-2.홈캠+육아_2_PC@cpc_mc058_h,704,108,2,0,0,0,0.01851851852,0
2025-10,파워링크,01.홈카메라_확장_PC@naver_powerlink,01-3.홈CCTV+자영업자_PC@cpc_mc058_h,0,5,0,0,0,0,0,0
2025-10,파워링크,01.홈카메라_확장_PC@naver_powerlink,01-3.홈CCTV+자취생_PC@cpc_mc058_h,0,17,0,0,0,0,0,0
2025-10,파워링크,01.홈카메라_확장_PC@naver_powerlink,01-3.홈카메라+대학생_PC@cpc_mc058_h,0,36,0,0,0,0,0,0
2025-10,파워링크,01.홈카메라_확장_PC@naver_powerlink,01-3.홈카메라+신혼부부_PC@cpc_mc058_h,0,4,0,0,0,0,0,0
2025-10,파워링크,01.홈카메라_확장_PC@naver_powerlink,01-3.홈카메라+임산부_PC@cpc_mc058_h,0,1,0,0,0,0,0,0
2025-10,파워링크,01.홈카메라_확장_PC@naver_powerlink,01-3.홈카메라+자영업자_PC@cpc_mc058_h,0,19,0,0,0,0,0,0
2025-10,파워링크,01.홈카메라_확장_PC@naver_powerlink,01-3.홈카메라+자취생_PC@cpc_mc058_h,528,38,1,0,0,0,0.02631578947,0
2025-10,파워링크,01.홈카메라_확장_PC@naver_powerlink,01-3.홈캠+대학생_PC@cpc_mc058_h,0,4,0,0,0,0,0,0
2025-10,파워링크,01.홈카메라_확장_PC@naver_powerlink,01-3.홈캠+자취생_PC@cpc_mc058_h,0,3,0,0,0,0,0,0
2025-10,파워링크,01.홈캠스스_MO@naver_powerlink,01-2.홈캠_MO@cpc_MC0511_h-s,2084247,189326,1705,0,0,0,0.0090056305,0
2025-10,파워링크,01.홈캠스스_PC@naver_powerlink,01-2.홈캠_PC@cpc_MC0511_h-s,78507,77077,166,0,0,0,0.002153690465,0
2025-10,파워링크,02.로봇청소기_메인_MO@naver_powerlink,02-1.로봇청소기_MO@cpc_rc41_h,2328766,92271,816,24,2279900,0.9790163546,0.008843515297,0.02941176471
2025-10,파워링크,02.로봇청소기_메인_PC@naver_powerlink,02-1.로봇청소기_PC@cpc_rc41_h,420541,49475,121,2,0,0,0.002445679636,0.01652892562
2025-10,파워링크,03.반려_메인_MO@naver_powerlink,03-1.자동급식기_MO@cpc_petcare,311278,29618,285,0,0,0,0.009622526842,0
2025-10,파워링크,03.반려_메인_MO@naver_powerlink,03-2.펫정수기_MO@cpc_pw30_h,560780,27730,513,32,641200,1.143407397,0.01849981969,0.06237816764
2025-10,파워링크,03.반려_메인_MO@naver_powerlink,03-3.고양이 장난감_MO@cpc_pt40_h,257807,10153,170,21,136100,0.5279142925,0.01674381956,0.1235294118
2025-10,파워링크,03.반려_메인_PC@naver_powerlink,03-1.자동급식기_PC@cpc_petcare,3025,1831,6,0,0,0,0.00327689787,0
2025-10,파워링크,03.반려_메인_PC@naver_powerlink,03-2.펫정수기_PC@cpc_pw30_h,131318,6328,108,2,107500,0.8186234941,0.01706700379,0.01851851852
2025-10,파워링크,03.반려_메인_PC@naver_powerlink,03-3.고양이 장난감_PC@cpc_pt40_h,152504,7931,144,24,226200,1.483239784,0.01815660068,0.1666666667
2025-10,파워링크,03.반려_확장_MO@naver_powerlink,03-3.자동급식기+확장_1_MO@cpc_petcare,266332,15324,283,0,0,0,0.01846776299,0
2025-10,파워링크,03.반려_확장_MO@naver_powerlink,03-3.자동급식기+확장_2_MO@cpc_petcare,1188,147,4,0,0,0,0.02721088435,0
2025-10,파워링크,03.반려_확장_MO@naver_powerlink,03-3.자동급식기+확장_3_MO@cpc_petcare,418,123,1,0,0,0,0.008130081301,0
2025-10,파워링크,03.반려_확장_MO@naver_powerlink,03-3.자동급식기+확장_4_MO@cpc_petcare,2607,228,6,0,0,0,0.02631578947,0
2025-10,파워링크,03.반려_확장_MO@naver_powerlink,03-3.자동급식기+확장_5_MO@cpc_petcare,2937,321,8,0,0,0,0.02492211838,0
2025-10,파워링크,03.반려_확장_MO@naver_powerlink,03-4.펫정수기+확장_1_MO@cpc_pw30_h,17314,1098,26,1,47800,2.76077163,0.02367941712,0.03846153846
2025-10,파워링크,03.반려_확장_MO@naver_powerlink,03-4.펫정수기+확장_2_MO@cpc_pw30_h,14080,1672,30,6,47800,3.394886364,0.01794258373,0.2
2025-10,파워링크,03.반려_확장_PC@naver_powerlink,03-3.자동급식기+확장_1_PC@cpc_petcare,66660,3153,64,0,0,0,0.02029812877,0
2025-10,파워링크,03.반려_확장_PC@naver_powerlink,03-3.자동급식기+확장_2_PC@cpc_petcare,407,47,1,0,0,0,0.02127659574,0
2025-10,파워링크,03.반려_확장_PC@naver_powerlink,03-3.자동급식기+확장_3_PC@cpc_petcare,4466,286,10,0,0,0,0.03496503497,0
2025-10,파워링크,03.반려_확장_PC@naver_powerlink,03-3.자동급식기+확장_4_PC@cpc_petcare,902,75,2,0,0,0,0.02666666667,0
2025-10,파워링크,03.반려_확장_PC@naver_powerlink,03-3.자동급식기+확장_5_PC@cpc_petcare,616,84,2,0,0,0,0.02380952381,0
2025-10,파워링크,03.반려_확장_PC@naver_powerlink,03-4.펫정수기+확장_1_PC@cpc_pw30_h,748,220,1,0,0,0,0.004545454545,0
2025-10,파워링크,03.반려_확장_PC@naver_powerlink,03-4.펫정수기+확장_2_PC@cpc_pw30_h,3289,476,10,0,0,0,0.02100840336,0
2025-10,파워링크,04.리모컨허브_메인_MO@naver_powerlink,04-1.리모컨허브_MO@cpc_ir44_h,52437,26873,83,7,119700,2.282739287,0.003088601942,0.0843373494
2025-10,파워링크,04.리모컨허브_메인_PC@naver_powerlink,04-1.리모컨허브_PC@cpc_ir44_h,4158,14260,13,2,85800,20.63492063,0.0009116409537,0.1538461538
2025-10,파워링크,05.커튼set_메인_MO@naver_powerlink,05-1.남_MO@cpc_curtainset_h,662420,29499,333,29,2390000,3.607982851,0.01128851825,0.08708708709
2025-10,파워링크,05.커튼set_메인_MO@naver_powerlink,05-1.여_MO@cpc_curtainset_h,2336312,46660,1163,11,453000,0.1938953359,0.02492498928,0.009458297506
2025-10,파워링크,05.커튼set_메인_MO@naver_powerlink,05-1.커튼set_MO@cpc_curtainset_h,1807597,40180,830,64,1460700,0.8080894137,0.02065704331,0.07710843373
2025-10,파워링크,05.커튼set_메인_PC@naver_powerlink,05-1.남_PC@cpc_curtainset_h,144661,9286,88,5,1090900,7.541078798,0.009476631488,0.05681818182
2025-10,파워링크,05.커튼set_메인_PC@naver_powerlink,05-1.여_PC@cpc_curtainset_h,144001,12344,87,0,0,0,0.007047958522,0
2025-10,파워링크,05.커튼set_메인_PC@naver_powerlink,05-1.커튼set_PC@cpc_curtainset_h,116941,8897,85,21,2350600,20.10073456,0.009553782174,0.2470588235
2025-10,파워링크,05.커튼set_확장_MO@naver_powerlink,05-1.신혼부부1_MO@cpc_curtainset_h,0,32,0,0,0,0,0,0
2025-10,파워링크,05.커튼set_확장_MO@naver_powerlink,05-1.신혼부부2_MO@cpc_curtainset_h,0,25,0,0,0,0,0,0
2025-10,파워링크,05.커튼set_확장_MO@naver_powerlink,05-2.원룸1_MO@cpc_curtainset_h,0,243,0,0,0,0,0,0
2025-10,파워링크,05.커튼set_확장_MO@naver_powerlink,05-2.원룸2_MO@cpc_curtainset_h,154,68,2,0,0,0,0.02941176471,0
2025-10,파워링크,05.커튼set_확장_MO@naver_powerlink,05-3.신혼집1_MO@cpc_curtainset_h,418,214,2,0,0,0,0.009345794393,0
2025-10,파워링크,05.커튼set_확장_MO@naver_powerlink,05-3.신혼집2_MO@cpc_curtainset_h,0,42,0,0,0,0,0,0
2025-10,파워링크,05.커튼set_확장_MO@naver_powerlink,05-4.가정집1_MO@cpc_curtainset_h,0,19,0,0,0,0,0,0
2025-10,파워링크,05.커튼set_확장_MO@naver_powerlink,05-4.가정집2_MO@cpc_curtainset_h,0,13,0,0,0,0,0,0
2025-10,파워링크,05.커튼set_확장_MO@naver_powerlink,05-5.확장_MO@cpc_curtainset_h,23881,1388,68,0,0,0,0.04899135447,0
2025-10,파워링크,05.커튼set_확장_PC@naver_powerlink,05-1.신혼부부1_PC@cpc_curtainset_h,0,2,0,0,0,0,0,0
2025-10,파워링크,05.커튼set_확장_PC@naver_powerlink,05-2.원룸1_PC@cpc_curtainset_h,0,46,0,0,0,0,0,0
2025-10,파워링크,05.커튼set_확장_PC@naver_powerlink,05-2.원룸2_PC@cpc_curtainset_h,0,9,0,0,0,0,0,0
2025-10,파워링크,05.커튼set_확장_PC@naver_powerlink,05-3.신혼집1_PC@cpc_curtainset_h,0,60,0,0,0,0,0,0
2025-10,파워링크,05.커튼set_확장_PC@naver_powerlink,05-3.신혼집2_PC@cpc_curtainset_h,0,3,0,0,0,0,0,0
2025-10,파워링크,05.커튼set_확장_PC@naver_powerlink,05-4.가정집1_PC@cpc_curtainset_h,77,5,1,0,0,0,0.2,0
2025-10,파워링크,05.커튼set_확장_PC@naver_powerlink,05-5.확장_PC@cpc_curtainset_h,11759,439,18,1,0,0,0.0410022779,0.05555555556
2025-10,파워링크,06.멀티탭_메인_MO@naver_powerlink,06-1.멀티탭_MO@cpc_ps03_h,251911,68642,225,0,0,0,0.003277876519,0
2025-10,파워링크,06.멀티탭_메인_PC@naver_powerlink,06-1.멀티탭_PC@cpc_ps03_h,37994,18049,57,0,0,0,0.003158069699,0
2025-10,파워링크,07.MO_new전환@naver_powerlink,01.MO_기본_라인LED@cpc_ls06_h,14300,3439,22,5,133500,9.335664336,0.006397208491,0.2272727273
2025-10,파워링크,07.MO_new전환@naver_powerlink,01.MO_기본_스마트전구@cpc_lb03_h,265034,38521,308,5,113600,0.428624252,0.007995638743,0.01623376623
2025-10,파워링크,07.MO_new전환@naver_powerlink,01.MO_기본_펫급식기@cpc_pf32_h,21736,1424,34,0,0,0,0.02387640449,0
2025-10,파워링크,07.PC_new전환@naver_powerlink,01.PC_기본_라인LED@cpc_ls06_h,5071,2376,9,0,0,0,0.003787878788,0
2025-10,파워링크,07.PC_new전환@naver_powerlink,01.PC_기본_스마트전구@cpc_lb03_h,62832,17984,76,1,0,0,0.004225978648,0.01315789474
2025-10,파워링크,07.PC_new전환@naver_powerlink,01.PC_기본_펫급식기@cpc_pf32_h,9383,606,16,6,270500,28.82873281,0.02640264026,0.375
2025-10,파워링크,08.전원_메인_MO@naver_powerlink,08-1.스위치_MO@cpc_bds_h,516978,31653,521,24,521600,1.008940419,0.01645973525,0.04606525912
2025-10,파워링크,08.전원_메인_MO@naver_powerlink,08-2.전원기기_MO@cpc_power_h,305624,35310,323,38,205900,0.6737036358,0.009147550269,0.1176470588
2025-10,파워링크,08.전원_메인_MO@naver_powerlink,08-3.멀티어댑터_MO@cpc_ma481_h,147114,17373,107,0,0,0,0.006158982329,0
2025-10,파워링크,08.전원_메인_MO@naver_powerlink,08-3.멀티어댑터_MO@cpc_ma481_h-s,1364,216,2,0,0,0,0.009259259259,0
2025-10,파워링크,08.전원_메인_MO@naver_powerlink,08-4.피카스위_MO@cpc_sw391_h,262449,18531,225,0,0,0,0.01214181642,0
2025-10,파워링크,08.전원_메인_PC@naver_powerlink,08-1.스위치_PC@cpc_bds_h,101376,17312,89,0,0,0,0.005140942699,0
2025-10,파워링크,08.전원_메인_PC@naver_powerlink,8-2.전원기기_PC@cpc_power_h,111397,17957,131,61,449400,4.034219952,0.007295205212,0.465648855
2025-10,파워링크,08.전원_메인_PC@naver_powerlink,8-3.멀티어댑터_PC@cpc_ma481_h,29843,4359,25,0,0,0,0.005735260381,0
2025-10,파워링크,08.전원_메인_PC@naver_powerlink,8-3.멀티어댑터_PC@cpc_ma481_h-s,0,214,0,0,0,0,0,0
2025-10,파워링크,08.전원_메인_PC@naver_powerlink,8-4.피카스위치_PC@cpc_h,100166,8481,96,0,0,0,0.01131941988,0
2025-10,파워링크,08.전원_확장_MO@naver_powerlink,08-4.전원기기+확장_MO@cpc_power_h,1936,295,6,0,0,0,0.02033898305,0
2025-10,파워링크,08.전원_확장_PC@naver_powerlink,08-4.전원기기+확장_PC@cpc_power_h,715,156,3,0,0,0,0.01923076923,0
2025-10,파워링크,09.센서_메인_MO@naver_powerlink,09-1.온습도계_MO@cpc_th14_h,92158,1905,79,23,149500,1.622214024,0.04146981627,0.2911392405
2025-10,파워링크,09.센서_메인_PC@naver_powerlink,09-1.온습도계_PC@cpc_th14_h,28699,1591,38,13,0,0,0.02388434947,0.3421052632
2025-10,파워링크,09.센서_확장_MO@naver_powerlink,09-2.온습도계+확장1_MO@cpc_th14_h,6776,3299,21,2,0,0,0.006365565323,0.09523809524
2025-10,파워링크,09.센서_확장_MO@naver_powerlink,09-2.온습도계+확장2_MO@cpc_th14_h,759,250,2,0,0,0,0.008,0
2025-10,파워링크,09.센서_확장_PC@naver_powerlink,09-2.온습도계+확장1_PC@cpc_th14_h,1023,526,3,0,0,0,0.005703422053,0
2025-10,파워링크,09.센서_확장_PC@naver_powerlink,09-2.온습도계+확장2_PC@cpc_th14_h,1254,119,4,1,0,0,0.03361344538,0.25
2025-10,파워링크,10.스스멀티어댑터_MO@naver_powerlink,10-1.멀티어댑터_MO@cpc_ma481_h-s,129657,19312,155,0,0,0,0.008026097763,0
2025-10,파워링크,10.스스멀티어댑터_PC@naver_powerlink,10-1.멀티어댑터_PC@cpc_ma481_h-s,25289,5927,33,0,0,0,0.005567740847,0
2025-10,파워링크,IoT인테리어@naver_powerlink,IoT인테리어_광고그룹@cpc_iot_h,883850,12028,83,0,0,0,0.006900565348,0
2025-10,파워링크,음처기_MO@naver_powerlink,메인키워드_MO@cpc_fd471_h,4924876,159892,1756,26,3027260,0.6146875576,0.01098241313,0.01480637813
2025-10,파워링크,음처기_MO@naver_powerlink,자상호_MO@cpc_fd471_h,35431,2901,75,0,0,0,0.02585315408,0
2025-10,파워링크,음처기_PC@naver_powerlink,메인키워드_PC@cpc_fd471_h,531652,42003,169,10,415900,0.7822786334,0.004023522129,0.05917159763
2025-10,파워링크,음처기_PC@naver_powerlink,자상호_PC@cpc_fd471_h,5280,633,14,6,399000,75.56818182,0.02211690363,0.4285714286
2025-11,브랜드검색/신제품검색,01.신규 자사명@naver_brandsearch,신규_MO_자사명_키워드수정@cpd_hejhome_h,0,81925,32721,28678,397885130,inf,0.399401892,0.8764402066
2025-11,브랜드검색/신제품검색,01.신규 자사명@naver_brandsearch,신규_PC_자사명_키워드수정@cpd_hejhome_h,0,15619,8422,6884,127661530,inf,0.5392150586,0.8173830444
2025-11,쇼핑검색,00.브랜드형@naver_shoppingbrand,00-0.자상호@cpc_mc05_h-s,660,503,2,0,0,0,0.003976143141,0
2025-11,쇼핑검색,00.자상호_MO@naver_shoppingsearch,01-1.홈카메라_MO@cpc_mc05_h,1133869,34725,533,346,5817570,5.130724978,0.01534917207,0.6491557223
2025-11,쇼핑검색,00.자상호_MO@naver_shoppingsearch,01-4.펫캠_MO@cpc_mc059_h,176495,10184,97,53,662800,3.755347177,0.009524744698,0.5463917526
2025-11,쇼핑검색,00.자상호_MO@naver_shoppingsearch,01-5.베이비캠_MO@cpc_mc05_h,130867,4926,88,86,754100,5.762338863,0.01786439302,0.9772727273
2025-11,쇼핑검색,00.자상호_MO@naver_shoppingsearch,02-1.전동커튼_MO@cpc_curtainset_h,28666,132214,57,0,0,0,0.0004311192461,0
2025-11,쇼핑검색,00.자상호_MO@naver_shoppingsearch,03-2.전구_MO@cpc_lb03r_h,123035,7167,158,34,541210,4.398829601,0.02204548626,0.2151898734
2025-11,쇼핑검색,00.자상호_MO@naver_shoppingsearch,03-3.무드등_MO@cpc_md08_h,748,3186,2,0,0,0,0.0006277463905,0
2025-11,쇼핑검색,00.자상호_MO@naver_shoppingsearch,04-1.온습도계_MO@cpc_th14_h,186956,23339,162,12,300810,1.608988211,0.00694117143,0.07407407407
2025-11,쇼핑검색,00.자상호_MO@naver_shoppingsearch,04-1.온습도센서_MO@cpc_th02_h,233761,22696,245,67,398400,1.704304824,0.01079485372,0.2734693878
2025-11,쇼핑검색,00.자상호_MO@naver_shoppingsearch,07-1.펫급식기_MO@cpc_pf32_h,4411,716,3,0,0,0,0.004189944134,0
2025-11,쇼핑검색,00.자상호_PC@naver_shoppingsearch,01-1.홈카메라_PC@cpc_mc05_h,3565287,66559,1636,677,12616250,3.538635179,0.02457969621,0.4138141809
2025-11,쇼핑검색,00.자상호_PC@naver_shoppingsearch,01-4.펫캠_PC@cpc_mc059_h,111782,5553,73,46,577800,5.168989641,0.01314604718,0.6301369863
2025-11,쇼핑검색,00.자상호_PC@naver_shoppingsearch,01-5.베이비캠_PC@cpc_mc05_h,5412,114,4,0,0,0,0.0350877193,0
2025-11,쇼핑검색,00.자상호_PC@naver_shoppingsearch,02-1.전동커튼_PC@cpc_curtainset_h,105391,11309,85,5,424400,4.026909319,0.00751613759,0.05882352941
2025-11,쇼핑검색,00.자상호_PC@naver_shoppingsearch,03-2.전구_PC@cpc_lb03r_h,0,56,0,0,0,0,0,0
2025-11,쇼핑검색,00.자상호_PC@naver_shoppingsearch,04-1.온습도센서_PC@cpc_th02_h,1034,94,2,0,0,0,0.02127659574,0
2025-11,쇼핑검색,01.브랜드형_쇼검@naver_shoppingbrand, 01-1.홈카메라@cpc_mc05_h-s,41943,64234,108,2,200700,4.785065446,0.001681352555,0.01851851852
2025-11,쇼핑검색,01.브랜드형_쇼검@naver_shoppingbrand,01-1.커튼@cpc_curtainset_h-s,149534,235571,148,1,112600,0.7530060053,0.0006282606942,0.006756756757
2025-11,쇼핑검색,01.음처기_MO@naver_shoppingbrand,00-0.브랜드형_음처기_MO@cpc_fd471_h-s,78947,206226,87,0,0,0,0.0004218672718,0
2025-11,쇼핑검색,01.음처기_PC@naver_shoppingbrand,00-0.브랜드형_음처기_PC@cpc_fd471_h-s,7755,40952,8,0,0,0,0.0001953506544,0
2025-11,쇼핑검색,01.펫_MO@naver_shoppingbrand,00-0.브랜드형_급식기_MO@cpc_pf32_h-s,66748,44904,117,2,75810,1.135764367,0.002605558525,0.01709401709
2025-11,쇼핑검색,01.펫_MO@naver_shoppingbrand,00-0.브랜드형_장난감_MO@cpc_pt40_h-s,10263,18048,17,0,0,0,0.0009419326241,0
2025-11,쇼핑검색,01.펫_MO@naver_shoppingbrand,00-0.브랜드형_정수기_MO@cpc_pw30_h-s,12188,2268,30,1,55700,4.57006892,0.01322751323,0.03333333333
2025-11,쇼핑검색,01.펫_PC@naver_shoppingbrand,00-0.브랜드형_급식기_PC@cpc_pf32_h-s,660,18192,2,0,0,0,0.0001099384345,0
2025-11,쇼핑검색,01.펫_PC@naver_shoppingbrand,00-0.브랜드형_장난감_PC@cpc_pt40_h-s,0,5374,0,0,0,0,0,0
2025-11,쇼핑검색,01.펫_PC@naver_shoppingbrand,00-0.브랜드형_정수기_PC@cpc_pw30_h-s,1012,1427,2,0,0,0,0.001401541696,0
2025-11,쇼핑검색,01.홈캠_MO@naver_shoppingsearch,1.A01_홈카메라_MO@cpc_mc05_h,43571,3963,30,4,0,0,0.00757002271,0.1333333333
2025-11,쇼핑검색,01.홈캠_MO@naver_shoppingsearch,1.A02_홈캠_MO@cpc_IC021_h-s,248919,23774,224,17,1304010,5.238692105,0.00942205771,0.07589285714
2025-11,쇼핑검색,01.홈캠_MO@naver_shoppingsearch,1.A02_홈캠_MO@cpc_MC0510_h-s,3333165,145045,1628,174,17148250,5.144734809,0.01122410286,0.1068796069
2025-11,쇼핑검색,01.홈캠_MO@naver_shoppingsearch,1.A02_홈캠_MO@cpc_MC0511_h-s,11385825,289157,5446,751,93036940,8.171295449,0.01883405901,0.1378993757
2025-11,쇼핑검색,01.홈캠_MO@naver_shoppingsearch,1.A02_홈캠_MO@cpc_ic05_h-s,2099537,87926,1040,104,9509290,4.529231921,0.0118281282,0.1
2025-11,쇼핑검색,01.홈캠_MO@naver_shoppingsearch,1.A02_홈캠_MO@cpc_mc058_h-s,11809798,239842,5126,459,51333860,4.346717869,0.0213724035,0.08954350371
2025-11,쇼핑검색,01.홈캠_MO@naver_shoppingsearch,1.A02_홈캠_MO@cpc_mc059_h-s,254199,15273,210,22,2321580,9.132923418,0.01374975447,0.1047619048
2025-11,쇼핑검색,01.홈캠_MO@naver_shoppingsearch,1.A02_홈캠_MO@cpc_mc05_h,305327,10745,147,67,482500,1.580272953,0.01368078176,0.4557823129
2025-11,쇼핑검색,01.홈캠_MO@naver_shoppingsearch,1.A02_홈캠_MO@cpc_mc05_h-s,512226,41345,289,30,3012770,5.881720178,0.006989962511,0.1038062284
2025-11,쇼핑검색,01.홈캠_MO@naver_shoppingsearch,1.A03_홈CCTV_MO@cpc_mc05_h,65032,5675,32,1,62900,0.9672161397,0.00563876652,0.03125
2025-11,쇼핑검색,01.홈캠_MO@naver_shoppingsearch,1.B01_홈카메라_MO@cpc_mc05_h,16654,311,13,1,0,0,0.04180064309,0.07692307692
2025-11,쇼핑검색,01.홈캠_MO@naver_shoppingsearch,1.B02_홈캠_MO@cpc_mc05_h,108174,2120,72,3,54900,0.5075156692,0.03396226415,0.04166666667
2025-11,쇼핑검색,01.홈캠_MO@naver_shoppingsearch,1.B03_홈CCTV_MO@cpc_mc05_h,24981,4139,19,18,385200,15.41971899,0.004590480792,0.9473684211
2025-11,쇼핑검색,01.홈캠_MO@naver_shoppingsearch,1.B04_강아지캠_MO@cpc_mc05_h,92026,2308,58,13,401100,4.358550844,0.02512998267,0.224137931
2025-11,쇼핑검색,01.홈캠_MO@naver_shoppingsearch,1.B05_고양이캠_MO@cpc_mc05_h,83842,3205,56,12,0,0,0.01747269891,0.2142857143
2025-11,쇼핑검색,01.홈캠_MO@naver_shoppingsearch,1.B06_육아캠_MO@cpc_mc05_h,333883,13127,240,53,1342800,4.021768104,0.01828292832,0.2208333333
2025-11,쇼핑검색,01.홈캠_MO@naver_shoppingsearch,1.B07_맞벌이부부캠_MO@cpc_mc05_h,184734,16298,96,26,175500,0.9500146156,0.005890293288,0.2708333333
2025-11,쇼핑검색,01.홈캠_MO@naver_shoppingsearch,1.B08_보안캠_MO@cpc_mc05_h,5984,909,11,0,0,0,0.01210121012,0
2025-11,쇼핑검색,01.홈캠_MO@naver_shoppingsearch,1.B09_부모님캠_MO@cpc_mc05_h,44913,1151,66,3,152700,3.399906486,0.05734144222,0.04545454545
2025-11,쇼핑검색,01.홈캠_MO@naver_shoppingsearch,1.B10_스마트캠_MO@cpc_mc05_h,18260,1282,18,9,0,0,0.01404056162,0.5
2025-11,쇼핑검색,01.홈캠_PC@naver_shoppingsearch, 1.A01_홈카메라_PC@cpc_MC0510_h-s,241384,16532,163,24,2604350,10.78924038,0.009859666102,0.1472392638
2025-11,쇼핑검색,01.홈캠_PC@naver_shoppingsearch, 1.A01_홈카메라_PC@cpc_MC0511_h-s,15994,3229,20,5,1137870,71.14355383,0.006193868071,0.25
2025-11,쇼핑검색,01.홈캠_PC@naver_shoppingsearch, 1.A01_홈카메라_PC@cpc_ic05_h-s,17083,1993,22,1,34120,1.997307265,0.01103863522,0.04545454545
2025-11,쇼핑검색,01.홈캠_PC@naver_shoppingsearch, 1.A01_홈카메라_PC@cpc_mc058_h-s,26466,3760,19,1,51200,1.934557546,0.005053191489,0.05263157895
2025-11,쇼핑검색,01.홈캠_PC@naver_shoppingsearch, 1.A01_홈카메라_PC@cpc_mc059_h-s,32494,2945,21,0,0,0,0.007130730051,0
2025-11,쇼핑검색,01.홈캠_PC@naver_shoppingsearch, 1.A01_홈카메라_PC@cpc_mc05_h-s,13706,2549,10,0,0,0,0.003923107101,0
2025-11,쇼핑검색,01.홈캠_PC@naver_shoppingsearch,1.A01_홈카메라_PC@cpc_mc05,437514,9805,184,54,847510,1.937103727,0.01876593575,0.2934782609
2025-11,쇼핑검색,01.홈캠_PC@naver_shoppingsearch,1.A02_홈캠_PC@cpc_IC021_h-s,82412,7693,56,2,193800,2.351599282,0.007279344859,0.03571428571
2025-11,쇼핑검색,01.홈캠_PC@naver_shoppingsearch,1.A02_홈캠_PC@cpc_mc05_h,70829,4682,39,19,363100,5.126431264,0.008329773601,0.4871794872
2025-11,쇼핑검색,01.홈캠_PC@naver_shoppingsearch,1.A03_홈CCTV_PC@cpc_mc05,27643,422,16,0,0,0,0.03791469194,0
2025-11,쇼핑검색,01.홈캠_PC@naver_shoppingsearch,1.B01_홈카메라_PC@cpc_mc05,15983,441,7,1,125800,7.870862792,0.01587301587,0.1428571429
2025-11,쇼핑검색,01.홈캠_PC@naver_shoppingsearch,1.B02_홈캠_PC@cpc_mc05,66825,1076,33,17,344200,5.150766929,0.03066914498,0.5151515152
2025-11,쇼핑검색,01.홈캠_PC@naver_shoppingsearch,1.B03_홈CCTV_PC@cpc_mc05,77583,4397,44,8,522200,6.730855986,0.01000682283,0.1818181818
2025-11,쇼핑검색,01.홈캠_PC@naver_shoppingsearch,1.B04_강아지캠_PC@cpc_mc05,836,250,1,0,0,0,0.004,0
2025-11,쇼핑검색,01.홈캠_PC@naver_shoppingsearch,1.B05_고양이캠_PC@cpc_mc05,0,34,0,0,0,0,0,0
2025-11,쇼핑검색,01.홈캠_PC@naver_shoppingsearch,1.B06_육아캠_PC@cpc_mc05,447634,10753,235,74,1159200,2.589615623,0.02185436622,0.314893617
2025-11,쇼핑검색,01.홈캠_PC@naver_shoppingsearch,1.B07_맞벌이부부캠_PC@cpc_mc05,0,1294,0,0,0,0,0,0
2025-11,쇼핑검색,01.홈캠_PC@naver_shoppingsearch,1.B08_보안캠_PC@cpc_mc05,1232,126,3,2,0,0,0.02380952381,0.6666666667
2025-11,쇼핑검색,01.홈캠_PC@naver_shoppingsearch,1.B09_부모님캠_PC@cpc_mc05,11407,429,13,0,0,0,0.0303030303,0
2025-11,쇼핑검색,01.홈캠_PC@naver_shoppingsearch,1.B10_스마트캠_PC@cpc_mc05,40887,1046,31,0,0,0,0.02963671128,0
2025-11,쇼핑검색,02.커튼_MO@naver_shoppingsearch,1.A01_전동커튼_MO@cpc_curtainset,22000,812,16,0,0,0,0.0197044335,0
2025-11,쇼핑검색,02.커튼_MO@naver_shoppingsearch,1.A02_전동레일_MO@cpc_curtainset,0,8,0,0,0,0,0,0
2025-11,쇼핑검색,02.커튼_MO@naver_shoppingsearch,1.A02_커튼_MO@cpc_curtainset_h-s,1071796,182283,777,13,2439040,2.275656935,0.004262602656,0.01673101673
2025-11,쇼핑검색,02.커튼_MO@naver_shoppingsearch,1.A03_커튼천_MO@cpc_cf20_h-s,21153,4982,55,2,410370,19.40008509,0.01103974308,0.03636363636
2025-11,쇼핑검색,02.커튼_MO@naver_shoppingsearch,1.B01_전동커튼_MO@cpc_curtainset,134684,8868,97,2,0,0,0.01093820478,0.0206185567
2025-11,쇼핑검색,02.커튼_MO@naver_shoppingsearch,1.B07_자동커튼_MO@cpc_curtainset,137907,3277,88,13,201700,1.462579855,0.02685382972,0.1477272727
2025-11,쇼핑검색,02.커튼_MO@naver_shoppingsearch,2.B01_우드블라인드_MO@cpc_bw15,15917,2046,39,0,0,0,0.01906158358,0
2025-11,쇼핑검색,02.커튼_PC@naver_shoppingsearch,1.A01_전동커튼_PC@cpc_curtainset,393954,22576,254,111,413900,1.050630277,0.0112508859,0.437007874
2025-11,쇼핑검색,02.커튼_PC@naver_shoppingsearch,1.A01_커튼_PC@cpc_curtainset_h-s,377212,166086,271,4,1704300,4.518148945,0.00163168479,0.0147601476
2025-11,쇼핑검색,02.커튼_PC@naver_shoppingsearch,1.A02_전동레일_PC@cpc_curtainset,0,4,0,0,0,0,0,0
2025-11,쇼핑검색,02.커튼_PC@naver_shoppingsearch,1.A02_커튼천_PC@cpc__h-s,7029,1303,23,0,0,0,0.01765157329,0
2025-11,쇼핑검색,02.커튼_PC@naver_shoppingsearch,2.B01_우드블라인드PC@cpc_bw15,46981,1952,46,2,0,0,0.02356557377,0.04347826087
2025-11,쇼핑검색,02.커튼남_MO@naver_shoppingsearch,1.A01_전동커튼_MO@cpc_curtainset,36718,1356,25,37,1388900,37.82613432,0.01843657817,1.48
2025-11,쇼핑검색,02.커튼남_MO@naver_shoppingsearch,1.A02_커튼_MO@cpc_curtainset_h-s,1763927,120065,1077,20,5042770,2.85883146,0.008970141174,0.01857010214
2025-11,쇼핑검색,02.커튼남_MO@naver_shoppingsearch,1.B01_전동커튼_MO@cpc_curtainset,223047,17381,170,53,1769700,7.934202209,0.009780795121,0.3117647059
2025-11,쇼핑검색,02.커튼남_MO@naver_shoppingsearch,1.B07_자동커튼_MO@cpc_curtainset,14157,614,11,0,0,0,0.01791530945,0
2025-11,쇼핑검색,02.커튼남_MO@naver_shoppingsearch,2.B01_우드블라인드_MO@cpc_bw15,15004,1104,38,0,0,0,0.03442028986,0
2025-11,쇼핑검색,02.커튼남_PC@naver_shoppingsearch,1.A01_전동커튼_PC@cpc_curtainset,11968,22988,12,0,0,0,0.0005220114843,0
2025-11,쇼핑검색,02.커튼남_PC@naver_shoppingsearch,1.A01_커튼_PC@cpc_curtainset_h-s,89529,18885,59,2,351000,3.920517374,0.003124172624,0.03389830508
2025-11,쇼핑검색,02.커튼남_PC@naver_shoppingsearch,1.A02_전동레일_PC@cpc_curtainset,792,6423,4,0,0,0,0.0006227619492,0
2025-11,쇼핑검색,02.커튼남_PC@naver_shoppingsearch,2.B01_우드블라인드PC@cpc_bw15,62051,4551,57,0,0,0,0.01252471984,0
2025-11,쇼핑검색,02.커튼여_MO@naver_shoppingsearch,1.A01_전동커튼_MO@cpc_curtainset,375694,10444,232,41,880500,2.343662662,0.02221371122,0.1767241379
2025-11,쇼핑검색,02.커튼여_MO@naver_shoppingsearch,1.A02_전동레일_MO@cpc_curtainset,0,6,0,0,0,0,0,0
2025-11,쇼핑검색,02.커튼여_MO@naver_shoppingsearch,1.A02_커튼_MO@cpc_curtainset_h-s,102454,51087,161,2,456270,4.453413239,0.00315148668,0.01242236025
2025-11,쇼핑검색,02.커튼여_MO@naver_shoppingsearch,1.B01_전동커튼_MO@cpc_curtainset,102003,32298,69,5,0,0,0.002136355192,0.07246376812
2025-11,쇼핑검색,02.커튼여_MO@naver_shoppingsearch,1.B07_자동커튼_MO@cpc_curtainset,946,179,1,0,0,0,0.005586592179,0
2025-11,쇼핑검색,02.커튼여_MO@naver_shoppingsearch,2.B01_우드블라인드_MO@cpc_bw15,1122,241,3,0,0,0,0.01244813278,0
2025-11,쇼핑검색,02.커튼여_PC@naver_shoppingsearch,1.A01_전동커튼_PC@cpc_curtainset,4048,3171,4,0,0,0,0.001261431725,0
2025-11,쇼핑검색,02.커튼여_PC@naver_shoppingsearch,1.A01_커튼_PC@cpc_curtainset_h-s,220,2518,1,0,0,0,0.0003971405878,0
2025-11,쇼핑검색,02.커튼여_PC@naver_shoppingsearch,1.A02_전동레일_PC@cpc_curtainset,0,3,0,0,0,0,0,0
2025-11,쇼핑검색,02.커튼여_PC@naver_shoppingsearch,2.B01_우드블라인드PC@cpc_bw15,29139,1463,25,0,0,0,0.01708817498,0
2025-11,쇼핑검색,03.조명_MO@naver_shoppingsearch,03-1.라인LED_MO@cpc_ls06_h,59312,35770,48,2,87500,1.475249528,0.001341906626,0.04166666667
2025-11,쇼핑검색,03.조명_MO@naver_shoppingsearch,03-1.라인LED_MO@cpc_ls06_h-s,187627,25092,171,8,813270,4.334504096,0.00681492109,0.04678362573
2025-11,쇼핑검색,03.조명_MO@naver_shoppingsearch,03-2.전구_MO@cpc_lb03_h-s,82236,13357,117,4,81600,0.9922661608,0.008759451973,0.03418803419
2025-11,쇼핑검색,03.조명_MO@naver_shoppingsearch,03-2.전구_MO@cpc_lb03r_h,271777,13057,266,48,303100,1.115252578,0.02037221414,0.1804511278
2025-11,쇼핑검색,03.조명_MO@naver_shoppingsearch,03-3.무드등_MO@cpc_md08_h,148269,9627,147,10,249500,1.682752295,0.01526955438,0.06802721088
2025-11,쇼핑검색,03.조명_MO@naver_shoppingsearch,03-3.무드등_MO@cpc_md08_h-s,155650,10922,196,12,1108380,7.12097655,0.01794543124,0.0612244898
2025-11,쇼핑검색,03.조명_MO@naver_shoppingsearch,03-4.스타라이트_MO@cpc_sl24_h,44693,12412,55,1,0,0,0.004431195617,0.01818181818
2025-11,쇼핑검색,03.조명_MO@naver_shoppingsearch,03-4.스타라이트_MO@cpc_sl24_h-s,34980,4765,54,3,139720,3.994282447,0.01133263379,0.05555555556
2025-11,쇼핑검색,03.조명_MO@naver_shoppingsearch,03-5.싱크라이트_MO@cpc_sy27_h,25432,7227,26,7,340400,13.38471217,0.003597620036,0.2692307692
2025-11,쇼핑검색,03.조명_MO@naver_shoppingsearch,03-5.싱크라이트_MO@cpc_sy27_h-s,18887,31939,29,0,0,0,0.0009079808385,0
2025-11,쇼핑검색,03.조명_PC@naver_shoppingsearch,03-1.라인LED_PC@cpc_ls06_h,33847,13032,28,4,329000,9.72021154,0.002148557397,0.1428571429
2025-11,쇼핑검색,03.조명_PC@naver_shoppingsearch,03-1.라인LED_PC@cpc_ls06_h-s,21153,23219,16,0,0,0,0.0006890908308,0
2025-11,쇼핑검색,03.조명_PC@naver_shoppingsearch,03-2.전구_PC@cpc_lb03_h,152031,7870,169,32,151100,0.9938762489,0.02147395172,0.1893491124
2025-11,쇼핑검색,03.조명_PC@naver_shoppingsearch,03-2.전구_PC@cpc_lb03r_h-s,53416,8879,64,3,99900,1.870226149,0.007208018921,0.046875
2025-11,쇼핑검색,03.조명_PC@naver_shoppingsearch,03-3.무드등_PC@cpc_md08_h,165539,9297,132,5,106700,0.6445611004,0.01419812843,0.03787878788
2025-11,쇼핑검색,03.조명_PC@naver_shoppingsearch,03-3.무드등_PC@cpc_md08_h-s,12507,820,19,0,0,0,0.02317073171,0
2025-11,쇼핑검색,03.조명_PC@naver_shoppingsearch,03-4.스타라이트_PC@cpc_sl24_h,1914,811,4,0,0,0,0.004932182491,0
2025-11,쇼핑검색,03.조명_PC@naver_shoppingsearch,03-4.스타라이트_PC@cpc_sl24_h-s,4433,1509,7,0,0,0,0.004638833665,0
2025-11,쇼핑검색,03.조명_PC@naver_shoppingsearch,03-5.싱크라이트_PC@cpc_sy27_h,12067,1069,22,0,0,0,0.02057998129,0
2025-11,쇼핑검색,03.조명_PC@naver_shoppingsearch,03-5.싱크라이트_PC@cpc_sy27_h-s,15851,6093,16,0,0,0,0.002625964221,0
2025-11,쇼핑검색,04.센서_MO@naver_shoppingsearch,04-1.스마트온습도계_MO@cpc_th14_h,68145,4754,69,22,29900,0.4387702693,0.0145140934,0.3188405797
2025-11,쇼핑검색,04.센서_MO@naver_shoppingsearch,04-1.스마트온습도계_MO@cpc_th14_h-s,773245,18812,792,37,2639730,3.413833908,0.04210078673,0.04671717172
2025-11,쇼핑검색,04.센서_MO@naver_shoppingsearch,04-2.온습도센서_MO@cpc_th02_h,122342,8145,133,15,128780,1.052622975,0.01632903622,0.1127819549
2025-11,쇼핑검색,04.센서_MO@naver_shoppingsearch,04-2.온습도센서_MO@cpc_th02_h-s,88154,15723,135,4,223080,2.5305715,0.008586147682,0.02962962963
2025-11,쇼핑검색,04.센서_MO@naver_shoppingsearch,04-4.도어센서_MO@cpc_do02_h,8404,2626,29,3,51800,6.163731556,0.01104341203,0.1034482759
2025-11,쇼핑검색,04.센서_MO@naver_shoppingsearch,04-4.도어센서_MO@cpc_do02_h-s,114070,4788,179,10,519950,4.558166038,0.03738512949,0.05586592179
2025-11,쇼핑검색,04.센서_MO@naver_shoppingsearch,04-5.모션센서_MO@cpc_mo02_h,56595,2532,99,3,59800,1.056630444,0.03909952607,0.0303030303
2025-11,쇼핑검색,04.센서_MO@naver_shoppingsearch,04-5.모션센서_MO@cpc_mo02_h-s,64504,5598,78,4,530800,8.228947042,0.0139335477,0.05128205128
2025-11,쇼핑검색,04.센서_MO@naver_shoppingsearch,04-6.스마트사이렌_MO@cpc_sa14_h,2717,1870,9,0,0,0,0.004812834225,0
2025-11,쇼핑검색,04.센서_MO@naver_shoppingsearch,04-7.화재감지센서_MO@cpc_ss26_h,9438,706,20,0,0,0,0.0283286119,0
2025-11,쇼핑검색,04.센서_MO@naver_shoppingsearch,04-7.화재감지센서_MO@cpc_ss26_h-s,17776,4158,58,1,113000,6.356885689,0.01394901395,0.01724137931
2025-11,쇼핑검색,04.센서_MO@naver_shoppingsearch,04-8.가스감지센서_MO@cpc_gs26_h,2651,305,5,0,0,0,0.01639344262,0
2025-11,쇼핑검색,04.센서_MO@naver_shoppingsearch,04-8.가스감지센서_MO@cpc_gs26_h-s,6446,2664,11,0,0,0,0.004129129129,0
2025-11,쇼핑검색,04.센서_MO@naver_shoppingsearch,04-9.누수감지센서_MO@cpc_ws26_h-s,0,61,0,0,0,0,0,0
2025-11,쇼핑검색,04.센서_PC@naver_shoppingsearch,04-1.스마트온습도계_PC@cpc_th14_h,57959,2089,69,21,0,0,0.03303015797,0.3043478261
2025-11,쇼핑검색,04.센서_PC@naver_shoppingsearch,04-1.스마트온습도계_PC@cpc_th14_h-s,682,1021,5,0,0,0,0.004897159647,0
2025-11,쇼핑검색,04.센서_PC@naver_shoppingsearch,04-2.온습도센서_PC@cpc_th02_h,54758,9133,60,7,224300,4.096205121,0.006569582831,0.1166666667
2025-11,쇼핑검색,04.센서_PC@naver_shoppingsearch,04-2.온습도센서_PC@cpc_th02_h-s,13156,4987,34,0,0,0,0.006817726088,0
2025-11,쇼핑검색,04.센서_PC@naver_shoppingsearch,04-4.도어센서_PC@cpc_do02_h,51205,2974,75,18,287080,5.606483742,0.02521856086,0.24
2025-11,쇼핑검색,04.센서_PC@naver_shoppingsearch,04-4.도어센서_PC@cpc_do02_h-s,4829,1122,12,1,21900,4.535100435,0.01069518717,0.08333333333
2025-11,쇼핑검색,04.센서_PC@naver_shoppingsearch,04-5.모션센서_PC@cpc_mo02_h,40612,2532,46,5,31200,0.7682458387,0.01816745656,0.1086956522
2025-11,쇼핑검색,04.센서_PC@naver_shoppingsearch,04-5.모션센서_PC@cpc_mo02_h-s,14652,4146,17,1,260400,17.77231777,0.004100337675,0.05882352941
2025-11,쇼핑검색,04.센서_PC@naver_shoppingsearch,04-6.스마트사이렌_MO@cpc_sa14_h,242,128,1,0,0,0,0.0078125,0
2025-11,쇼핑검색,04.센서_PC@naver_shoppingsearch,04-7.화재감지센서_PC@cpc_ss26_h,12298,929,17,0,0,0,0.0182992465,0
2025-11,쇼핑검색,04.센서_PC@naver_shoppingsearch,04-7.화재감지센서_PC@cpc_ss26_h-s,47168,9947,60,0,0,0,0.006031969438,0
2025-11,쇼핑검색,04.센서_PC@naver_shoppingsearch,04-8.가스감지센서_PC@cpc_gs26_h,0,34,0,0,0,0,0,0
2025-11,쇼핑검색,04.센서_PC@naver_shoppingsearch,04-9.누수감지센서_PC@cpc_ws26_h-s,0,8,0,0,0,0,0,0
2025-11,쇼핑검색,05.전원_MO@naver_shoppingsearch,05-3.플러그_MO@cpc_ep1_h-s,362769,24854,356,40,1249230,3.443596338,0.01432365012,0.1123595506
2025-11,쇼핑검색,05.전원_MO@naver_shoppingsearch,05-3.플러그_MO@cpc_ep2_h,153351,8503,147,23,306200,1.996726464,0.01728801599,0.156462585
2025-11,쇼핑검색,05.전원_MO@naver_shoppingsearch,05-3.플러그_MO@cpc_ep3_h-s,1584110,92129,1924,253,8435040,5.324781739,0.02088376081,0.1314968815
2025-11,쇼핑검색,05.전원_MO@naver_shoppingsearch,05-4.멀티탭_MO@cpc_ps03_h,195195,10161,125,9,303400,1.554343093,0.01230193879,0.072
2025-11,쇼핑검색,05.전원_MO@naver_shoppingsearch,05-4.멀티탭_MO@cpc_ps03_h-s,137038,13212,136,13,652400,4.760723303,0.01029367242,0.09558823529
2025-11,쇼핑검색,05.전원_MO@naver_shoppingsearch,05-4.푸시봇_MO@cpc_fb42_h,400631,11075,402,103,794300,1.982622413,0.0362979684,0.2562189055
2025-11,쇼핑검색,05.전원_MO@naver_shoppingsearch,05-4.푸시봇_MO@cpc_fb42_h-s,231088,19176,297,26,1842900,7.974884027,0.01548811014,0.08754208754
2025-11,쇼핑검색,05.전원_MO@naver_shoppingsearch,05-5. 멀티어댑터_MO@cpc_ma481_h,245201,53343,168,7,59800,0.2438815502,0.003149429166,0.04166666667
2025-11,쇼핑검색,05.전원_MO@naver_shoppingsearch,05-6. 피카스위치_MO@cpc_sw012_h,135696,8441,178,23,400500,2.951450301,0.02108754887,0.1292134831
2025-11,쇼핑검색,05.전원_PC@naver_shoppingsearch,05-3.플러그_PC@cpc_ep1_h-s,18854,15797,34,3,87900,4.66214066,0.0021523074,0.08823529412
2025-11,쇼핑검색,05.전원_PC@naver_shoppingsearch,05-3.플러그_PC@cpc_ep2_h,97471,4282,107,6,189900,1.948271794,0.02498832321,0.05607476636
2025-11,쇼핑검색,05.전원_PC@naver_shoppingsearch,05-3.플러그_PC@cpc_ep3_h-s,252241,18477,345,29,1199150,4.753985276,0.01867186232,0.08405797101
2025-11,쇼핑검색,05.전원_PC@naver_shoppingsearch,05-4.멀티탭_PC@cpc_ps03_h,0,1588,0,0,0,0,0,0
2025-11,쇼핑검색,05.전원_PC@naver_shoppingsearch,05-4.멀티탭_PC@cpc_ps03_h-s,66000,6819,58,3,157070,2.379848485,0.008505645989,0.05172413793
2025-11,쇼핑검색,05.전원_PC@naver_shoppingsearch,05-4.푸시봇_PC@cpc_fb42_h,221925,7445,202,25,597600,2.692801622,0.02713230356,0.1237623762
2025-11,쇼핑검색,05.전원_PC@naver_shoppingsearch,05-4.푸시봇_PC@cpc_fb42_h-s,195382,22031,182,13,1319900,6.755484129,0.008261086651,0.07142857143
2025-11,쇼핑검색,05.전원_PC@naver_shoppingsearch,05-5. 멀티어댑터_PC@cpc_ma481_h ,13706,11476,14,0,0,0,0.00121993726,0
2025-11,쇼핑검색,05.전원_PC@naver_shoppingsearch,05-6. 피카스위치_PC@cpc_sw012_h ,137533,6855,141,68,1086500,7.8999222,0.02056892779,0.4822695035
2025-11,쇼핑검색,07.반려_MO@naver_shoppingsearch,1.B01_스마트급식기_MO@cpc_petcare,286286,90102,146,44,1041900,3.639367625,0.001620385785,0.301369863
2025-11,쇼핑검색,07.반려_MO@naver_shoppingsearch,1.B02_강아지급식기_MO@cpc_petcare,9075,694,5,0,0,0,0.007204610951,0
2025-11,쇼핑검색,07.반려_MO@naver_shoppingsearch,1.B03_고양이급식기_MO@cpc_petcare,64449,5065,43,0,0,0,0.008489634748,0
2025-11,쇼핑검색,07.반려_MO@naver_shoppingsearch,1.B04_펫급식기_MO@cpc_petcare,65186,14325,33,6,291600,4.473353174,0.002303664921,0.1818181818
2025-11,쇼핑검색,07.반려_MO@naver_shoppingsearch,1.B05_자동급식기_MO@cpc_petcare,102905,8663,53,22,0,0,0.006117972989,0.4150943396
2025-11,쇼핑검색,07.반려_MO@naver_shoppingsearch,2.B01_펫정수기_MO@cpc_pw30,6765,359,7,0,0,0,0.01949860724,0
2025-11,쇼핑검색,07.반려_MO@naver_shoppingsearch,3.B01_고양이장난감_MO@cpc_pt40,37642,6824,40,19,140600,3.735189416,0.005861664713,0.475
2025-11,쇼핑검색,07.반려_MO@naver_shoppingsearch,3.B01_고양이장난감_MO@cpc_pt40_h-s,653389,141035,529,63,2150890,3.291898088,0.00375084199,0.1190926276
2025-11,쇼핑검색,07.반려_MO@naver_shoppingsearch,★07-1.자동급식기_MO@cpc_petcare,400312,23414,215,59,1260700,3.149293551,0.00918254036,0.2744186047
2025-11,쇼핑검색,07.반려_MO@naver_shoppingsearch,★07-1.자동급식기_MO@cpc_pf32_h-s,61842,19605,112,9,1029000,16.63917726,0.00571282836,0.08035714286
2025-11,쇼핑검색,07.반려_MO@naver_shoppingsearch,★07-1.펫급식기_MO@cpc_petcare,39996,174308,42,2,129000,3.225322532,0.0002409527962,0.04761904762
2025-11,쇼핑검색,07.반려_MO@naver_shoppingsearch,★07-2.펫정수기_MO@cpc_pw30_h,51689,2675,40,15,0,0,0.01495327103,0.375
2025-11,쇼핑검색,07.반려_MO@naver_shoppingsearch,★07-2.펫정수기_MO@cpc_pw30_h-s,114785,4845,105,5,217930,1.898593022,0.02167182663,0.04761904762
2025-11,쇼핑검색,07.반려_PC@naver_shoppingsearch,1.B01_스마트급식기_PC@cpc_petcare,16038,93721,18,0,0,0,0.0001920594104,0
2025-11,쇼핑검색,07.반려_PC@naver_shoppingsearch,1.B01_스마트급식기_PC@cpc_pf32_h-s,12441,3223,20,0,0,0,0.006205398697,0
2025-11,쇼핑검색,07.반려_PC@naver_shoppingsearch,1.B02_강아지급식기_PC@cpc_petcare,98054,57315,53,18,135600,1.382911457,0.0009247142982,0.3396226415
2025-11,쇼핑검색,07.반려_PC@naver_shoppingsearch,1.B03_고양이급식기_PC@cpc_petcare,5456,19275,5,5,0,0,0.0002594033722,1
2025-11,쇼핑검색,07.반려_PC@naver_shoppingsearch,1.B04_펫급식기_PC@cpc_petcare,50710,22653,30,7,129000,2.543876947,0.001324327904,0.2333333333
2025-11,쇼핑검색,07.반려_PC@naver_shoppingsearch,1.B05_자동급식기_PC@cpc_petcare,374,14398,1,0,0,0,0.00006945409085,0
2025-11,쇼핑검색,07.반려_PC@naver_shoppingsearch,2.B01_펫정수기_PC@cpc_pw30,0,2,0,0,0,0,0,0
2025-11,쇼핑검색,07.반려_PC@naver_shoppingsearch,3.B01_고양이장난감_PC@cpc_pt40,1584,737,3,0,0,0,0.004070556309,0
2025-11,쇼핑검색,07.반려_PC@naver_shoppingsearch,3.B01_고양이장난감_PC@cpc_pt40_h-s,55286,70087,76,13,494520,8.944759975,0.001084366573,0.1710526316
2025-11,쇼핑검색,07.반려_PC@naver_shoppingsearch,★07-1.펫급식기_PC@cpc_petcare,8250,44608,6,0,0,0,0.0001345050215,0
2025-11,쇼핑검색,07.반려_PC@naver_shoppingsearch,★07-2.펫정수기_PC@cpc_pw30_h,0,66,0,0,0,0,0,0
2025-11,쇼핑검색,07.반려_PC@naver_shoppingsearch,★07-2.펫정수기_PC@cpc_pw30_h-s,21560,935,18,0,0,0,0.0192513369,0
2025-11,쇼핑검색,08.리빙_MO@naver_shoppingsearch,08-2.리모컨허브_MO@cpc_ir441_h,255101,54603,202,25,903200,3.540558445,0.003699430434,0.1237623762
2025-11,쇼핑검색,08.리빙_MO@naver_shoppingsearch,08-2.리모컨허브_MO@cpc_ir441_h-s,170775,98230,221,20,757300,4.434489826,0.002249821847,0.09049773756
2025-11,쇼핑검색,08.리빙_MO@naver_shoppingsearch,08-3.스마트버튼_MO@cpc_t402_h-s,0,160,0,0,0,0,0,0
2025-11,쇼핑검색,08.리빙_PC@naver_shoppingsearch,08-2.리모컨허브_PC@cpc_ir441_h,55154,18998,60,17,186500,3.381441056,0.003158227182,0.2833333333
2025-11,쇼핑검색,08.리빙_PC@naver_shoppingsearch,08-2.리모컨허브_PC@cpc_ir441_h-s,43549,61776,54,4,219900,5.049484489,0.0008741258741,0.07407407407
2025-11,쇼핑검색,08.리빙_PC@naver_shoppingsearch,08-3.스마트버튼_PC@cpc_t402_h-s,176,60,1,0,0,0,0.01666666667,0
2025-11,쇼핑검색,09.로청_MO@naver_shoppingbrand,9.A01_로봇청소기_MO@cpc_rc41_h,59653,8906,17,2,759400,12.73029018,0.001908825511,0.1176470588
2025-11,쇼핑검색,09.로청_MO@naver_shoppingbrand,9.A01_로봇청소기_MO@cpc_rc41_h-s,258434,53142,105,0,0,0,0.00197583832,0
2025-11,쇼핑검색,09.로청_MO@naver_shoppingbrand,9.B01_로봇청소기_MO@cpc_rc41_h,65120,264696,31,3,750000,11.51719902,0.0001171154834,0.09677419355
2025-11,쇼핑검색,09.로청_PC@naver_shoppingbrand,9.A01_로봇청소기_PC@cpc_rc41_h,2794,342,1,0,0,0,0.002923976608,0
2025-11,쇼핑검색,09.로청_PC@naver_shoppingbrand,9.A01_로봇청소기_PC@cpc_rc41_h-s,24486,26431,14,0,0,0,0.0005296810563,0
2025-11,쇼핑검색,09.로청_PC@naver_shoppingbrand,9.B01_로봇청소기_PC@cpc_rc41_h,935,11051,2,0,0,0,0.0001809790969,0
2025-11,쇼핑검색,10.스스멀티어댑터_MO@shoppingsearch,10-1. 멀티어댑터_MO@cpc_ma481_h-s,614636,172016,690,26,632610,1.029243325,0.004011254767,0.03768115942
2025-11,쇼핑검색,10.스스멀티어댑터_PC@shoppingsearch,10-1. 멀티어댑터_PC@cpc_ma481_h-s,59466,84335,55,5,387500,6.516328658,0.0006521610245,0.09090909091
2025-11,쇼핑검색,11.스스피카스위치_MO@shoppingsearch,01.피카 스위치_MO@cpc_sw012_h-s,654676,57650,727,17,1316510,2.010933653,0.01261058109,0.02338376891
2025-11,쇼핑검색,11.스스피카스위치_PC@shoppingsearch,01.피카 스위치_PC@cpc_sw012_h-s,158070,14216,235,3,103400,0.6541405706,0.01653066967,0.01276595745
2025-11,쇼핑검색,음처기_MO@naver_shoppingsearch,음식물쓰레기MO@cpc_fd471_h,168608,10127,59,8,345900,2.05150408,0.005826009677,0.1355932203
2025-11,쇼핑검색,음처기_MO@naver_shoppingsearch,음식물처리기_MO@cpc_fd471_h-s,2061950,469566,882,15,4763500,2.310191809,0.001878330203,0.01700680272
2025-11,쇼핑검색,음처기_MO@naver_shoppingsearch,음식물처리기분쇄_MO@cpc_fd471_h-s,1598124,94854,555,13,3291400,2.05953981,0.005851097476,0.02342342342
2025-11,쇼핑검색,음처기_MO@naver_shoppingsearch,음식물처리기분쇄기_MO@cpc_fd471_h-s,1287979,131257,492,8,2134200,1.657014594,0.003748371515,0.0162601626
2025-11,쇼핑검색,음처기_MO@naver_shoppingsearch,음식쓰레기처리기MO@cpc_fd471_h,617903,48440,229,6,731400,1.183680934,0.004727497936,0.02620087336
2025-11,쇼핑검색,음처기_PC@naver_shoppingsearch,음식물쓰레기PC@cpc_fd471_h,20647,2021,7,1,0,0,0.003463631865,0.1428571429
2025-11,쇼핑검색,음처기_PC@naver_shoppingsearch,음식물처리기_PC@cpc_fd471_h-s,210485,220032,142,0,0,0,0.0006453606748,0
2025-11,쇼핑검색,음처기_PC@naver_shoppingsearch,음식물처리기분쇄_PC@cpc_fd471_h-s,98813,31802,48,4,1142900,11.56629188,0.001509339035,0.08333333333
2025-11,쇼핑검색,음처기_PC@naver_shoppingsearch,음식물처리기분쇄기_PC@cpc_fd471_h-s,127666,5000,46,1,366220,2.868578948,0.0092,0.02173913043
2025-11,쇼핑검색,음처기_PC@naver_shoppingsearch,음식쓰레기처리기PC@cpc_fd471_h,18249,2001,6,7,0,0,0.00299850075,1.166666667
2025-11,쇼핑검색,음처기공식몰MO@naver_shoppingsearch,1위음식물분쇄기MO@cpc_fd471_h,23518,48225,15,0,0,0,0.0003110419907,0
2025-11,쇼핑검색,음처기공식몰MO@naver_shoppingsearch,음식물쓰레기MO@cpc_fd471_h,15620,159197,29,0,0,0,0.0001821642368,0
2025-11,쇼핑검색,음처기공식몰MO@naver_shoppingsearch,음식물처리기MO@cpc_fd471_h,241967,32909,96,13,1086940,4.492100162,0.00291713513,0.1354166667
2025-11,쇼핑검색,음처기공식몰MO@naver_shoppingsearch,음식물처리기분쇄MO@cpc_fd471_h,161293,9720,50,0,0,0,0.005144032922,0
2025-11,쇼핑검색,음처기공식몰MO@naver_shoppingsearch,음식쓰레기처리기MO@cpc_fd471_h,59587,176415,46,0,0,0,0.0002607488025,0
2025-11,쇼핑검색,음처기공식몰PC@naver_shoppingsearch,음식물분쇄기PC@cpc_fd471_h,10714,5626,7,0,0,0,0.001244223249,0
2025-11,쇼핑검색,음처기공식몰PC@naver_shoppingsearch,음식물쓰레기PC@cpc_fd471_h,16126,87751,13,0,0,0,0.0001481464599,0
2025-11,쇼핑검색,음처기공식몰PC@naver_shoppingsearch,음식물처리기PC@cpc_fd471_h,17182,1166,6,0,0,0,0.005145797599,0
2025-11,쇼핑검색,음처기공식몰PC@naver_shoppingsearch,음식물처리기분쇄PC@cpc_fd471_h,22154,1225,7,0,0,0,0.005714285714,0
2025-11,쇼핑검색,음처기공식몰PC@naver_shoppingsearch,음식쓰레기처리기PC@cpc_fd471_h,308341,10373,113,21,2030500,6.585241664,0.01089366625,0.185840708
2025-11,파워링크,00.브랜드_MO@naver_powerlink,00-1.자사명_MO@cpc_hejhome_h,1253439,79743,1777,826,13233940,10.55810454,0.02228408763,0.4648283624
2025-11,파워링크,00.브랜드_PC@naver_powerlink,00-1.자사명_PC@cpc_hejhome_h,392612,17747,725,393,10211690,26.00962273,0.04085197498,0.5420689655
2025-11,파워링크,01.홈카메라_메인_MO@naver_powerlink,01-1.홈CCTV_MO@cpc_mc0511_h,342111,19063,259,39,631010,1.844459839,0.01358652888,0.1505791506
2025-11,파워링크,01.홈카메라_메인_MO@naver_powerlink,01-1.홈카메라_MO@cpc_mc0511_h,130372,12039,118,31,469800,3.603534501,0.009801478528,0.2627118644
2025-11,파워링크,01.홈카메라_메인_MO@naver_powerlink,01-1.홈캠_MO@cpc_mc0511_h,1519947,36719,1038,292,4856450,3.195144304,0.0282687437,0.2813102119
2025-11,파워링크,01.홈카메라_메인_PC@naver_powerlink,01-1.홈CCTV_PC@cpc_mc0511_h,25410,4000,30,1,110600,4.35261708,0.0075,0.03333333333
2025-11,파워링크,01.홈카메라_메인_PC@naver_powerlink,01-1.홈카메라_PC@cpc_mc0511_h,32978,2265,24,8,366610,11.11680514,0.01059602649,0.3333333333
2025-11,파워링크,01.홈카메라_메인_PC@naver_powerlink,01-1.홈캠_PC@cpc_mc0511_h,83809,3241,69,10,0,0,0.02128972539,0.1449275362
2025-11,파워링크,01.홈카메라_쿠팡_MO@naver_powerlink,01-1 쿠팡+전환_1_MO@cpc_MC0511_h,1365342,95672,1326,581,7761550,5.684692919,0.0138598545,0.4381598793
2025-11,파워링크,01.홈카메라_쿠팡_MO@naver_powerlink,01-1 쿠팡+전환_2_MO@cpc_MC0511_h,968924,87615,1173,374,4061430,4.191690989,0.01338811847,0.3188405797
2025-11,파워링크,01.홈카메라_쿠팡_MO@naver_powerlink,01-1 쿠팡+전환_3_MO@cpc_MC0511_h,136114,24346,141,119,1192000,8.75736515,0.005791505792,0.8439716312
2025-11,파워링크,01.홈카메라_쿠팡_PC@naver_powerlink, 01-1 쿠팡+전환_1_PC@cpc_MC0511_h,872267,64150,723,152,1955210,2.241526964,0.01127045986,0.2102351314
2025-11,파워링크,01.홈카메라_쿠팡_PC@naver_powerlink,01-1 쿠팡+전환_2_PC@cpc_MC0511_h,22011,22930,54,2,0,0,0.002354993458,0.03703703704
2025-11,파워링크,01.홈카메라_쿠팡_PC@naver_powerlink,01-1 쿠팡+전환_3_PC@cpc_MC0511_h,10527,4107,22,0,0,0,0.005356708059,0
2025-11,파워링크,01.홈카메라_확장_MO@naver_powerlink,01-2.홈CCTV+반려1_MO@cpc_MC0511_h,0,11,0,0,0,0,0,0
2025-11,파워링크,01.홈카메라_확장_MO@naver_powerlink,01-2.홈CCTV+반려2_MO@cpc_mc0511_h,0,23,0,0,0,0,0,0
2025-11,파워링크,01.홈카메라_확장_MO@naver_powerlink,01-2.홈CCTV+반려3_MO@cpc_mc0511_h,8217,296,9,0,0,0,0.03040540541,0
2025-11,파워링크,01.홈카메라_확장_MO@naver_powerlink,01-2.홈CCTV+반려4_MO@cpc_mc0511_h,26323,699,24,12,267300,10.15461763,0.03433476395,0.5
2025-11,파워링크,01.홈카메라_확장_MO@naver_powerlink,01-2.홈CCTV+보안_1_MO@cpc_mc058_h,1100,198,1,0,0,0,0.005050505051,0
2025-11,파워링크,01.홈카메라_확장_MO@naver_powerlink,01-2.홈CCTV+보안_2_MO@cpc_mc058_h,0,19,0,0,0,0,0,0
2025-11,파워링크,01.홈카메라_확장_MO@naver_powerlink,01-2.홈CCTV+보안_3_MO@cpc_mc058_h,0,34,0,0,0,0,0,0
2025-11,파워링크,01.홈카메라_확장_MO@naver_powerlink,01-2.홈CCTV+보안_4_MO@cpc_mc058_h,2475,113,3,0,0,0,0.02654867257,0
2025-11,파워링크,01.홈카메라_확장_MO@naver_powerlink,01-2.홈CCTV+보안_5_MO@cpc_mc058_h,5071,416,7,0,0,0,0.01682692308,0
2025-11,파워링크,01.홈카메라_확장_MO@naver_powerlink,01-2.홈CCTV+보안_6_MO@cpc_mc058_h,12419,658,13,0,0,0,0.01975683891,0
2025-11,파워링크,01.홈카메라_확장_MO@naver_powerlink,01-2.홈CCTV+보안_7_MO@cpc_mc058_h,3190,562,3,0,0,0,0.005338078292,0
2025-11,파워링크,01.홈카메라_확장_MO@naver_powerlink,01-2.홈CCTV+보안_8_MO@cpc_mc058_h,12188,963,12,0,0,0,0.01246105919,0
2025-11,파워링크,01.홈카메라_확장_MO@naver_powerlink,01-2.홈CCTV+어른_1_MO@cpc_mc058_h,14058,654,23,1,137500,9.780907668,0.03516819572,0.04347826087
2025-11,파워링크,01.홈카메라_확장_MO@naver_powerlink,01-2.홈CCTV+어른_2_MO@cpc_mc058_h,12892,291,16,2,0,0,0.05498281787,0.125
2025-11,파워링크,01.홈카메라_확장_MO@naver_powerlink,01-2.홈CCTV+어른_3_MO@cpc_mc058_h,16555,366,32,11,233600,14.11054062,0.08743169399,0.34375
2025-11,파워링크,01.홈카메라_확장_MO@naver_powerlink,01-2.홈CCTV+육아_1_MO@cpc_mc058_h,0,43,0,0,0,0,0,0
2025-11,파워링크,01.홈카메라_확장_MO@naver_powerlink,01-2.홈CCTV+육아_2_MO@cpc_mc058_h,0,9,0,0,0,0,0,0
2025-11,파워링크,01.홈카메라_확장_MO@naver_powerlink,01-2.홈CCTV+육아_3_MO@cpc_mc058_h,0,8,0,0,0,0,0,0
2025-11,파워링크,01.홈카메라_확장_MO@naver_powerlink,01-2.홈CCTV+육아_4_MO@cpc_mc058_h,0,14,0,0,0,0,0,0
2025-11,파워링크,01.홈카메라_확장_MO@naver_powerlink,01-2.홈CCTV+육아_5_MO@cpc_mc058_h,5885,528,8,7,82700,14.0526763,0.01515151515,0.875
2025-11,파워링크,01.홈카메라_확장_MO@naver_powerlink,01-2.홈CCTV+육아_6_MO@cpc_mc058_h,1903,39,3,0,0,0,0.07692307692,0
2025-11,파워링크,01.홈카메라_확장_MO@naver_powerlink,01-2.홈CCTV+육아_7_MO@cpc_mc058_h,0,38,0,0,0,0,0,0
2025-11,파워링크,01.홈카메라_확장_MO@naver_powerlink,01-2.홈CCTV+육아_8_MO@cpc_mc058_h,0,37,0,0,0,0,0,0
2025-11,파워링크,01.홈카메라_확장_MO@naver_powerlink,01-2.홈카메라+반려_1_MO@cpc_mc058_h,14300,988,20,0,0,0,0.02024291498,0
2025-11,파워링크,01.홈카메라_확장_MO@naver_powerlink,01-2.홈카메라+반려_2_MO@cpc_mc058_h,1551,72,3,0,0,0,0.04166666667,0
2025-11,파워링크,01.홈카메라_확장_MO@naver_powerlink,01-2.홈카메라+보안_1_MO@cpc_mc058_h,6292,1414,9,0,0,0,0.006364922207,0
2025-11,파워링크,01.홈카메라_확장_MO@naver_powerlink,01-2.홈카메라+보안_2_MO@cpc_mc058_h,17424,1048,22,0,0,0,0.02099236641,0
2025-11,파워링크,01.홈카메라_확장_MO@naver_powerlink,01-2.홈카메라+보안_3_MO@cpc_mc058_h,1386,143,2,0,0,0,0.01398601399,0
2025-11,파워링크,01.홈카메라_확장_MO@naver_powerlink,01-2.홈카메라+어른_MO@cpc_mc058_h,20460,902,42,1,0,0,0.0465631929,0.02380952381
2025-11,파워링크,01.홈카메라_확장_MO@naver_powerlink,01-2.홈카메라+육아_1_MO@cpc_mc058_h,0,150,0,0,0,0,0,0
2025-11,파워링크,01.홈카메라_확장_MO@naver_powerlink,01-2.홈카메라+육아_2_MO@cpc_mc058_h,8855,2266,13,18,92800,10.47995483,0.005736981465,1.384615385
2025-11,파워링크,01.홈카메라_확장_MO@naver_powerlink,01-2.홈캠+반려_MO@cpc_mc058_h,103917,2782,91,63,606300,5.834464043,0.03271028037,0.6923076923
2025-11,파워링크,01.홈카메라_확장_MO@naver_powerlink,01-2.홈캠+보안_1_MO@cpc_mc058_h,2068,264,5,0,0,0,0.01893939394,0
2025-11,파워링크,01.홈카메라_확장_MO@naver_powerlink,01-2.홈캠+보안_2_MO@cpc_mc058_h,4345,564,8,0,0,0,0.01418439716,0
2025-11,파워링크,01.홈카메라_확장_MO@naver_powerlink,01-2.홈캠+어른_MO@cpc_mc058_h,7524,717,21,1,0,0,0.02928870293,0.04761904762
2025-11,파워링크,01.홈카메라_확장_MO@naver_powerlink,01-2.홈캠+육아_1_MO@cpc_mc058_h,19250,2429,27,8,135600,7.044155844,0.01111568547,0.2962962963
2025-11,파워링크,01.홈카메라_확장_MO@naver_powerlink,01-2.홈캠+육아_2_MO@cpc_mc058_h,19635,2511,21,0,0,0,0.008363201912,0
2025-11,파워링크,01.홈카메라_확장_MO@naver_powerlink,01-3.홈CCTV+대학생_MO@cpc_mc058_h,0,36,0,0,0,0,0,0
2025-11,파워링크,01.홈카메라_확장_MO@naver_powerlink,01-3.홈CCTV+임산부_MO@cpc_mc058_h,0,5,0,0,0,0,0,0
2025-11,파워링크,01.홈카메라_확장_MO@naver_powerlink,01-3.홈CCTV+자영업자_MO@cpc_mc058_h,0,74,0,0,0,0,0,0
2025-11,파워링크,01.홈카메라_확장_MO@naver_powerlink,01-3.홈CCTV+자취생_MO@cpc_mc058_h,1694,143,2,0,0,0,0.01398601399,0
2025-11,파워링크,01.홈카메라_확장_MO@naver_powerlink,01-3.홈카메라+대학생_MO@cpc_mc058_h,0,133,0,0,0,0,0,0
2025-11,파워링크,01.홈카메라_확장_MO@naver_powerlink,01-3.홈카메라+신혼부부_MO@cpc_mc058_h,0,28,0,0,0,0,0,0
2025-11,파워링크,01.홈카메라_확장_MO@naver_powerlink,01-3.홈카메라+임산부_MO@cpc_mc058_h,0,1,0,0,0,0,0,0
2025-11,파워링크,01.홈카메라_확장_MO@naver_powerlink,01-3.홈카메라+자영업자_MO@cpc_mc058_h,1067,34,2,0,0,0,0.05882352941,0
2025-11,파워링크,01.홈카메라_확장_MO@naver_powerlink,01-3.홈카메라+자취생_MO@cpc_mc058_h,3190,607,5,0,0,0,0.00823723229,0
2025-11,파워링크,01.홈카메라_확장_MO@naver_powerlink,01-3.홈캠+대학생_MO@cpc_mc058_h,286,37,1,0,0,0,0.02702702703,0
2025-11,파워링크,01.홈카메라_확장_MO@naver_powerlink,01-3.홈캠+신혼부부_MO@cpc_mc058_h,0,3,0,0,0,0,0,0
2025-11,파워링크,01.홈카메라_확장_MO@naver_powerlink,01-3.홈캠+임산부_MO@cpc_mc058_h,0,1,0,0,0,0,0,0
2025-11,파워링크,01.홈카메라_확장_MO@naver_powerlink,01-3.홈캠+자영업자_MO@cpc_mc058_h,0,10,0,0,0,0,0,0
2025-11,파워링크,01.홈카메라_확장_MO@naver_powerlink,01-3.홈캠+자취생_MO@cpc_mc058_h,0,39,0,0,0,0,0,0
2025-11,파워링크,01.홈카메라_확장_PC@naver_powerlink,01-2.홈CCTV+반려1_PC@cpc_MC0511_h,77,7,1,0,0,0,0.1428571429,0
2025-11,파워링크,01.홈카메라_확장_PC@naver_powerlink,01-2.홈CCTV+반려2_PC@cpc_mc0511_h,0,5,0,0,0,0,0,0
2025-11,파워링크,01.홈카메라_확장_PC@naver_powerlink,01-2.홈CCTV+반려3_PC@cpc_mc0511_h,0,47,0,0,0,0,0,0
2025-11,파워링크,01.홈카메라_확장_PC@naver_powerlink,01-2.홈CCTV+반려4_PC@cpc_mc0511_h,1617,154,2,1,0,0,0.01298701299,0.5
2025-11,파워링크,01.홈카메라_확장_PC@naver_powerlink,01-2.홈CCTV+보안1_PC@cpc_mc0511_h,616,79,1,0,0,0,0.01265822785,0
2025-11,파워링크,01.홈카메라_확장_PC@naver_powerlink,01-2.홈CCTV+보안2_PC@cpc_mc0511_h,0,14,0,0,0,0,0,0
2025-11,파워링크,01.홈카메라_확장_PC@naver_powerlink,01-2.홈CCTV+보안3_PC@cpc_mc0511_h,0,11,0,0,0,0,0,0
2025-11,파워링크,01.홈카메라_확장_PC@naver_powerlink,01-2.홈CCTV+보안4_PC@cpc_mc0511_h,0,22,0,0,0,0,0,0
2025-11,파워링크,01.홈카메라_확장_PC@naver_powerlink,01-2.홈CCTV+보안5_PC@cpc_mc0511_h,550,167,1,0,0,0,0.005988023952,0
2025-11,파워링크,01.홈카메라_확장_PC@naver_powerlink,01-2.홈CCTV+보안6_PC@cpc_mc0511_h,0,124,0,0,0,0,0,0
2025-11,파워링크,01.홈카메라_확장_PC@naver_powerlink,01-2.홈CCTV+보안7_PC@cpc_mc0511_h,847,255,1,0,0,0,0.003921568627,0
2025-11,파워링크,01.홈카메라_확장_PC@naver_powerlink,01-2.홈CCTV+보안8_PC@cpc_mc0511_h,0,239,0,0,0,0,0,0
2025-11,파워링크,01.홈카메라_확장_PC@naver_powerlink,01-2.홈CCTV+어른1_PC@cpc_mc0511_h,341,85,1,0,0,0,0.01176470588,0
2025-11,파워링크,01.홈카메라_확장_PC@naver_powerlink,01-2.홈CCTV+어른2_PC@cpc_mc0511_h,3410,155,6,11,0,0,0.03870967742,1.833333333
2025-11,파워링크,01.홈카메라_확장_PC@naver_powerlink,01-2.홈CCTV+어른3_PC@cpc_mc0511_h,5137,166,8,1,0,0,0.04819277108,0.125
2025-11,파워링크,01.홈카메라_확장_PC@naver_powerlink,01-2.홈CCTV+육아1_PC@cpc_mc0511_h,0,1,0,0,0,0,0,0
2025-11,파워링크,01.홈카메라_확장_PC@naver_powerlink,01-2.홈CCTV+육아2_PC@cpc_mc0511_h,0,3,0,0,0,0,0,0
2025-11,파워링크,01.홈카메라_확장_PC@naver_powerlink,01-2.홈CCTV+육아4_PC@cpc_mc0511_h,0,2,0,0,0,0,0,0
2025-11,파워링크,01.홈카메라_확장_PC@naver_powerlink,01-2.홈CCTV+육아5_PC@cpc_mc0511_h,605,84,1,0,0,0,0.0119047619,0
2025-11,파워링크,01.홈카메라_확장_PC@naver_powerlink,01-2.홈CCTV+육아6_PC@cpc_mc0511_h,0,7,0,0,0,0,0,0
2025-11,파워링크,01.홈카메라_확장_PC@naver_powerlink,01-2.홈CCTV+육아7_PC@cpc_mc0511_h,0,7,0,0,0,0,0,0
2025-11,파워링크,01.홈카메라_확장_PC@naver_powerlink,01-2.홈CCTV+육아8_PC@cpc_mc0511_h,0,8,0,0,0,0,0,0
2025-11,파워링크,01.홈카메라_확장_PC@naver_powerlink,01-2.홈카메라+반려1_PC@cpc_mc0511_h,2596,161,2,0,0,0,0.01242236025,0
2025-11,파워링크,01.홈카메라_확장_PC@naver_powerlink,01-2.홈카메라+반려2_PC@cpc_mc0511_h,0,9,0,0,0,0,0,0
2025-11,파워링크,01.홈카메라_확장_PC@naver_powerlink,01-2.홈카메라+보안1_PC@cpc_mc0511_h,1023,186,2,0,0,0,0.01075268817,0
2025-11,파워링크,01.홈카메라_확장_PC@naver_powerlink,01-2.홈카메라+보안2_PC@cpc_mc0511_h,2178,214,4,0,0,0,0.01869158879,0
2025-11,파워링크,01.홈카메라_확장_PC@naver_powerlink,01-2.홈카메라+보안3_PC@cpc_mc0511_h,0,92,0,0,0,0,0,0
2025-11,파워링크,01.홈카메라_확장_PC@naver_powerlink,01-2.홈카메라+어른PC@cpc_mc0511_h,792,42,3,0,0,0,0.07142857143,0
2025-11,파워링크,01.홈카메라_확장_PC@naver_powerlink,01-2.홈카메라+육아_1_PC@cpc_mc058_h,1298,35,2,0,0,0,0.05714285714,0
2025-11,파워링크,01.홈카메라_확장_PC@naver_powerlink,01-2.홈카메라+육아_2_PC@cpc_mc058_h,825,691,1,5,70700,85.6969697,0.001447178003,5
2025-11,파워링크,01.홈카메라_확장_PC@naver_powerlink,01-2.홈캠+반려_PC@cpc_mc058_h,19305,1425,19,0,0,0,0.01333333333,0
2025-11,파워링크,01.홈카메라_확장_PC@naver_powerlink,01-2.홈캠+보안_1_PC@cpc_mc058_h,3003,79,4,0,0,0,0.05063291139,0
2025-11,파워링크,01.홈카메라_확장_PC@naver_powerlink,01-2.홈캠+보안_2_PC@cpc_mc058_h,451,82,1,0,0,0,0.01219512195,0
2025-11,파워링크,01.홈카메라_확장_PC@naver_powerlink,01-2.홈캠+어른_PC@cpc_mc058_h,220,156,2,0,0,0,0.01282051282,0
2025-11,파워링크,01.홈카메라_확장_PC@naver_powerlink,01-2.홈캠+육아_1_PC@cpc_mc058_h,7876,969,15,22,385300,48.92077197,0.01547987616,1.466666667
2025-11,파워링크,01.홈카메라_확장_PC@naver_powerlink,01-2.홈캠+육아_2_PC@cpc_mc058_h,341,684,3,0,0,0,0.004385964912,0
2025-11,파워링크,01.홈카메라_확장_PC@naver_powerlink,01-3.홈CCTV+자영업자_PC@cpc_mc058_h,0,6,0,0,0,0,0,0
2025-11,파워링크,01.홈카메라_확장_PC@naver_powerlink,01-3.홈CCTV+자취생_PC@cpc_mc058_h,704,48,1,0,0,0,0.02083333333,0
2025-11,파워링크,01.홈카메라_확장_PC@naver_powerlink,01-3.홈카메라+대학생_PC@cpc_mc058_h,792,90,1,0,0,0,0.01111111111,0
2025-11,파워링크,01.홈카메라_확장_PC@naver_powerlink,01-3.홈카메라+신혼부부_PC@cpc_mc058_h,0,5,0,0,0,0,0,0
2025-11,파워링크,01.홈카메라_확장_PC@naver_powerlink,01-3.홈카메라+임산부_PC@cpc_mc058_h,0,1,0,0,0,0,0,0
2025-11,파워링크,01.홈카메라_확장_PC@naver_powerlink,01-3.홈카메라+자영업자_PC@cpc_mc058_h,616,68,1,0,0,0,0.01470588235,0
2025-11,파워링크,01.홈카메라_확장_PC@naver_powerlink,01-3.홈카메라+자취생_PC@cpc_mc058_h,979,116,2,0,0,0,0.01724137931,0
2025-11,파워링크,01.홈카메라_확장_PC@naver_powerlink,01-3.홈캠+대학생_PC@cpc_mc058_h,0,15,0,0,0,0,0,0
2025-11,파워링크,01.홈카메라_확장_PC@naver_powerlink,01-3.홈캠+자취생_PC@cpc_mc058_h,0,40,0,0,0,0,0,0
2025-11,파워링크,01.홈캠스스_MO@naver_powerlink,01-2.홈캠_MO@cpc_MC0511_h-s,902319,201590,1318,61,5829540,6.460619803,0.006538022719,0.04628224583
2025-11,파워링크,01.홈캠스스_PC@naver_powerlink,01-2.홈캠_PC@cpc_MC0511_h-s,82995,71254,173,14,1732450,20.87414905,0.00242793387,0.08092485549
2025-11,파워링크,02.로봇청소기_메인_MO@naver_powerlink,02-1.로봇청소기_MO@cpc_rc41_h,226468,13216,107,9,1551700,6.851740643,0.008096246973,0.08411214953
2025-11,파워링크,02.로봇청소기_메인_PC@naver_powerlink,02-1.로봇청소기_PC@cpc_rc41_h,14641,4772,8,0,0,0,0.001676445935,0
2025-11,파워링크,03.반려_메인_MO@naver_powerlink,03-1.자동급식기_MO@cpc_petcare,243936,32387,268,17,547600,2.244851108,0.008274925124,0.06343283582
2025-11,파워링크,03.반려_메인_MO@naver_powerlink,03-2.펫정수기_MO@cpc_pw30_h,521389,24484,442,34,587100,1.12603066,0.01805260578,0.07692307692
2025-11,파워링크,03.반려_메인_MO@naver_powerlink,03-3.고양이 장난감_MO@cpc_pt40_h,80355,6791,80,25,147100,1.830626594,0.01178029745,0.3125
2025-11,파워링크,03.반려_메인_PC@naver_powerlink,03-1.자동급식기_PC@cpc_petcare,1045,1392,2,0,0,0,0.001436781609,0
2025-11,파워링크,03.반려_메인_PC@naver_powerlink,03-2.펫정수기_PC@cpc_pw30_h,111067,8126,94,4,103500,0.9318699524,0.01156780704,0.04255319149
2025-11,파워링크,03.반려_메인_PC@naver_powerlink,03-3.고양이 장난감_PC@cpc_pt40_h,132660,8884,146,22,74800,0.5638474295,0.01643403872,0.1506849315
2025-11,파워링크,03.반려_확장_MO@naver_powerlink,03-3.자동급식기+확장_1_MO@cpc_petcare,67089,4888,105,3,159600,2.378929482,0.0214811784,0.02857142857
2025-11,파워링크,03.반려_확장_MO@naver_powerlink,03-3.자동급식기+확장_2_MO@cpc_petcare,924,193,2,0,0,0,0.0103626943,0
2025-11,파워링크,03.반려_확장_MO@naver_powerlink,03-3.자동급식기+확장_3_MO@cpc_petcare,924,150,3,0,0,0,0.02,0
2025-11,파워링크,03.반려_확장_MO@naver_powerlink,03-3.자동급식기+확장_4_MO@cpc_petcare,2046,227,4,0,0,0,0.01762114537,0
2025-11,파워링크,03.반려_확장_MO@naver_powerlink,03-3.자동급식기+확장_5_MO@cpc_petcare,1078,256,3,0,0,0,0.01171875,0
2025-11,파워링크,03.반려_확장_MO@naver_powerlink,03-4.펫정수기+확장_1_MO@cpc_pw30_h,19690,2661,30,3,153300,7.785678009,0.01127395716,0.1
2025-11,파워링크,03.반려_확장_MO@naver_powerlink,03-4.펫정수기+확장_2_MO@cpc_pw30_h,9691,1175,20,0,0,0,0.0170212766,0
2025-11,파워링크,03.반려_확장_PC@naver_powerlink,03-3.자동급식기+확장_1_PC@cpc_petcare,27797,1973,33,0,0,0,0.01672579828,0
2025-11,파워링크,03.반려_확장_PC@naver_powerlink,03-3.자동급식기+확장_2_PC@cpc_petcare,1749,140,4,0,0,0,0.02857142857,0
2025-11,파워링크,03.반려_확장_PC@naver_powerlink,03-3.자동급식기+확장_3_PC@cpc_petcare,3608,287,9,0,0,0,0.03135888502,0
2025-11,파워링크,03.반려_확장_PC@naver_powerlink,03-3.자동급식기+확장_4_PC@cpc_petcare,1628,100,5,0,0,0,0.05,0
2025-11,파워링크,03.반려_확장_PC@naver_powerlink,03-3.자동급식기+확장_5_PC@cpc_petcare,0,99,0,0,0,0,0,0
2025-11,파워링크,03.반려_확장_PC@naver_powerlink,03-4.펫정수기+확장_1_PC@cpc_pw30_h,0,456,0,0,0,0,0,0
2025-11,파워링크,03.반려_확장_PC@naver_powerlink,03-4.펫정수기+확장_2_PC@cpc_pw30_h,385,1320,2,0,0,0,0.001515151515,0
2025-11,파워링크,04.리모컨허브_메인_MO@naver_powerlink,04-1.리모컨허브_MO@cpc_ir44_h,66957,21686,97,16,88800,1.326224293,0.004472931845,0.1649484536
2025-11,파워링크,04.리모컨허브_메인_PC@naver_powerlink,04-1.리모컨허브_PC@cpc_ir44_h,9944,13574,16,2,22900,2.302896219,0.001178724031,0.125
2025-11,파워링크,05.커튼set_메인_MO@naver_powerlink,05-1.남_MO@cpc_curtainset_h,309463,15776,227,42,1434200,4.634479728,0.01438894523,0.1850220264
2025-11,파워링크,05.커튼set_메인_MO@naver_powerlink,05-1.여_MO@cpc_curtainset_h,1019348,39566,618,17,546700,0.5363232184,0.01561947126,0.02750809061
2025-11,파워링크,05.커튼set_메인_MO@naver_powerlink,05-1.커튼set_MO@cpc_curtainset_h,514778,15413,348,97,3765600,7.314997921,0.02257834296,0.2787356322
2025-11,파워링크,05.커튼set_메인_PC@naver_powerlink,05-1.남_PC@cpc_curtainset_h,112244,11206,79,0,0,0,0.007049794753,0
2025-11,파워링크,05.커튼set_메인_PC@naver_powerlink,05-1.여_PC@cpc_curtainset_h,47575,4953,40,0,0,0,0.008075913588,0
2025-11,파워링크,05.커튼set_메인_PC@naver_powerlink,05-1.커튼set_PC@cpc_curtainset_h,56122,3896,56,5,0,0,0.01437371663,0.08928571429
2025-11,파워링크,05.커튼set_확장_MO@naver_powerlink,05-1.신혼부부1_MO@cpc_curtainset_h,77,14,1,0,0,0,0.07142857143,0
2025-11,파워링크,05.커튼set_확장_MO@naver_powerlink,05-1.신혼부부2_MO@cpc_curtainset_h,0,8,0,0,0,0,0,0
2025-11,파워링크,05.커튼set_확장_MO@naver_powerlink,05-2.원룸1_MO@cpc_curtainset_h,121,130,1,0,0,0,0.007692307692,0
2025-11,파워링크,05.커튼set_확장_MO@naver_powerlink,05-2.원룸2_MO@cpc_curtainset_h,77,36,1,0,0,0,0.02777777778,0
2025-11,파워링크,05.커튼set_확장_MO@naver_powerlink,05-3.신혼집1_MO@cpc_curtainset_h,0,18,0,0,0,0,0,0
2025-11,파워링크,05.커튼set_확장_MO@naver_powerlink,05-3.신혼집2_MO@cpc_curtainset_h,0,18,0,0,0,0,0,0
2025-11,파워링크,05.커튼set_확장_MO@naver_powerlink,05-4.가정집1_MO@cpc_curtainset_h,0,7,0,0,0,0,0,0
2025-11,파워링크,05.커튼set_확장_MO@naver_powerlink,05-4.가정집2_MO@cpc_curtainset_h,0,3,0,0,0,0,0,0
2025-11,파워링크,05.커튼set_확장_MO@naver_powerlink,05-5.확장_MO@cpc_curtainset_h,31251,1292,57,0,0,0,0.04411764706,0
2025-11,파워링크,05.커튼set_확장_PC@naver_powerlink,05-1.신혼부부1_PC@cpc_curtainset_h,0,4,0,0,0,0,0,0
2025-11,파워링크,05.커튼set_확장_PC@naver_powerlink,05-1.신혼부부2_PC@cpc_curtainset_h,0,1,0,0,0,0,0,0
2025-11,파워링크,05.커튼set_확장_PC@naver_powerlink,05-2.원룸1_PC@cpc_curtainset_h,0,49,0,0,0,0,0,0
2025-11,파워링크,05.커튼set_확장_PC@naver_powerlink,05-2.원룸2_PC@cpc_curtainset_h,0,19,0,0,0,0,0,0
2025-11,파워링크,05.커튼set_확장_PC@naver_powerlink,05-3.신혼집1_PC@cpc_curtainset_h,0,13,0,0,0,0,0,0
2025-11,파워링크,05.커튼set_확장_PC@naver_powerlink,05-4.가정집1_PC@cpc_curtainset_h,0,1,0,0,0,0,0,0
2025-11,파워링크,05.커튼set_확장_PC@naver_powerlink,05-4.가정집2_PC@cpc_curtainset_h,0,1,0,0,0,0,0,0
2025-11,파워링크,05.커튼set_확장_PC@naver_powerlink,05-5.확장_PC@cpc_curtainset_h,10461,500,16,0,0,0,0.032,0
2025-11,파워링크,06.멀티탭_메인_MO@naver_powerlink,06-1.멀티탭_MO@cpc_ps03_h,122650,37342,134,23,111700,0.9107215654,0.003588452681,0.171641791
2025-11,파워링크,06.멀티탭_메인_PC@naver_powerlink,06-1.멀티탭_PC@cpc_ps03_h,61776,18735,92,1,0,0,0.004910595143,0.01086956522
2025-11,파워링크,07.MO_new전환@naver_powerlink,01.MO_기본_라인LED@cpc_ls06_h,34936,21440,41,17,0,0,0.001912313433,0.4146341463
2025-11,파워링크,07.MO_new전환@naver_powerlink,01.MO_기본_스마트전구@cpc_lb03_h,130295,20690,181,15,163200,1.252542308,0.00874818753,0.08287292818
2025-11,파워링크,07.MO_new전환@naver_powerlink,01.MO_기본_펫급식기@cpc_pf32_h,159511,8902,259,67,1736600,10.88702347,0.02909458549,0.2586872587
2025-11,파워링크,07.PC_new전환@naver_powerlink,01.PC_기본_라인LED@cpc_ls06_h,16214,18374,18,0,0,0,0.0009796451508,0
2025-11,파워링크,07.PC_new전환@naver_powerlink,01.PC_기본_스마트전구@cpc_lb03_h,25982,7766,40,1,19900,0.7659148641,0.005150656709,0.025
2025-11,파워링크,07.PC_new전환@naver_powerlink,01.PC_기본_펫급식기@cpc_pf32_h,44935,3802,58,3,0,0,0.01525512888,0.05172413793
2025-11,파워링크,08.전원_메인_MO@naver_powerlink,08-2.전원기기_MO@cpc_power_h,143825,26665,206,24,245200,1.704849644,0.007725482843,0.1165048544
2025-11,파워링크,08.전원_메인_MO@naver_powerlink,08-3.멀티어댑터_MO@cpc_ma481_h,86471,23398,88,0,0,0,0.003761005214,0
2025-11,파워링크,08.전원_메인_MO@naver_powerlink,08-4.피카스위_MO@cpc_sw391_h,953535,100894,1211,0,0,0,0.0120026959,0
2025-11,파워링크,08.전원_메인_PC@naver_powerlink,8-2.전원기기_PC@cpc_power_h,118481,17443,161,33,173600,1.465213832,0.009230063636,0.2049689441
2025-11,파워링크,08.전원_메인_PC@naver_powerlink,8-3.멀티어댑터_PC@cpc_ma481_h,22011,10248,26,0,0,0,0.002537080406,0
2025-11,파워링크,08.전원_메인_PC@naver_powerlink,8-4.피카스위치_PC@cpc_h,240273,44527,312,0,0,0,0.007006984526,0
2025-11,파워링크,08.전원_확장_MO@naver_powerlink,08-4.전원기기+확장_MO@cpc_power_h,2640,993,7,3,0,0,0.007049345418,0.4285714286
2025-11,파워링크,08.전원_확장_PC@naver_powerlink,08-4.전원기기+확장_PC@cpc_power_h,0,185,0,0,0,0,0,0
2025-11,파워링크,09.센서_메인_MO@naver_powerlink,09-1.온습도계_MO@cpc_th14_h,121407,3220,122,40,350200,2.884512425,0.03788819876,0.3278688525
2025-11,파워링크,09.센서_메인_PC@naver_powerlink,09-1.온습도계_PC@cpc_th14_h,30569,2062,41,3,0,0,0.01988360815,0.07317073171
2025-11,파워링크,09.센서_확장_MO@naver_powerlink,09-2.온습도계+확장1_MO@cpc_th14_h,8415,4032,24,2,89700,10.65953654,0.005952380952,0.08333333333
2025-11,파워링크,09.센서_확장_MO@naver_powerlink,09-2.온습도계+확장2_MO@cpc_th14_h,3036,439,12,0,0,0,0.02733485194,0
2025-11,파워링크,09.센서_확장_PC@naver_powerlink,09-2.온습도계+확장1_PC@cpc_th14_h,1661,853,3,0,0,0,0.003516998828,0
2025-11,파워링크,09.센서_확장_PC@naver_powerlink,09-2.온습도계+확장2_PC@cpc_th14_h,2662,291,7,0,0,0,0.02405498282,0
2025-11,파워링크,10.스스멀티어댑터_MO@naver_powerlink,10-1.멀티어댑터_MO@cpc_ma481_h-s,358622,65908,511,17,392200,1.093630619,0.007753231778,0.03326810176
2025-11,파워링크,10.스스멀티어댑터_PC@naver_powerlink,10-1.멀티어댑터_PC@cpc_ma481_h-s,50611,15395,78,2,39800,0.7863903104,0.005066580058,0.02564102564
2025-11,파워링크,IoT인테리어@naver_powerlink,IoT인테리어_광고그룹@cpc_iot_h,994213,6168,70,0,0,0,0.01134889754,0
2025-11,파워링크,음처기_MO@naver_powerlink,메인키워드_MO@cpc_fd471_h,265166,25023,161,6,674900,2.545198102,0.006434080646,0.03726708075
2025-11,파워링크,음처기_MO@naver_powerlink,자상호_MO@cpc_fd471_h,43901,6114,81,14,658000,14.98826906,0.01324828263,0.1728395062
2025-11,파워링크,음처기_PC@naver_powerlink,메인키워드_PC@cpc_fd471_h,50853,11717,43,0,0,0,0.003669881369,0
2025-11,파워링크,음처기_PC@naver_powerlink,자상호_PC@cpc_fd471_h,5973,1779,14,2,0,0,0.007869589657,0.1428571429
2025-12,브랜드검색/신제품검색,01.신규 자사명@naver_brandsearch,신규_MO_자사명_키워드수정@cpd_hejhome_h,0,70167,25091,17752,245645880,inf,0.3575897502,0.707504683
2025-12,브랜드검색/신제품검색,01.신규 자사명@naver_brandsearch,신규_PC_자사명_키워드수정@cpd_hejhome_h,0,14612,7597,5386,84631000,inf,0.5199151382,0.7089640648
2025-12,쇼핑검색,(공식몰)하츠_MO_쇼검,(공식몰)하츠_MO_쇼검,29557,2849,24,0,0,0,0.008424008424,0
2025-12,쇼핑검색,(공식몰)하츠_PC_쇼검,(공식몰)하츠_PC_쇼검,2981,356,3,0,0,0,0.008426966292,0
2025-12,쇼핑검색,00.브랜드형@naver_shoppingbrand,00-0.자상호@cpc_mc05_h-s,0,414,0,0,0,0,0,0
2025-12,쇼핑검색,00.자상호_MO@naver_shoppingsearch,01-1.홈카메라_MO@cpc_mc05_h,338657,13067,193,87,943100,2.784823583,0.01477003138,0.4507772021
2025-12,쇼핑검색,00.자상호_MO@naver_shoppingsearch,01-4.펫캠_MO@cpc_mc059_h,172392,8582,110,42,725400,4.207851872,0.01281752505,0.3818181818
2025-12,쇼핑검색,00.자상호_MO@naver_shoppingsearch,01-5.베이비캠_MO@cpc_mc05_h,108614,4183,76,12,199500,1.836779789,0.01816877839,0.1578947368
2025-12,쇼핑검색,00.자상호_MO@naver_shoppingsearch,02-1.전동커튼_MO@cpc_curtainset_h,330,3347,3,0,0,0,0.0008963250672,0
2025-12,쇼핑검색,00.자상호_MO@naver_shoppingsearch,03-2.전구_MO@cpc_lb03r_h,94655,4990,132,18,132800,1.402989805,0.02645290581,0.1363636364
2025-12,쇼핑검색,00.자상호_MO@naver_shoppingsearch,03-3.무드등_MO@cpc_md08_h,495,177,1,0,0,0,0.005649717514,0
2025-12,쇼핑검색,00.자상호_MO@naver_shoppingsearch,04-1.온습도계_MO@cpc_th14_h,271799,48560,232,118,789790,2.905786997,0.004777594728,0.5086206897
2025-12,쇼핑검색,00.자상호_MO@naver_shoppingsearch,04-1.온습도센서_MO@cpc_th02_h,227777,40498,251,22,146600,0.6436119538,0.00619783693,0.08764940239
2025-12,쇼핑검색,00.자상호_MO@naver_shoppingsearch,07-1.펫급식기_MO@cpc_pf32_h,3014,3944,2,0,0,0,0.0005070993915,0
2025-12,쇼핑검색,00.자상호_PC@naver_shoppingsearch,01-1.홈카메라_PC@cpc_mc05_h,3828517,68217,1779,629,12303120,3.213547178,0.02607854347,0.353569421
2025-12,쇼핑검색,00.자상호_PC@naver_shoppingsearch,01-4.펫캠_PC@cpc_mc059_h,78177,4692,51,30,225000,2.878084347,0.01086956522,0.5882352941
2025-12,쇼핑검색,00.자상호_PC@naver_shoppingsearch,01-5.베이비캠_PC@cpc_mc05_h,8514,217,7,5,401800,47.19285882,0.03225806452,0.7142857143
2025-12,쇼핑검색,00.자상호_PC@naver_shoppingsearch,02-1.전동커튼_PC@cpc_curtainset_h,43153,10414,57,34,1604100,37.17238662,0.005473401191,0.5964912281
2025-12,쇼핑검색,00.자상호_PC@naver_shoppingsearch,03-2.전구_PC@cpc_lb03r_h,0,23,0,0,0,0,0,0
2025-12,쇼핑검색,00.자상호_PC@naver_shoppingsearch,04-1.온습도센서_PC@cpc_th02_h,1001,69,4,0,0,0,0.05797101449,0
2025-12,쇼핑검색,01.브랜드형_쇼검@naver_shoppingbrand, 01-1.홈카메라@cpc_mc05_h-s,37741,55139,99,8,781510,20.70718847,0.001795462377,0.08080808081
2025-12,쇼핑검색,01.브랜드형_쇼검@naver_shoppingbrand,01-1.커튼@cpc_curtainset_h-s,136686,164326,146,0,0,0,0.000888477782,0
2025-12,쇼핑검색,01.음처기_MO@naver_shoppingbrand,00-0.브랜드형_음처기_MO@cpc_fd471_h-s,61578,157625,70,0,0,0,0.0004440919905,0
2025-12,쇼핑검색,01.음처기_PC@naver_shoppingbrand,00-0.브랜드형_음처기_PC@cpc_fd471_h-s,5995,31776,7,0,0,0,0.0002202920443,0
2025-12,쇼핑검색,01.펫_MO@naver_shoppingbrand,00-0.브랜드형_급식기_MO@cpc_pf32_h-s,55781,31431,108,2,261400,4.686183467,0.00343609812,0.01851851852
2025-12,쇼핑검색,01.펫_MO@naver_shoppingbrand,00-0.브랜드형_장난감_MO@cpc_pt40_h-s,11088,17812,23,2,55920,5.043290043,0.001291264316,0.08695652174
2025-12,쇼핑검색,01.펫_MO@naver_shoppingbrand,00-0.브랜드형_정수기_MO@cpc_pw30_h-s,9262,2780,26,0,0,0,0.009352517986,0
2025-12,쇼핑검색,01.펫_PC@naver_shoppingbrand,00-0.브랜드형_급식기_PC@cpc_pf32_h-s,341,19065,1,0,0,0,0.00005245213742,0
2025-12,쇼핑검색,01.펫_PC@naver_shoppingbrand,00-0.브랜드형_장난감_PC@cpc_pt40_h-s,0,5199,0,0,0,0,0,0
2025-12,쇼핑검색,01.펫_PC@naver_shoppingbrand,00-0.브랜드형_정수기_PC@cpc_pw30_h-s,990,1548,3,0,0,0,0.001937984496,0
2025-12,쇼핑검색,01.홈캠_MO@naver_shoppingsearch,1.A01_홈카메라_MO@cpc_mc05_h,93324,5815,65,20,580900,6.224551027,0.01117798796,0.3076923077
2025-12,쇼핑검색,01.홈캠_MO@naver_shoppingsearch,1.A02_홈캠_MO@cpc_IC021_h-s,239987,24949,217,8,525580,2.190035294,0.008697743397,0.03686635945
2025-12,쇼핑검색,01.홈캠_MO@naver_shoppingsearch,1.A02_홈캠_MO@cpc_MC0510_h-s,5386843,221508,2559,302,31471410,5.84227348,0.01155263015,0.1180148496
2025-12,쇼핑검색,01.홈캠_MO@naver_shoppingsearch,1.A02_홈캠_MO@cpc_MC0511_h-s,8989387,266923,4302,505,65632550,7.301115193,0.01611700753,0.1173872617
2025-12,쇼핑검색,01.홈캠_MO@naver_shoppingsearch,1.A02_홈캠_MO@cpc_ic05_h-s,774873,43572,493,33,2643500,3.411526792,0.01131460571,0.06693711968
2025-12,쇼핑검색,01.홈캠_MO@naver_shoppingsearch,1.A02_홈캠_MO@cpc_mc058_h-s,8529631,218374,3788,284,33958470,3.981235531,0.01734638739,0.07497360084
2025-12,쇼핑검색,01.홈캠_MO@naver_shoppingsearch,1.A02_홈캠_MO@cpc_mc059_h-s,179234,12448,154,12,1862820,10.39322896,0.0123714653,0.07792207792
2025-12,쇼핑검색,01.홈캠_MO@naver_shoppingsearch,1.A02_홈캠_MO@cpc_mc05_h,247588,8368,118,52,707800,2.858781524,0.01410133843,0.4406779661
2025-12,쇼핑검색,01.홈캠_MO@naver_shoppingsearch,1.A02_홈캠_MO@cpc_mc05_h-s,416581,41893,232,20,2106020,5.055487408,0.005537918029,0.08620689655
2025-12,쇼핑검색,01.홈캠_MO@naver_shoppingsearch,1.A03_홈CCTV_MO@cpc_mc05_h,62601,5360,32,16,0,0,0.005970149254,0.5
2025-12,쇼핑검색,01.홈캠_MO@naver_shoppingsearch,1.B01_홈카메라_MO@cpc_mc05_h,14828,349,11,6,267800,18.06042622,0.03151862464,0.5454545455
2025-12,쇼핑검색,01.홈캠_MO@naver_shoppingsearch,1.B02_홈캠_MO@cpc_mc05_h,91091,2072,60,6,0,0,0.02895752896,0.1
2025-12,쇼핑검색,01.홈캠_MO@naver_shoppingsearch,1.B03_홈CCTV_MO@cpc_mc05_h,22187,3774,17,0,0,0,0.004504504505,0
2025-12,쇼핑검색,01.홈캠_MO@naver_shoppingsearch,1.B04_강아지캠_MO@cpc_mc05_h,94358,2169,60,3,273000,2.893236398,0.02766251729,0.05
2025-12,쇼핑검색,01.홈캠_MO@naver_shoppingsearch,1.B05_고양이캠_MO@cpc_mc05_h,58124,2368,41,2,64800,1.11485789,0.01731418919,0.0487804878
2025-12,쇼핑검색,01.홈캠_MO@naver_shoppingsearch,1.B06_육아캠_MO@cpc_mc05_h,266497,11187,204,89,1020900,3.830812354,0.01823545186,0.4362745098
2025-12,쇼핑검색,01.홈캠_MO@naver_shoppingsearch,1.B07_맞벌이부부캠_MO@cpc_mc05_h,259358,22333,136,92,1252100,4.827689911,0.006089643129,0.6764705882
2025-12,쇼핑검색,01.홈캠_MO@naver_shoppingsearch,1.B08_보안캠_MO@cpc_mc05_h,10098,1382,13,2,466200,46.16755793,0.009406657019,0.1538461538
2025-12,쇼핑검색,01.홈캠_MO@naver_shoppingsearch,1.B09_부모님캠_MO@cpc_mc05_h,30008,1023,47,0,0,0,0.04594330401,0
2025-12,쇼핑검색,01.홈캠_MO@naver_shoppingsearch,1.B10_스마트캠_MO@cpc_mc05_h,12848,747,13,2,99800,7.767745953,0.01740294511,0.1538461538
2025-12,쇼핑검색,01.홈캠_PC@naver_shoppingsearch, 1.A01_홈카메라_PC@cpc_MC0510_h-s,233530,18531,153,20,2312720,9.903310067,0.008256435163,0.1307189542
2025-12,쇼핑검색,01.홈캠_PC@naver_shoppingsearch, 1.A01_홈카메라_PC@cpc_MC0511_h-s,20229,3586,24,2,207680,10.26644916,0.006692693809,0.08333333333
2025-12,쇼핑검색,01.홈캠_PC@naver_shoppingsearch, 1.A01_홈카메라_PC@cpc_ic05_h-s,9449,1900,13,0,0,0,0.006842105263,0
2025-12,쇼핑검색,01.홈캠_PC@naver_shoppingsearch, 1.A01_홈카메라_PC@cpc_mc058_h-s,12573,3655,10,1,166200,13.2188022,0.002735978112,0.1
2025-12,쇼핑검색,01.홈캠_PC@naver_shoppingsearch, 1.A01_홈카메라_PC@cpc_mc059_h-s,26400,3413,19,2,160600,6.083333333,0.005566949897,0.1052631579
2025-12,쇼핑검색,01.홈캠_PC@naver_shoppingsearch, 1.A01_홈카메라_PC@cpc_mc05_h-s,18359,2735,17,3,326800,17.8005338,0.006215722121,0.1764705882
2025-12,쇼핑검색,01.홈캠_PC@naver_shoppingsearch,1.A01_홈카메라_PC@cpc_mc05,394911,9878,171,51,1487300,3.766165035,0.0173111966,0.298245614
2025-12,쇼핑검색,01.홈캠_PC@naver_shoppingsearch,1.A02_홈캠_PC@cpc_IC021_h-s,122518,9210,84,5,471400,3.847597904,0.009120521173,0.05952380952
2025-12,쇼핑검색,01.홈캠_PC@naver_shoppingsearch,1.A02_홈캠_PC@cpc_mc05_h,89815,4271,50,23,282200,3.14201414,0.01170686022,0.46
2025-12,쇼핑검색,01.홈캠_PC@naver_shoppingsearch,1.A03_홈CCTV_PC@cpc_mc05,42295,620,23,2,265700,6.282066438,0.03709677419,0.08695652174
2025-12,쇼핑검색,01.홈캠_PC@naver_shoppingsearch,1.B01_홈카메라_PC@cpc_mc05,8151,181,4,1,107600,13.20083425,0.02209944751,0.25
2025-12,쇼핑검색,01.홈캠_PC@naver_shoppingsearch,1.B02_홈캠_PC@cpc_mc05,137456,1531,69,5,0,0,0.04506858263,0.07246376812
2025-12,쇼핑검색,01.홈캠_PC@naver_shoppingsearch,1.B03_홈CCTV_PC@cpc_mc05,125873,4338,70,17,243800,1.93687288,0.01613646842,0.2428571429
2025-12,쇼핑검색,01.홈캠_PC@naver_shoppingsearch,1.B04_강아지캠_PC@cpc_mc05,3300,604,4,0,0,0,0.006622516556,0
2025-12,쇼핑검색,01.홈캠_PC@naver_shoppingsearch,1.B05_고양이캠_PC@cpc_mc05,0,28,0,0,0,0,0,0
2025-12,쇼핑검색,01.홈캠_PC@naver_shoppingsearch,1.B06_육아캠_PC@cpc_mc05,531982,8688,273,43,1239800,2.33052998,0.03142265193,0.1575091575
2025-12,쇼핑검색,01.홈캠_PC@naver_shoppingsearch,1.B07_맞벌이부부캠_PC@cpc_mc05,0,1772,0,0,0,0,0,0
2025-12,쇼핑검색,01.홈캠_PC@naver_shoppingsearch,1.B08_보안캠_PC@cpc_mc05,2068,168,6,1,59900,28.96518375,0.03571428571,0.1666666667
2025-12,쇼핑검색,01.홈캠_PC@naver_shoppingsearch,1.B09_부모님캠_PC@cpc_mc05,19910,503,22,0,0,0,0.04373757455,0
2025-12,쇼핑검색,01.홈캠_PC@naver_shoppingsearch,1.B10_스마트캠_PC@cpc_mc05,24002,933,21,1,92800,3.866344471,0.02250803859,0.04761904762
2025-12,쇼핑검색,02.커튼_MO@naver_shoppingsearch,1.A02_전동레일_MO@cpc_curtainset,0,24,0,0,0,0,0,0
2025-12,쇼핑검색,02.커튼_MO@naver_shoppingsearch,1.A02_커튼_MO@cpc_curtainset_h-s,638,9,1,0,0,0,0.1111111111,0
2025-12,쇼핑검색,02.커튼_MO@naver_shoppingsearch,1.A03_커튼천_MO@cpc_cf20_h-s,15763,2274,38,2,398810,25.30038698,0.01671064204,0.05263157895
2025-12,쇼핑검색,02.커튼_MO@naver_shoppingsearch,1.B01_전동커튼_MO@cpc_curtainset,54615,4020,45,1,229000,4.192987275,0.01119402985,0.02222222222
2025-12,쇼핑검색,02.커튼_MO@naver_shoppingsearch,1.B07_자동커튼_MO@cpc_curtainset,3608,112,3,1,0,0,0.02678571429,0.3333333333
2025-12,쇼핑검색,02.커튼_MO@naver_shoppingsearch,2.B01_우드블라인드_MO@cpc_bw15,56661,4808,154,2,54900,0.9689204215,0.03202995008,0.01298701299
2025-12,쇼핑검색,02.커튼_PC@naver_shoppingsearch,1.A01_전동커튼_PC@cpc_curtainset,9966,217,12,0,0,0,0.05529953917,0
2025-12,쇼핑검색,02.커튼_PC@naver_shoppingsearch,1.A01_커튼_PC@cpc_curtainset_h-s,1760,163,1,0,0,0,0.006134969325,0
2025-12,쇼핑검색,02.커튼_PC@naver_shoppingsearch,1.A02_전동레일_PC@cpc_curtainset,0,14,0,0,0,0,0,0
2025-12,쇼핑검색,02.커튼_PC@naver_shoppingsearch,1.A02_커튼천_PC@cpc__h-s,5522,967,15,1,173930,31.49764578,0.01551189245,0.06666666667
2025-12,쇼핑검색,02.커튼_PC@naver_shoppingsearch,2.B01_우드블라인드PC@cpc_bw15,81169,6257,86,6,2880800,35.49138218,0.01374460604,0.06976744186
2025-12,쇼핑검색,02.커튼남_MO@naver_shoppingsearch,1.A02_커튼_MO@cpc_curtainset_h-s,6138,1089,4,0,0,0,0.003673094582,0
2025-12,쇼핑검색,02.커튼남_MO@naver_shoppingsearch,1.B01_전동커튼_MO@cpc_curtainset,122276,6946,134,20,975900,7.981124669,0.01929167866,0.1492537313
2025-12,쇼핑검색,02.커튼남_MO@naver_shoppingsearch,1.B07_자동커튼_MO@cpc_curtainset,0,33,0,0,0,0,0,0
2025-12,쇼핑검색,02.커튼남_PC@naver_shoppingsearch,1.A02_전동레일_PC@cpc_curtainset,0,1,0,0,0,0,0,0
2025-12,쇼핑검색,02.커튼여_MO@naver_shoppingsearch,1.A01_전동커튼_MO@cpc_curtainset,0,3,0,0,0,0,0,0
2025-12,쇼핑검색,02.커튼여_MO@naver_shoppingsearch,1.A02_커튼_MO@cpc_curtainset_h-s,2233,35,3,0,0,0,0.08571428571,0
2025-12,쇼핑검색,02.커튼여_MO@naver_shoppingsearch,1.B01_전동커튼_MO@cpc_curtainset,153395,49333,121,14,0,0,0.002452719275,0.1157024793
2025-12,쇼핑검색,02.커튼여_MO@naver_shoppingsearch,1.B07_자동커튼_MO@cpc_curtainset,0,19,0,0,0,0,0,0
2025-12,쇼핑검색,02.커튼여_PC@naver_shoppingsearch,1.A01_전동커튼_PC@cpc_curtainset,0,1,0,0,0,0,0,0
2025-12,쇼핑검색,03.조명_MO@naver_shoppingsearch,03-1.라인LED_MO@cpc_ls06_h,21923,3447,22,0,0,0,0.006382361474,0
2025-12,쇼핑검색,03.조명_MO@naver_shoppingsearch,03-1.라인LED_MO@cpc_ls06_h-s,194524,23269,179,7,1478600,7.601118628,0.007692638274,0.03910614525
2025-12,쇼핑검색,03.조명_MO@naver_shoppingsearch,03-2.전구_MO@cpc_lb03_h-s,53922,10028,95,4,71600,1.327843923,0.009473474272,0.04210526316
2025-12,쇼핑검색,03.조명_MO@naver_shoppingsearch,03-2.전구_MO@cpc_lb03r_h,263010,12518,271,46,318600,1.211360785,0.02164882569,0.1697416974
2025-12,쇼핑검색,03.조명_MO@naver_shoppingsearch,03-3.무드등_MO@cpc_md08_h,261767,17835,266,54,440600,1.68317626,0.01491449397,0.2030075188
2025-12,쇼핑검색,03.조명_MO@naver_shoppingsearch,03-3.무드등_MO@cpc_md08_h-s,317207,20885,402,24,1163600,3.668267094,0.0192482643,0.05970149254
2025-12,쇼핑검색,03.조명_MO@naver_shoppingsearch,03-4.스타라이트_MO@cpc_sl24_h,67562,14227,83,0,0,0,0.005833977648,0
2025-12,쇼핑검색,03.조명_MO@naver_shoppingsearch,03-4.스타라이트_MO@cpc_sl24_h-s,27060,3554,37,2,99800,3.688100517,0.01041080473,0.05405405405
2025-12,쇼핑검색,03.조명_MO@naver_shoppingsearch,03-5.싱크라이트_MO@cpc_sy27_h,43703,3468,37,11,271500,6.212388166,0.01066897347,0.2972972973
2025-12,쇼핑검색,03.조명_MO@naver_shoppingsearch,03-5.싱크라이트_MO@cpc_sy27_h-s,8569,1789,13,0,0,0,0.007266629402,0
2025-12,쇼핑검색,03.조명_PC@naver_shoppingsearch,03-1.라인LED_PC@cpc_ls06_h,33187,5024,27,0,0,0,0.005374203822,0
2025-12,쇼핑검색,03.조명_PC@naver_shoppingsearch,03-1.라인LED_PC@cpc_ls06_h-s,6006,1047,5,0,0,0,0.004775549188,0
2025-12,쇼핑검색,03.조명_PC@naver_shoppingsearch,03-2.전구_PC@cpc_lb03_h,122364,9993,148,13,473500,3.869602171,0.01481036726,0.08783783784
2025-12,쇼핑검색,03.조명_PC@naver_shoppingsearch,03-2.전구_PC@cpc_lb03r_h-s,39424,5402,49,1,11900,0.3018465909,0.00907071455,0.02040816327
2025-12,쇼핑검색,03.조명_PC@naver_shoppingsearch,03-3.무드등_PC@cpc_md08_h,197340,13814,165,23,348100,1.763960677,0.01194440423,0.1393939394
2025-12,쇼핑검색,03.조명_PC@naver_shoppingsearch,03-3.무드등_PC@cpc_md08_h-s,13794,4510,45,7,331200,24.01043932,0.009977827051,0.1555555556
2025-12,쇼핑검색,03.조명_PC@naver_shoppingsearch,03-4.스타라이트_PC@cpc_sl24_h,1331,544,3,0,0,0,0.005514705882,0
2025-12,쇼핑검색,03.조명_PC@naver_shoppingsearch,03-4.스타라이트_PC@cpc_sl24_h-s,6314,1875,9,0,0,0,0.0048,0
2025-12,쇼핑검색,03.조명_PC@naver_shoppingsearch,03-5.싱크라이트_PC@cpc_sy27_h,4719,410,7,0,0,0,0.01707317073,0
2025-12,쇼핑검색,03.조명_PC@naver_shoppingsearch,03-5.싱크라이트_PC@cpc_sy27_h-s,14641,5541,16,1,44900,3.066730415,0.002887565421,0.0625
2025-12,쇼핑검색,04.센서_MO@naver_shoppingsearch,04-1.스마트온습도계_MO@cpc_th14_h,18777,848,28,3,59800,3.184747297,0.03301886792,0.1071428571
2025-12,쇼핑검색,04.센서_MO@naver_shoppingsearch,04-1.스마트온습도계_MO@cpc_th14_h-s,631290,17146,755,21,1010490,1.600674809,0.04403359384,0.02781456954
2025-12,쇼핑검색,04.센서_MO@naver_shoppingsearch,04-2.온습도센서_MO@cpc_th02_h,161645,12598,172,7,0,0,0.01365296079,0.04069767442
2025-12,쇼핑검색,04.센서_MO@naver_shoppingsearch,04-2.온습도센서_MO@cpc_th02_h-s,97449,17645,142,1,47380,0.4862030395,0.008047605554,0.007042253521
2025-12,쇼핑검색,04.센서_MO@naver_shoppingsearch,04-4.도어센서_MO@cpc_do02_h,42801,3703,99,75,107390,2.509053527,0.02673507967,0.7575757576
2025-12,쇼핑검색,04.센서_MO@naver_shoppingsearch,04-4.도어센서_MO@cpc_do02_h-s,297176,10372,526,32,1370360,4.611274127,0.05071345931,0.0608365019
2025-12,쇼핑검색,04.센서_MO@naver_shoppingsearch,04-5.모션센서_MO@cpc_mo02_h,59191,2903,96,2,0,0,0.03306923872,0.02083333333
2025-12,쇼핑검색,04.센서_MO@naver_shoppingsearch,04-5.모션센서_MO@cpc_mo02_h-s,34573,3839,46,1,146500,4.237410696,0.01198228705,0.02173913043
2025-12,쇼핑검색,04.센서_MO@naver_shoppingsearch,04-6.스마트사이렌_MO@cpc_sa14_h,1474,1710,5,0,0,0,0.002923976608,0
2025-12,쇼핑검색,04.센서_MO@naver_shoppingsearch,04-7.화재감지센서_MO@cpc_ss26_h,6193,632,13,0,0,0,0.02056962025,0
2025-12,쇼핑검색,04.센서_MO@naver_shoppingsearch,04-7.화재감지센서_MO@cpc_ss26_h-s,17765,3654,59,1,89000,5.00985083,0.01614668856,0.01694915254
2025-12,쇼핑검색,04.센서_MO@naver_shoppingsearch,04-8.가스감지센서_MO@cpc_gs26_h,0,99,0,0,0,0,0,0
2025-12,쇼핑검색,04.센서_MO@naver_shoppingsearch,04-8.가스감지센서_MO@cpc_gs26_h-s,660,297,1,0,0,0,0.003367003367,0
2025-12,쇼핑검색,04.센서_MO@naver_shoppingsearch,04-9.누수감지센서_MO@cpc_ws26_h-s,55,38,1,0,0,0,0.02631578947,0
2025-12,쇼핑검색,04.센서_PC@naver_shoppingsearch,04-1.스마트온습도계_PC@cpc_th14_h,51755,1358,68,9,283600,5.479663801,0.0500736377,0.1323529412
2025-12,쇼핑검색,04.센서_PC@naver_shoppingsearch,04-1.스마트온습도계_PC@cpc_th14_h-s,1485,583,27,0,0,0,0.04631217839,0
2025-12,쇼핑검색,04.센서_PC@naver_shoppingsearch,04-2.온습도센서_PC@cpc_th02_h,82137,11459,82,12,87600,1.066510829,0.00715594729,0.1463414634
2025-12,쇼핑검색,04.센서_PC@naver_shoppingsearch,04-2.온습도센서_PC@cpc_th02_h-s,22330,5371,38,2,277300,12.41827138,0.007075032582,0.05263157895
2025-12,쇼핑검색,04.센서_PC@naver_shoppingsearch,04-4.도어센서_PC@cpc_do02_h,69553,1928,111,14,0,0,0.05757261411,0.1261261261
2025-12,쇼핑검색,04.센서_PC@naver_shoppingsearch,04-4.도어센서_PC@cpc_do02_h-s,18656,1547,38,1,52790,2.829652659,0.02456367162,0.02631578947
2025-12,쇼핑검색,04.센서_PC@naver_shoppingsearch,04-5.모션센서_PC@cpc_mo02_h,56100,2579,61,0,0,0,0.02365257852,0
2025-12,쇼핑검색,04.센서_PC@naver_shoppingsearch,04-5.모션센서_PC@cpc_mo02_h-s,7370,699,12,0,0,0,0.01716738197,0
2025-12,쇼핑검색,04.센서_PC@naver_shoppingsearch,04-6.스마트사이렌_MO@cpc_sa14_h,0,77,0,0,0,0,0,0
2025-12,쇼핑검색,04.센서_PC@naver_shoppingsearch,04-7.화재감지센서_PC@cpc_ss26_h,11176,859,16,6,0,0,0.01862630966,0.375
2025-12,쇼핑검색,04.센서_PC@naver_shoppingsearch,04-7.화재감지센서_PC@cpc_ss26_h-s,52811,10724,65,1,113000,2.139705743,0.006061171205,0.01538461538
2025-12,쇼핑검색,04.센서_PC@naver_shoppingsearch,04-8.가스감지센서_PC@cpc_gs26_h,0,8,0,0,0,0,0,0
2025-12,쇼핑검색,04.센서_PC@naver_shoppingsearch,04-9.누수감지센서_PC@cpc_ws26_h-s,0,4,0,0,0,0,0,0
2025-12,쇼핑검색,05.전원_MO@naver_shoppingsearch,05-3.플러그_MO@cpc_ep1_h-s,325633,18616,362,39,1037680,3.186654915,0.01944563816,0.1077348066
2025-12,쇼핑검색,05.전원_MO@naver_shoppingsearch,05-3.플러그_MO@cpc_ep2_h,206140,9188,202,68,636800,3.089162705,0.02198519808,0.3366336634
2025-12,쇼핑검색,05.전원_MO@naver_shoppingsearch,05-3.플러그_MO@cpc_ep3_h-s,1971530,122891,2289,311,9844680,4.993421353,0.0186262623,0.1358671909
2025-12,쇼핑검색,05.전원_MO@naver_shoppingsearch,05-4.멀티탭_MO@cpc_ps03_h,283921,8217,184,18,326800,1.151024405,0.02239260071,0.09782608696
2025-12,쇼핑검색,05.전원_MO@naver_shoppingsearch,05-4.멀티탭_MO@cpc_ps03_h-s,198858,13557,186,11,478050,2.403976707,0.01371984952,0.05913978495
2025-12,쇼핑검색,05.전원_MO@naver_shoppingsearch,05-4.푸시봇_MO@cpc_fb42_h,559614,15202,626,114,1265900,2.262094944,0.04117879226,0.1821086262
2025-12,쇼핑검색,05.전원_MO@naver_shoppingsearch,05-4.푸시봇_MO@cpc_fb42_h-s,237259,22318,332,28,1896740,7.994385882,0.01487588494,0.0843373494
2025-12,쇼핑검색,05.전원_MO@naver_shoppingsearch,05-5. 멀티어댑터_MO@cpc_ma481_h,294415,104605,217,23,179400,0.6093439533,0.002074470628,0.1059907834
2025-12,쇼핑검색,05.전원_MO@naver_shoppingsearch,05-6. 피카스위치_MO@cpc_sw012_h,65153,4209,84,26,370200,5.682010038,0.0199572345,0.3095238095
2025-12,쇼핑검색,05.전원_MO@naver_shoppingsearch,05-6.플러그_MO@cpc_pg192_h-s,129459,11265,179,8,405600,3.133038259,0.01588992455,0.04469273743
2025-12,쇼핑검색,05.전원_PC@naver_shoppingsearch,05-3.플러그_PC@cpc_ep1_h-s,46222,13563,62,2,31800,0.6879840768,0.004571260046,0.03225806452
2025-12,쇼핑검색,05.전원_PC@naver_shoppingsearch,05-3.플러그_PC@cpc_ep2_h,129855,6594,144,41,547100,4.213160833,0.02183803458,0.2847222222
2025-12,쇼핑검색,05.전원_PC@naver_shoppingsearch,05-3.플러그_PC@cpc_ep3_h-s,274923,23017,369,48,2132150,7.755444252,0.0160316288,0.1300813008
2025-12,쇼핑검색,05.전원_PC@naver_shoppingsearch,05-4.멀티탭_PC@cpc_ps03_h,385,320,1,0,0,0,0.003125,0
2025-12,쇼핑검색,05.전원_PC@naver_shoppingsearch,05-4.멀티탭_PC@cpc_ps03_h-s,112695,4711,94,11,627800,5.570788411,0.01995330079,0.1170212766
2025-12,쇼핑검색,05.전원_PC@naver_shoppingsearch,05-4.푸시봇_PC@cpc_fb42_h,248930,9003,241,71,277200,1.113566063,0.02676885483,0.2946058091
2025-12,쇼핑검색,05.전원_PC@naver_shoppingsearch,05-4.푸시봇_PC@cpc_fb42_h-s,318153,26812,305,20,1312100,4.124116384,0.01137550351,0.06557377049
2025-12,쇼핑검색,05.전원_PC@naver_shoppingsearch,05-5. 멀티어댑터_PC@cpc_ma481_h ,16984,25645,17,3,29900,1.760480452,0.0006628972509,0.1764705882
2025-12,쇼핑검색,05.전원_PC@naver_shoppingsearch,05-6. 피카스위치_PC@cpc_sw012_h ,72523,3823,76,9,140700,1.940074183,0.01987967565,0.1184210526
2025-12,쇼핑검색,05.전원_PC@naver_shoppingsearch,05-6.플러그_PC@cpc_pg192_h-s,18568,1578,32,2,119000,6.408875485,0.02027883397,0.0625
2025-12,쇼핑검색,07.반려_MO@naver_shoppingsearch,1.B01_스마트급식기_MO@cpc_petcare,176924,8132,92,14,138200,0.7811263593,0.01131333005,0.152173913
2025-12,쇼핑검색,07.반려_MO@naver_shoppingsearch,1.B02_강아지급식기_MO@cpc_petcare,462770,8128,225,61,565400,1.221773235,0.02768208661,0.2711111111
2025-12,쇼핑검색,07.반려_MO@naver_shoppingsearch,1.B03_고양이급식기_MO@cpc_petcare,90420,2938,51,1,150800,1.667772617,0.01735874745,0.01960784314
2025-12,쇼핑검색,07.반려_MO@naver_shoppingsearch,1.B04_펫급식기_MO@cpc_petcare,344267,8233,175,26,977200,2.838494541,0.02125592129,0.1485714286
2025-12,쇼핑검색,07.반려_MO@naver_shoppingsearch,1.B05_자동급식기_MO@cpc_petcare,68904,3900,34,7,354900,5.150644375,0.008717948718,0.2058823529
2025-12,쇼핑검색,07.반려_MO@naver_shoppingsearch,2.B01_펫정수기_MO@cpc_pw30,5522,223,11,0,0,0,0.04932735426,0
2025-12,쇼핑검색,07.반려_MO@naver_shoppingsearch,3.B01_고양이장난감_MO@cpc_pt40,54868,8439,64,8,140200,2.555223445,0.007583836948,0.125
2025-12,쇼핑검색,07.반려_MO@naver_shoppingsearch,3.B01_고양이장난감_MO@cpc_pt40_h-s,769043,36205,625,84,2637360,3.429405118,0.017262809,0.1344
2025-12,쇼핑검색,07.반려_MO@naver_shoppingsearch,★07-1.자동급식기_MO@cpc_petcare,307175,7612,156,17,435500,1.417758607,0.02049395691,0.108974359
2025-12,쇼핑검색,07.반려_MO@naver_shoppingsearch,★07-1.자동급식기_MO@cpc_pf32_h-s,11231,1439,19,4,371850,33.10925118,0.01320361362,0.2105263158
2025-12,쇼핑검색,07.반려_MO@naver_shoppingsearch,★07-1.펫급식기_MO@cpc_petcare,58322,397120,91,0,0,0,0.0002291498791,0
2025-12,쇼핑검색,07.반려_MO@naver_shoppingsearch,★07-2.펫정수기_MO@cpc_pw30_h,63899,1691,48,2,39900,0.6244229174,0.02838557067,0.04166666667
2025-12,쇼핑검색,07.반려_MO@naver_shoppingsearch,★07-2.펫정수기_MO@cpc_pw30_h-s,98373,4937,109,6,213130,2.166549765,0.02207818513,0.05504587156
2025-12,쇼핑검색,07.반려_PC@naver_shoppingsearch,1.B01_스마트급식기_PC@cpc_petcare,20944,428109,50,0,0,0,0.000116792686,0
2025-12,쇼핑검색,07.반려_PC@naver_shoppingsearch,1.B01_스마트급식기_PC@cpc_pf32_h-s,9790,1053,13,3,155250,15.85801839,0.01234567901,0.2307692308
2025-12,쇼핑검색,07.반려_PC@naver_shoppingsearch,1.B02_강아지급식기_PC@cpc_petcare,33979,1268,20,1,0,0,0.01577287066,0.05
2025-12,쇼핑검색,07.반려_PC@naver_shoppingsearch,1.B03_고양이급식기_PC@cpc_petcare,19965,805,10,6,155000,7.763586276,0.01242236025,0.6
2025-12,쇼핑검색,07.반려_PC@naver_shoppingsearch,1.B04_펫급식기_PC@cpc_petcare,254353,4150,124,9,300500,1.181428959,0.02987951807,0.07258064516
2025-12,쇼핑검색,07.반려_PC@naver_shoppingsearch,1.B05_자동급식기_PC@cpc_petcare,0,51,0,0,0,0,0,0
2025-12,쇼핑검색,07.반려_PC@naver_shoppingsearch,2.B01_펫정수기_PC@cpc_pw30,0,6,0,0,0,0,0,0
2025-12,쇼핑검색,07.반려_PC@naver_shoppingsearch,3.B01_고양이장난감_PC@cpc_pt40,1738,886,7,1,32900,18.92980437,0.007900677201,0.1428571429
2025-12,쇼핑검색,07.반려_PC@naver_shoppingsearch,3.B01_고양이장난감_PC@cpc_pt40_h-s,59851,5777,63,6,206400,3.448563934,0.01090531418,0.09523809524
2025-12,쇼핑검색,07.반려_PC@naver_shoppingsearch,★07-1.자동급식기_PC@cpc_petcare,0,4,0,0,0,0,0,0
2025-12,쇼핑검색,07.반려_PC@naver_shoppingsearch,★07-1.펫급식기_PC@cpc_petcare,13860,11260,8,1,129000,9.307359307,0.0007104795737,0.125
2025-12,쇼핑검색,07.반려_PC@naver_shoppingsearch,★07-2.펫정수기_PC@cpc_pw30_h,0,96,0,0,0,0,0,0
2025-12,쇼핑검색,07.반려_PC@naver_shoppingsearch,★07-2.펫정수기_PC@cpc_pw30_h-s,21604,872,18,2,15800,0.731346047,0.02064220183,0.1111111111
2025-12,쇼핑검색,07.스스반려_MO@shoppingsearch,01.카메라형 급식기_MO@cpc_pf321_h-s,102597,40905,116,2,249700,2.43379436,0.002835839139,0.01724137931
2025-12,쇼핑검색,07.스스반려_MO@shoppingsearch,02.급식기care_MO@cpc_petcare_h-s,59796,6966,67,7,862060,14.41668339,0.009618145277,0.1044776119
2025-12,쇼핑검색,07.스스반려_PC@shoppingsearch,01.카메라형 급식기_PC@cpc_pf321_h-s,3421,4707,7,0,0,0,0.001487146803,0
2025-12,쇼핑검색,07.스스반려_PC@shoppingsearch,02.급식기care_PC@cpc_petcare_h-s,2805,997,4,0,0,0,0.004012036108,0
2025-12,쇼핑검색,08.리빙_MO@naver_shoppingsearch,08-2.리모컨허브_MO@cpc_ir441_h,332354,72727,265,36,505200,1.520065954,0.003643763664,0.1358490566
2025-12,쇼핑검색,08.리빙_MO@naver_shoppingsearch,08-2.리모컨허브_MO@cpc_ir441_h-s,252384,99708,329,51,2026300,8.028638899,0.003299634934,0.1550151976
2025-12,쇼핑검색,08.리빙_MO@naver_shoppingsearch,08-3.스마트버튼_MO@cpc_t402_h-s,55,180,1,0,0,0,0.005555555556,0
2025-12,쇼핑검색,08.리빙_PC@naver_shoppingsearch,08-2.리모컨허브_PC@cpc_ir441_h,68354,21614,82,59,335600,4.909734617,0.003793837328,0.7195121951
2025-12,쇼핑검색,08.리빙_PC@naver_shoppingsearch,08-2.리모컨허브_PC@cpc_ir441_h-s,71698,55466,82,11,333500,4.651454713,0.001478383154,0.1341463415
2025-12,쇼핑검색,08.리빙_PC@naver_shoppingsearch,08-3.스마트버튼_PC@cpc_t402_h-s,0,106,0,0,0,0,0,0
2025-12,쇼핑검색,10.스스멀티어댑터_MO@shoppingsearch,10-1. 멀티어댑터_MO@cpc_ma481_h-s,630168,121852,617,63,1501640,2.38292011,0.00506351968,0.1021069692
2025-12,쇼핑검색,10.스스멀티어댑터_PC@shoppingsearch,10-1. 멀티어댑터_PC@cpc_ma481_h-s,60467,61081,67,3,62700,1.036929234,0.001096904111,0.0447761194
2025-12,쇼핑검색,11.스스피카스위치_MO@shoppingsearch,01.피카 스위치_MO@cpc_sw012_h-s,398024,30994,418,14,1140830,2.866234197,0.01348648125,0.03349282297
2025-12,쇼핑검색,11.스스피카스위치_PC@shoppingsearch,01.피카 스위치_PC@cpc_sw012_h-s,74382,7650,114,4,563200,7.571724342,0.01490196078,0.0350877193
2025-12,쇼핑검색,12.스스하츠_MO@shoppingsearch,01.하츠 환풍기_MO@cpc_g600s_h-s,10516,1875,17,0,0,0,0.009066666667,0
2025-12,쇼핑검색,12.스스하츠_PC@shoppingsearch,01.하츠 환풍기_PC@cpc_g600s_h-s,528,116,1,0,0,0,0.008620689655,0
2025-12,쇼핑검색,음처기_MO@naver_shoppingsearch,음식물쓰레기MO@cpc_fd471_h,51161,5491,19,0,0,0,0.003460207612,0
2025-12,쇼핑검색,음처기_MO@naver_shoppingsearch,음식물처리기_MO@cpc_fd471_h-s,3120282,164253,1321,24,6558200,2.101797209,0.008042471066,0.0181680545
2025-12,쇼핑검색,음처기_MO@naver_shoppingsearch,음식물처리기분쇄_MO@cpc_fd471_h-s,1599026,65551,553,7,2033400,1.271649116,0.008436179463,0.01265822785
2025-12,쇼핑검색,음처기_MO@naver_shoppingsearch,음식물처리기분쇄기_MO@cpc_fd471_h-s,1603514,86733,600,1,345900,0.2157137387,0.006917782159,0.001666666667
2025-12,쇼핑검색,음처기_MO@naver_shoppingsearch,음식쓰레기처리기MO@cpc_fd471_h,757526,67999,285,16,714500,0.9432019495,0.004191238106,0.05614035088
2025-12,쇼핑검색,음처기_PC@naver_shoppingsearch,음식물쓰레기PC@cpc_fd471_h,2684,1059,1,0,0,0,0.0009442870633,0
2025-12,쇼핑검색,음처기_PC@naver_shoppingsearch,음식물처리기_PC@cpc_fd471_h-s,228624,16244,102,1,259000,1.132864441,0.006279241566,0.009803921569
2025-12,쇼핑검색,음처기_PC@naver_shoppingsearch,음식물처리기분쇄_PC@cpc_fd471_h-s,102993,12962,41,3,1396030,13.55461051,0.003163092115,0.07317073171
2025-12,쇼핑검색,음처기_PC@naver_shoppingsearch,음식물처리기분쇄기_PC@cpc_fd471_h-s,34111,3159,13,1,16900,0.4954413532,0.004115226337,0.07692307692
2025-12,쇼핑검색,음처기_PC@naver_shoppingsearch,음식쓰레기처리기PC@cpc_fd471_h,0,247,0,0,0,0,0,0
2025-12,쇼핑검색,음처기공식몰MO@naver_shoppingsearch,음식물처리기MO@cpc_fd471_h,732864,54398,282,8,987000,1.346771024,0.005184014118,0.02836879433
2025-12,쇼핑검색,음처기공식몰MO@naver_shoppingsearch,음식쓰레기처리기MO@cpc_fd471_h,91399,8827,35,0,0,0,0.003965107058,0
2025-12,쇼핑검색,음처기공식몰PC@naver_shoppingsearch,음식물분쇄기PC@cpc_fd471_h,0,328,0,0,0,0,0,0
2025-12,쇼핑검색,음처기공식몰PC@naver_shoppingsearch,음식물쓰레기PC@cpc_fd471_h,19162,1765,7,0,0,0,0.003966005666,0
2025-12,쇼핑검색,음처기공식몰PC@naver_shoppingsearch,음식물처리기PC@cpc_fd471_h,23529,1722,9,0,0,0,0.005226480836,0
2025-12,쇼핑검색,음처기공식몰PC@naver_shoppingsearch,음식쓰레기처리기PC@cpc_fd471_h,462561,20220,171,18,1140600,2.465836938,0.008456973294,0.1052631579
2025-12,파워링크,(공식몰)하츠_MO,(공식몰)하츠_MO_브랜드명,127754,9522,193,0,0,0,0.02026885108,0
2025-12,파워링크,(공식몰)하츠_PC,(공식몰)하츠_PC_브랜드명,12254,1899,21,0,0,0,0.01105845182,0
2025-12,파워링크,00.브랜드_MO@naver_powerlink,00-1.자사명_MO@cpc_hejhome_h,1620168,67407,1864,578,12380470,7.641472983,0.02765291439,0.3100858369
2025-12,파워링크,00.브랜드_PC@naver_powerlink,00-1.자사명_PC@cpc_hejhome_h,560945,16488,913,316,6815720,12.15042473,0.05537360505,0.3461117196
2025-12,파워링크,01.홈카메라_메인_MO@naver_powerlink,01-1.홈CCTV_MO@cpc_mc0511_h,334488,29078,309,17,494300,1.477780967,0.01062659055,0.05501618123
2025-12,파워링크,01.홈카메라_메인_MO@naver_powerlink,01-1.홈카메라_MO@cpc_mc0511_h,34177,8054,44,2,0,0,0.005463123914,0.04545454545
2025-12,파워링크,01.홈카메라_메인_MO@naver_powerlink,01-1.홈캠_MO@cpc_mc0511_h,645370,19899,587,85,1847700,2.863008817,0.0294989698,0.1448040886
2025-12,파워링크,01.홈카메라_메인_PC@naver_powerlink,01-1.홈CCTV_PC@cpc_mc0511_h,18469,5853,25,0,0,0,0.004271313856,0
2025-12,파워링크,01.홈카메라_메인_PC@naver_powerlink,01-1.홈카메라_PC@cpc_mc0511_h,35046,2386,27,2,0,0,0.01131601006,0.07407407407
2025-12,파워링크,01.홈카메라_메인_PC@naver_powerlink,01-1.홈캠_PC@cpc_mc0511_h,92246,4065,73,4,115700,1.254254927,0.01795817958,0.05479452055
2025-12,파워링크,01.홈카메라_쿠팡_MO@naver_powerlink,01-1 쿠팡+전환_1_MO@cpc_MC0511_h,750992,54407,823,291,4819000,6.416845985,0.01512673002,0.3535844471
2025-12,파워링크,01.홈카메라_쿠팡_MO@naver_powerlink,01-1 쿠팡+전환_2_MO@cpc_MC0511_h,746251,71095,986,252,4362070,5.8453121,0.01386876714,0.2555780933
2025-12,파워링크,01.홈카메라_쿠팡_MO@naver_powerlink,01-1 쿠팡+전환_3_MO@cpc_MC0511_h,84601,20283,120,8,147700,1.745842248,0.005916284573,0.06666666667
2025-12,파워링크,01.홈카메라_쿠팡_PC@naver_powerlink, 01-1 쿠팡+전환_1_PC@cpc_MC0511_h,602338,52891,557,114,2717900,4.512250597,0.01053109225,0.2046678636
2025-12,파워링크,01.홈카메라_쿠팡_PC@naver_powerlink,01-1 쿠팡+전환_2_PC@cpc_MC0511_h,15213,20879,26,0,0,0,0.001245270367,0
2025-12,파워링크,01.홈카메라_쿠팡_PC@naver_powerlink,01-1 쿠팡+전환_3_PC@cpc_MC0511_h,10648,2608,17,0,0,0,0.006518404908,0
2025-12,파워링크,01.홈카메라_확장_MO@naver_powerlink,01-2.홈CCTV+반려1_MO@cpc_MC0511_h,88,319,1,0,0,0,0.003134796238,0
2025-12,파워링크,01.홈카메라_확장_MO@naver_powerlink,01-2.홈CCTV+반려2_MO@cpc_mc0511_h,0,30,0,0,0,0,0,0
2025-12,파워링크,01.홈카메라_확장_MO@naver_powerlink,01-2.홈CCTV+반려3_MO@cpc_mc0511_h,3146,207,5,0,0,0,0.02415458937,0
2025-12,파워링크,01.홈카메라_확장_MO@naver_powerlink,01-2.홈CCTV+반려4_MO@cpc_mc0511_h,28677,688,29,1,0,0,0.04215116279,0.03448275862
2025-12,파워링크,01.홈카메라_확장_MO@naver_powerlink,01-2.홈CCTV+보안_1_MO@cpc_mc058_h,1859,153,2,1,0,0,0.01307189542,0.5
2025-12,파워링크,01.홈카메라_확장_MO@naver_powerlink,01-2.홈CCTV+보안_2_MO@cpc_mc058_h,572,49,1,0,0,0,0.02040816327,0
2025-12,파워링크,01.홈카메라_확장_MO@naver_powerlink,01-2.홈CCTV+보안_3_MO@cpc_mc058_h,1188,89,1,0,0,0,0.01123595506,0
2025-12,파워링크,01.홈카메라_확장_MO@naver_powerlink,01-2.홈CCTV+보안_4_MO@cpc_mc058_h,869,175,1,0,0,0,0.005714285714,0
2025-12,파워링크,01.홈카메라_확장_MO@naver_powerlink,01-2.홈CCTV+보안_5_MO@cpc_mc058_h,4477,454,6,0,0,0,0.01321585903,0
2025-12,파워링크,01.홈카메라_확장_MO@naver_powerlink,01-2.홈CCTV+보안_6_MO@cpc_mc058_h,6292,799,7,0,0,0,0.008760951189,0
2025-12,파워링크,01.홈카메라_확장_MO@naver_powerlink,01-2.홈CCTV+보안_7_MO@cpc_mc058_h,4455,637,7,0,0,0,0.01098901099,0
2025-12,파워링크,01.홈카메라_확장_MO@naver_powerlink,01-2.홈CCTV+보안_8_MO@cpc_mc058_h,12881,1422,10,0,0,0,0.007032348805,0
2025-12,파워링크,01.홈카메라_확장_MO@naver_powerlink,01-2.홈CCTV+어른_1_MO@cpc_mc058_h,17270,684,23,0,0,0,0.03362573099,0
2025-12,파워링크,01.홈카메라_확장_MO@naver_powerlink,01-2.홈CCTV+어른_2_MO@cpc_mc058_h,17776,389,25,0,0,0,0.06426735219,0
2025-12,파워링크,01.홈카메라_확장_MO@naver_powerlink,01-2.홈CCTV+어른_3_MO@cpc_mc058_h,19932,484,30,0,0,0,0.06198347107,0
2025-12,파워링크,01.홈카메라_확장_MO@naver_powerlink,01-2.홈CCTV+육아_1_MO@cpc_mc058_h,726,57,1,0,0,0,0.01754385965,0
2025-12,파워링크,01.홈카메라_확장_MO@naver_powerlink,01-2.홈CCTV+육아_2_MO@cpc_mc058_h,0,4,0,0,0,0,0,0
2025-12,파워링크,01.홈카메라_확장_MO@naver_powerlink,01-2.홈CCTV+육아_3_MO@cpc_mc058_h,0,2,0,0,0,0,0,0
2025-12,파워링크,01.홈카메라_확장_MO@naver_powerlink,01-2.홈CCTV+육아_4_MO@cpc_mc058_h,0,30,0,0,0,0,0,0
2025-12,파워링크,01.홈카메라_확장_MO@naver_powerlink,01-2.홈CCTV+육아_5_MO@cpc_mc058_h,6138,712,8,5,153600,25.02443793,0.01123595506,0.625
2025-12,파워링크,01.홈카메라_확장_MO@naver_powerlink,01-2.홈CCTV+육아_6_MO@cpc_mc058_h,550,36,2,0,0,0,0.05555555556,0
2025-12,파워링크,01.홈카메라_확장_MO@naver_powerlink,01-2.홈CCTV+육아_7_MO@cpc_mc058_h,737,56,1,0,0,0,0.01785714286,0
2025-12,파워링크,01.홈카메라_확장_MO@naver_powerlink,01-2.홈CCTV+육아_8_MO@cpc_mc058_h,891,48,1,0,0,0,0.02083333333,0
2025-12,파워링크,01.홈카메라_확장_MO@naver_powerlink,01-2.홈카메라+반려_1_MO@cpc_mc058_h,9119,762,11,3,102800,11.27316592,0.01443569554,0.2727272727
2025-12,파워링크,01.홈카메라_확장_MO@naver_powerlink,01-2.홈카메라+반려_2_MO@cpc_mc058_h,671,57,1,0,0,0,0.01754385965,0
2025-12,파워링크,01.홈카메라_확장_MO@naver_powerlink,01-2.홈카메라+보안_1_MO@cpc_mc058_h,8470,1309,12,0,0,0,0.009167303285,0
2025-12,파워링크,01.홈카메라_확장_MO@naver_powerlink,01-2.홈카메라+보안_2_MO@cpc_mc058_h,13288,976,18,0,0,0,0.01844262295,0
2025-12,파워링크,01.홈카메라_확장_MO@naver_powerlink,01-2.홈카메라+보안_3_MO@cpc_mc058_h,1265,198,3,0,0,0,0.01515151515,0
2025-12,파워링크,01.홈카메라_확장_MO@naver_powerlink,01-2.홈카메라+어른_MO@cpc_mc058_h,28842,1055,53,10,84900,2.943623882,0.05023696682,0.1886792453
2025-12,파워링크,01.홈카메라_확장_MO@naver_powerlink,01-2.홈카메라+육아_1_MO@cpc_mc058_h,1155,234,1,0,0,0,0.004273504274,0
2025-12,파워링크,01.홈카메라_확장_MO@naver_powerlink,01-2.홈카메라+육아_2_MO@cpc_mc058_h,6534,2516,13,1,115700,17.7073768,0.005166931638,0.07692307692
2025-12,파워링크,01.홈카메라_확장_MO@naver_powerlink,01-2.홈캠+반려_MO@cpc_mc058_h,103741,2516,87,15,165100,1.591463356,0.03457869634,0.1724137931
2025-12,파워링크,01.홈카메라_확장_MO@naver_powerlink,01-2.홈캠+보안_1_MO@cpc_mc058_h,8316,256,11,0,0,0,0.04296875,0
2025-12,파워링크,01.홈카메라_확장_MO@naver_powerlink,01-2.홈캠+보안_2_MO@cpc_mc058_h,4818,701,7,13,328900,68.26484018,0.009985734665,1.857142857
2025-12,파워링크,01.홈카메라_확장_MO@naver_powerlink,01-2.홈캠+어른_MO@cpc_mc058_h,17457,816,36,0,0,0,0.04411764706,0
2025-12,파워링크,01.홈카메라_확장_MO@naver_powerlink,01-2.홈캠+육아_1_MO@cpc_mc058_h,6589,1537,14,0,0,0,0.009108653221,0
2025-12,파워링크,01.홈카메라_확장_MO@naver_powerlink,01-2.홈캠+육아_2_MO@cpc_mc058_h,2739,1599,3,0,0,0,0.001876172608,0
2025-12,파워링크,01.홈카메라_확장_MO@naver_powerlink,01-3.홈CCTV+대학생_MO@cpc_mc058_h,0,16,0,0,0,0,0,0
2025-12,파워링크,01.홈카메라_확장_MO@naver_powerlink,01-3.홈CCTV+임산부_MO@cpc_mc058_h,0,3,0,0,0,0,0,0
2025-12,파워링크,01.홈카메라_확장_MO@naver_powerlink,01-3.홈CCTV+자영업자_MO@cpc_mc058_h,0,114,0,0,0,0,0,0
2025-12,파워링크,01.홈카메라_확장_MO@naver_powerlink,01-3.홈CCTV+자취생_MO@cpc_mc058_h,0,165,0,0,0,0,0,0
2025-12,파워링크,01.홈카메라_확장_MO@naver_powerlink,01-3.홈카메라+대학생_MO@cpc_mc058_h,0,143,0,0,0,0,0,0
2025-12,파워링크,01.홈카메라_확장_MO@naver_powerlink,01-3.홈카메라+신혼부부_MO@cpc_mc058_h,0,21,0,0,0,0,0,0
2025-12,파워링크,01.홈카메라_확장_MO@naver_powerlink,01-3.홈카메라+임산부_MO@cpc_mc058_h,0,1,0,0,0,0,0,0
2025-12,파워링크,01.홈카메라_확장_MO@naver_powerlink,01-3.홈카메라+자영업자_MO@cpc_mc058_h,0,42,0,0,0,0,0,0
2025-12,파워링크,01.홈카메라_확장_MO@naver_powerlink,01-3.홈카메라+자취생_MO@cpc_mc058_h,2904,494,6,0,0,0,0.01214574899,0
2025-12,파워링크,01.홈카메라_확장_MO@naver_powerlink,01-3.홈캠+대학생_MO@cpc_mc058_h,0,31,0,0,0,0,0,0
2025-12,파워링크,01.홈카메라_확장_MO@naver_powerlink,01-3.홈캠+신혼부부_MO@cpc_mc058_h,0,3,0,0,0,0,0,0
2025-12,파워링크,01.홈카메라_확장_MO@naver_powerlink,01-3.홈캠+임산부_MO@cpc_mc058_h,0,3,0,0,0,0,0,0
2025-12,파워링크,01.홈카메라_확장_MO@naver_powerlink,01-3.홈캠+자영업자_MO@cpc_mc058_h,0,4,0,0,0,0,0,0
2025-12,파워링크,01.홈카메라_확장_MO@naver_powerlink,01-3.홈캠+자취생_MO@cpc_mc058_h,1584,31,3,0,0,0,0.09677419355,0
2025-12,파워링크,01.홈카메라_확장_PC@naver_powerlink,01-2.홈CCTV+반려1_PC@cpc_MC0511_h,0,11,0,0,0,0,0,0
2025-12,파워링크,01.홈카메라_확장_PC@naver_powerlink,01-2.홈CCTV+반려2_PC@cpc_mc0511_h,0,9,0,0,0,0,0,0
2025-12,파워링크,01.홈카메라_확장_PC@naver_powerlink,01-2.홈CCTV+반려3_PC@cpc_mc0511_h,0,45,0,0,0,0,0,0
2025-12,파워링크,01.홈카메라_확장_PC@naver_powerlink,01-2.홈CCTV+반려4_PC@cpc_mc0511_h,2277,197,3,6,145700,63.98770312,0.0152284264,2
2025-12,파워링크,01.홈카메라_확장_PC@naver_powerlink,01-2.홈CCTV+보안1_PC@cpc_mc0511_h,0,72,0,0,0,0,0,0
2025-12,파워링크,01.홈카메라_확장_PC@naver_powerlink,01-2.홈CCTV+보안2_PC@cpc_mc0511_h,0,30,0,0,0,0,0,0
2025-12,파워링크,01.홈카메라_확장_PC@naver_powerlink,01-2.홈CCTV+보안3_PC@cpc_mc0511_h,0,28,0,0,0,0,0,0
2025-12,파워링크,01.홈카메라_확장_PC@naver_powerlink,01-2.홈CCTV+보안4_PC@cpc_mc0511_h,0,24,0,0,0,0,0,0
2025-12,파워링크,01.홈카메라_확장_PC@naver_powerlink,01-2.홈CCTV+보안5_PC@cpc_mc0511_h,803,140,1,0,0,0,0.007142857143,0
2025-12,파워링크,01.홈카메라_확장_PC@naver_powerlink,01-2.홈CCTV+보안6_PC@cpc_mc0511_h,572,135,1,0,0,0,0.007407407407,0
2025-12,파워링크,01.홈카메라_확장_PC@naver_powerlink,01-2.홈CCTV+보안7_PC@cpc_mc0511_h,1023,270,2,0,0,0,0.007407407407,0
2025-12,파워링크,01.홈카메라_확장_PC@naver_powerlink,01-2.홈CCTV+보안8_PC@cpc_mc0511_h,2871,327,4,5,119800,41.72762104,0.0122324159,1.25
2025-12,파워링크,01.홈카메라_확장_PC@naver_powerlink,01-2.홈CCTV+어른1_PC@cpc_mc0511_h,2915,100,4,0,0,0,0.04,0
2025-12,파워링크,01.홈카메라_확장_PC@naver_powerlink,01-2.홈CCTV+어른2_PC@cpc_mc0511_h,2112,184,3,0,0,0,0.01630434783,0
2025-12,파워링크,01.홈카메라_확장_PC@naver_powerlink,01-2.홈CCTV+어른3_PC@cpc_mc0511_h,7403,195,11,0,0,0,0.05641025641,0
2025-12,파워링크,01.홈카메라_확장_PC@naver_powerlink,01-2.홈CCTV+육아1_PC@cpc_mc0511_h,0,3,0,0,0,0,0,0
2025-12,파워링크,01.홈카메라_확장_PC@naver_powerlink,01-2.홈CCTV+육아2_PC@cpc_mc0511_h,0,6,0,0,0,0,0,0
2025-12,파워링크,01.홈카메라_확장_PC@naver_powerlink,01-2.홈CCTV+육아4_PC@cpc_mc0511_h,0,1,0,0,0,0,0,0
2025-12,파워링크,01.홈카메라_확장_PC@naver_powerlink,01-2.홈CCTV+육아5_PC@cpc_mc0511_h,1540,104,1,0,0,0,0.009615384615,0
2025-12,파워링크,01.홈카메라_확장_PC@naver_powerlink,01-2.홈CCTV+육아6_PC@cpc_mc0511_h,0,5,0,0,0,0,0,0
2025-12,파워링크,01.홈카메라_확장_PC@naver_powerlink,01-2.홈CCTV+육아7_PC@cpc_mc0511_h,0,10,0,0,0,0,0,0
2025-12,파워링크,01.홈카메라_확장_PC@naver_powerlink,01-2.홈CCTV+육아8_PC@cpc_mc0511_h,0,12,0,0,0,0,0,0
2025-12,파워링크,01.홈카메라_확장_PC@naver_powerlink,01-2.홈카메라+반려1_PC@cpc_mc0511_h,6237,232,6,2,0,0,0.02586206897,0.3333333333
2025-12,파워링크,01.홈카메라_확장_PC@naver_powerlink,01-2.홈카메라+반려2_PC@cpc_mc0511_h,0,10,0,0,0,0,0,0
2025-12,파워링크,01.홈카메라_확장_PC@naver_powerlink,01-2.홈카메라+보안1_PC@cpc_mc0511_h,3003,309,4,0,0,0,0.01294498382,0
2025-12,파워링크,01.홈카메라_확장_PC@naver_powerlink,01-2.홈카메라+보안2_PC@cpc_mc0511_h,4961,318,5,2,218700,44.08385406,0.01572327044,0.4
2025-12,파워링크,01.홈카메라_확장_PC@naver_powerlink,01-2.홈카메라+보안3_PC@cpc_mc0511_h,858,106,1,0,0,0,0.009433962264,0
2025-12,파워링크,01.홈카메라_확장_PC@naver_powerlink,01-2.홈카메라+어른PC@cpc_mc0511_h,671,36,1,0,0,0,0.02777777778,0
2025-12,파워링크,01.홈카메라_확장_PC@naver_powerlink,01-2.홈카메라+육아_1_PC@cpc_mc058_h,0,56,0,0,0,0,0,0
2025-12,파워링크,01.홈카메라_확장_PC@naver_powerlink,01-2.홈카메라+육아_2_PC@cpc_mc058_h,2860,1180,4,0,0,0,0.003389830508,0
2025-12,파워링크,01.홈카메라_확장_PC@naver_powerlink,01-2.홈캠+반려_PC@cpc_mc058_h,20779,1366,17,8,74900,3.604600799,0.01244509517,0.4705882353
2025-12,파워링크,01.홈카메라_확장_PC@naver_powerlink,01-2.홈캠+보안_1_PC@cpc_mc058_h,2574,91,6,0,0,0,0.06593406593,0
2025-12,파워링크,01.홈카메라_확장_PC@naver_powerlink,01-2.홈캠+보안_2_PC@cpc_mc058_h,0,63,0,0,0,0,0,0
2025-12,파워링크,01.홈카메라_확장_PC@naver_powerlink,01-2.홈캠+어른_PC@cpc_mc058_h,627,150,3,0,0,0,0.02,0
2025-12,파워링크,01.홈카메라_확장_PC@naver_powerlink,01-2.홈캠+육아_1_PC@cpc_mc058_h,7249,998,13,1,0,0,0.0130260521,0.07692307692
2025-12,파워링크,01.홈카메라_확장_PC@naver_powerlink,01-2.홈캠+육아_2_PC@cpc_mc058_h,1089,675,4,0,0,0,0.005925925926,0
2025-12,파워링크,01.홈카메라_확장_PC@naver_powerlink,01-3.홈CCTV+자영업자_PC@cpc_mc058_h,0,7,0,0,0,0,0,0
2025-12,파워링크,01.홈카메라_확장_PC@naver_powerlink,01-3.홈CCTV+자취생_PC@cpc_mc058_h,935,95,2,0,0,0,0.02105263158,0
2025-12,파워링크,01.홈카메라_확장_PC@naver_powerlink,01-3.홈카메라+대학생_PC@cpc_mc058_h,1045,62,1,0,0,0,0.01612903226,0
2025-12,파워링크,01.홈카메라_확장_PC@naver_powerlink,01-3.홈카메라+신혼부부_PC@cpc_mc058_h,0,6,0,0,0,0,0,0
2025-12,파워링크,01.홈카메라_확장_PC@naver_powerlink,01-3.홈카메라+임산부_PC@cpc_mc058_h,1265,10,2,0,0,0,0.2,0
2025-12,파워링크,01.홈카메라_확장_PC@naver_powerlink,01-3.홈카메라+자영업자_PC@cpc_mc058_h,1111,68,2,0,0,0,0.02941176471,0
2025-12,파워링크,01.홈카메라_확장_PC@naver_powerlink,01-3.홈카메라+자취생_PC@cpc_mc058_h,429,126,1,0,0,0,0.007936507937,0
2025-12,파워링크,01.홈카메라_확장_PC@naver_powerlink,01-3.홈캠+대학생_PC@cpc_mc058_h,693,23,1,0,0,0,0.04347826087,0
2025-12,파워링크,01.홈카메라_확장_PC@naver_powerlink,01-3.홈캠+자취생_PC@cpc_mc058_h,0,84,0,0,0,0,0,0
2025-12,파워링크,01.홈캠스스_MO@naver_powerlink,01-2.홈캠_MO@cpc_MC0511_h-s,549087,159488,868,55,5211740,9.491647043,0.00544241573,0.0633640553
2025-12,파워링크,01.홈캠스스_PC@naver_powerlink,01-2.홈캠_PC@cpc_MC0511_h-s,98659,60743,183,12,1306940,13.24704284,0.003012692821,0.06557377049
2025-12,파워링크,03.반려_메인_MO@naver_powerlink,03-1.자동급식기_MO@cpc_petcare,284988,25035,315,6,127700,0.4480890423,0.01258238466,0.01904761905
2025-12,파워링크,03.반려_메인_MO@naver_powerlink,03-2.펫정수기_MO@cpc_pw30_h,743820,25271,618,87,896100,1.20472695,0.02445490879,0.140776699
2025-12,파워링크,03.반려_메인_MO@naver_powerlink,03-3.고양이 장난감_MO@cpc_pt40_h,124740,13057,116,3,37400,0.2998236332,0.008884123459,0.02586206897
2025-12,파워링크,03.반려_메인_PC@naver_powerlink,03-1.자동급식기_PC@cpc_petcare,2893,1049,4,0,0,0,0.003813155386,0
2025-12,파워링크,03.반려_메인_PC@naver_powerlink,03-2.펫정수기_PC@cpc_pw30_h,172502,6761,123,12,352400,2.042874865,0.01819257506,0.09756097561
2025-12,파워링크,03.반려_메인_PC@naver_powerlink,03-3.고양이 장난감_PC@cpc_pt40_h,116006,10433,125,15,115600,0.996500181,0.01198121346,0.12
2025-12,파워링크,03.반려_확장_MO@naver_powerlink,03-3.자동급식기+확장_1_MO@cpc_petcare,70796,5000,109,0,0,0,0.0218,0
2025-12,파워링크,03.반려_확장_MO@naver_powerlink,03-3.자동급식기+확장_2_MO@cpc_petcare,275,277,2,0,0,0,0.007220216606,0
2025-12,파워링크,03.반려_확장_MO@naver_powerlink,03-3.자동급식기+확장_3_MO@cpc_petcare,341,93,1,0,0,0,0.01075268817,0
2025-12,파워링크,03.반려_확장_MO@naver_powerlink,03-3.자동급식기+확장_4_MO@cpc_petcare,2838,259,8,0,0,0,0.03088803089,0
2025-12,파워링크,03.반려_확장_MO@naver_powerlink,03-3.자동급식기+확장_5_MO@cpc_petcare,1738,263,4,0,0,0,0.01520912548,0
2025-12,파워링크,03.반려_확장_MO@naver_powerlink,03-4.펫정수기+확장_1_MO@cpc_pw30_h,20284,3736,30,3,39900,1.96706764,0.008029978587,0.1
2025-12,파워링크,03.반려_확장_MO@naver_powerlink,03-4.펫정수기+확장_2_MO@cpc_pw30_h,11165,1302,27,5,0,0,0.02073732719,0.1851851852
2025-12,파워링크,03.반려_확장_PC@naver_powerlink,03-3.자동급식기+확장_1_PC@cpc_petcare,36850,1549,37,0,0,0,0.02388637831,0
2025-12,파워링크,03.반려_확장_PC@naver_powerlink,03-3.자동급식기+확장_2_PC@cpc_petcare,803,91,2,0,0,0,0.02197802198,0
2025-12,파워링크,03.반려_확장_PC@naver_powerlink,03-3.자동급식기+확장_3_PC@cpc_petcare,6127,407,15,0,0,0,0.03685503686,0
2025-12,파워링크,03.반려_확장_PC@naver_powerlink,03-3.자동급식기+확장_4_PC@cpc_petcare,517,95,1,0,0,0,0.01052631579,0
2025-12,파워링크,03.반려_확장_PC@naver_powerlink,03-3.자동급식기+확장_5_PC@cpc_petcare,1331,108,3,0,0,0,0.02777777778,0
2025-12,파워링크,03.반려_확장_PC@naver_powerlink,03-4.펫정수기+확장_1_PC@cpc_pw30_h,4037,903,5,0,0,0,0.00553709856,0
2025-12,파워링크,03.반려_확장_PC@naver_powerlink,03-4.펫정수기+확장_2_PC@cpc_pw30_h,627,961,2,0,0,0,0.002081165453,0
2025-12,파워링크,04.리모컨허브_메인_MO@naver_powerlink,04-1.리모컨허브_MO@cpc_ir44_h,103752,22535,124,4,36800,0.3546919577,0.005502551586,0.03225806452
2025-12,파워링크,04.리모컨허브_메인_PC@naver_powerlink,04-1.리모컨허브_PC@cpc_ir44_h,13948,11127,22,5,19900,1.426727846,0.001977172643,0.2272727273
2025-12,파워링크,05.커튼set_메인_MO@naver_powerlink,05-1.남_MO@cpc_curtainset_h,178926,11881,163,85,3702800,20.69458882,0.01371938389,0.5214723926
2025-12,파워링크,05.커튼set_메인_MO@naver_powerlink,05-1.여_MO@cpc_curtainset_h,851664,36940,575,27,0,0,0.01556578235,0.04695652174
2025-12,파워링크,05.커튼set_메인_MO@naver_powerlink,05-1.커튼set_MO@cpc_curtainset_h,143088,6325,150,32,1845700,12.89905513,0.02371541502,0.2133333333
2025-12,파워링크,05.커튼set_메인_PC@naver_powerlink,05-1.남_PC@cpc_curtainset_h,119526,9116,69,3,0,0,0.007569109258,0.04347826087
2025-12,파워링크,05.커튼set_메인_PC@naver_powerlink,05-1.여_PC@cpc_curtainset_h,86680,4666,58,13,518900,5.98638671,0.01243034719,0.224137931
2025-12,파워링크,05.커튼set_메인_PC@naver_powerlink,05-1.커튼set_PC@cpc_curtainset_h,42537,2777,48,0,0,0,0.01728483976,0
2025-12,파워링크,05.커튼set_확장_MO@naver_powerlink,05-1.신혼부부1_MO@cpc_curtainset_h,0,5,0,0,0,0,0,0
2025-12,파워링크,05.커튼set_확장_MO@naver_powerlink,05-1.신혼부부2_MO@cpc_curtainset_h,0,1,0,0,0,0,0,0
2025-12,파워링크,05.커튼set_확장_MO@naver_powerlink,05-2.원룸1_MO@cpc_curtainset_h,0,289,0,0,0,0,0,0
2025-12,파워링크,05.커튼set_확장_MO@naver_powerlink,05-2.원룸2_MO@cpc_curtainset_h,165,42,2,0,0,0,0.04761904762,0
2025-12,파워링크,05.커튼set_확장_MO@naver_powerlink,05-3.신혼집1_MO@cpc_curtainset_h,0,5,0,0,0,0,0,0
2025-12,파워링크,05.커튼set_확장_MO@naver_powerlink,05-3.신혼집2_MO@cpc_curtainset_h,0,15,0,0,0,0,0,0
2025-12,파워링크,05.커튼set_확장_MO@naver_powerlink,05-4.가정집1_MO@cpc_curtainset_h,77,5,1,0,0,0,0.2,0
2025-12,파워링크,05.커튼set_확장_MO@naver_powerlink,05-4.가정집2_MO@cpc_curtainset_h,0,2,0,0,0,0,0,0
2025-12,파워링크,05.커튼set_확장_MO@naver_powerlink,05-5.확장_MO@cpc_curtainset_h,21857,1217,41,61,795000,36.37278675,0.03368940016,1.487804878
2025-12,파워링크,05.커튼set_확장_PC@naver_powerlink,05-1.신혼부부1_PC@cpc_curtainset_h,0,4,0,0,0,0,0,0
2025-12,파워링크,05.커튼set_확장_PC@naver_powerlink,05-2.원룸1_PC@cpc_curtainset_h,0,72,0,0,0,0,0,0
2025-12,파워링크,05.커튼set_확장_PC@naver_powerlink,05-2.원룸2_PC@cpc_curtainset_h,0,22,0,0,0,0,0,0
2025-12,파워링크,05.커튼set_확장_PC@naver_powerlink,05-3.신혼집2_PC@cpc_curtainset_h,0,4,0,0,0,0,0,0
2025-12,파워링크,05.커튼set_확장_PC@naver_powerlink,05-4.가정집1_PC@cpc_curtainset_h,0,2,0,0,0,0,0,0
2025-12,파워링크,05.커튼set_확장_PC@naver_powerlink,05-4.가정집2_PC@cpc_curtainset_h,0,1,0,0,0,0,0,0
2025-12,파워링크,05.커튼set_확장_PC@naver_powerlink,05-5.확장_PC@cpc_curtainset_h,13574,464,18,0,0,0,0.03879310345,0
2025-12,파워링크,06.멀티탭_메인_MO@naver_powerlink,06-1.멀티탭_MO@cpc_ps03_h,100584,33514,120,2,0,0,0.003580593185,0.01666666667
2025-12,파워링크,06.멀티탭_메인_PC@naver_powerlink,06-1.멀티탭_PC@cpc_ps03_h,75922,18663,92,22,0,0,0.004929539731,0.2391304348
2025-12,파워링크,07.MO_new전환@naver_powerlink,01.MO_기본_라인LED@cpc_ls06_h,36630,23867,42,1,0,0,0.001759751959,0.02380952381
2025-12,파워링크,07.MO_new전환@naver_powerlink,01.MO_기본_스마트전구@cpc_lb03_h,157971,19397,219,18,39800,0.2519449772,0.01129040573,0.08219178082
2025-12,파워링크,07.MO_new전환@naver_powerlink,01.MO_기본_펫급식기@cpc_pf32_h,210859,11287,296,24,499900,2.370778577,0.02622486046,0.08108108108
2025-12,파워링크,07.PC_new전환@naver_powerlink,01.PC_기본_라인LED@cpc_ls06_h,14311,18357,15,2,0,0,0.0008171269815,0.1333333333
2025-12,파워링크,07.PC_new전환@naver_powerlink,01.PC_기본_스마트전구@cpc_lb03_h,26367,5833,42,4,43800,1.661167368,0.007200411452,0.09523809524
2025-12,파워링크,07.PC_new전환@naver_powerlink,01.PC_기본_펫급식기@cpc_pf32_h,62315,5092,81,3,404100,6.484794993,0.01590730558,0.03703703704
2025-12,파워링크,08.전원_메인_MO@naver_powerlink,08-2.전원기기_MO@cpc_power_h,99682,24669,173,32,350600,3.517184647,0.007012850136,0.1849710983
2025-12,파워링크,08.전원_메인_MO@naver_powerlink,08-3.멀티어댑터_MO@cpc_ma481_h,49500,18697,79,0,0,0,0.004225276782,0
2025-12,파워링크,08.전원_메인_MO@naver_powerlink,08-4.피카스위_MO@cpc_sw391_h,372218,42583,482,0,0,0,0.01131907099,0
2025-12,파워링크,08.전원_메인_PC@naver_powerlink,8-2.전원기기_PC@cpc_power_h,99990,17104,137,11,318400,3.184318432,0.008009822264,0.0802919708
2025-12,파워링크,08.전원_메인_PC@naver_powerlink,8-3.멀티어댑터_PC@cpc_ma481_h,21560,9171,29,0,0,0,0.003162141533,0
2025-12,파워링크,08.전원_메인_PC@naver_powerlink,8-4.피카스위치_PC@cpc_h,91465,21043,129,0,0,0,0.006130304614,0
2025-12,파워링크,08.전원_확장_MO@naver_powerlink,08-4.전원기기+확장_MO@cpc_power_h,3025,818,6,0,0,0,0.007334963325,0
2025-12,파워링크,08.전원_확장_PC@naver_powerlink,08-4.전원기기+확장_PC@cpc_power_h,539,190,1,1,0,0,0.005263157895,1
2025-12,파워링크,09.센서_메인_MO@naver_powerlink,09-1.온습도계_MO@cpc_th14_h,116215,3403,124,11,120590,1.037645743,0.03643843667,0.08870967742
2025-12,파워링크,09.센서_메인_PC@naver_powerlink,09-1.온습도계_PC@cpc_th14_h,33770,2606,40,1,0,0,0.01534919417,0.025
2025-12,파워링크,09.센서_확장_MO@naver_powerlink,09-2.온습도계+확장1_MO@cpc_th14_h,12111,3885,31,1,0,0,0.007979407979,0.03225806452
2025-12,파워링크,09.센서_확장_MO@naver_powerlink,09-2.온습도계+확장2_MO@cpc_th14_h,5709,511,15,3,0,0,0.02935420744,0.2
2025-12,파워링크,09.센서_확장_PC@naver_powerlink,09-2.온습도계+확장1_PC@cpc_th14_h,2563,859,6,0,0,0,0.006984866123,0
2025-12,파워링크,09.센서_확장_PC@naver_powerlink,09-2.온습도계+확장2_PC@cpc_th14_h,2200,327,4,0,0,0,0.0122324159,0
2025-12,파워링크,10.스스멀티어댑터_MO@naver_powerlink,10-1.멀티어댑터_MO@cpc_ma481_h-s,363165,67548,534,36,842200,2.319056076,0.00790548943,0.06741573034
2025-12,파워링크,10.스스멀티어댑터_PC@naver_powerlink,10-1.멀티어댑터_PC@cpc_ma481_h-s,48125,14155,82,3,79600,1.654025974,0.005793006005,0.03658536585
2025-12,파워링크,IoT인테리어@naver_powerlink,IoT인테리어_광고그룹@cpc_iot_h,693880,5786,46,0,0,0,0.00795022468,0
2025-12,파워링크,음처기_MO@naver_powerlink,메인키워드_MO@cpc_fd471_h,240724,26995,175,10,734800,3.052458417,0.006482681978,0.05714285714
2025-12,파워링크,음처기_MO@naver_powerlink,자상호_MO@cpc_fd471_h,21285,4772,42,9,285500,13.41320179,0.008801341157,0.2142857143
2025-12,파워링크,음처기_PC@naver_powerlink,메인키워드_PC@cpc_fd471_h,64559,11912,47,0,0,0,0.003945601075,0
2025-12,파워링크,음처기_PC@naver_powerlink,자상호_PC@cpc_fd471_h,7194,1617,10,0,0,0,0.006184291899,0